Loan_ID,Age,Gender,Marital_Status,Dependents,Employment_Type,Work_Experience,Monthly_Income,Coapplicant_Income,Existing_EMI,CIBIL_Score,Loan_Type,Loan_Amount,Loan_Tenure,Collateral_Value,Property_Area,Loan_Status
LN2025102971,40,Transgender,Married,0,Salaried,18,45800.0,0.0,1900.0,821,Home,1440000.0,240,2080000.0,Rural,1
LN2025107793,46,Male,Married,2,SENP,19,38400.0,0.0,0.0,748,Personal,280000.0,36,0.0,Semi-Urban,1
LN2025102488,24,Male,Single,0,Salaried,4,39400.0,23600.0,0.0,851,Home,2690000.0,240,3710000.0,Rural,1
LN2025106297,34,Male,Married,0,SENP,10,51000.0,0.0,0.0,747,Home,2180000.0,240,2940000.0,Urban,1
LN2025108470,23,Male,Single,0,Salaried,0,43500.0,0.0,0.0,801,Personal,460000.0,36,0.0,Semi-Urban,0
LN2025107888,41,Male,Married,2,SENP,20,59500.0,0.0,20800.0,606,Personal,160000.0,48,0.0,Rural,0
LN2025100905,45,Male,Married,0,SENP,22,40300.0,11300.0,4600.0,775,Home,2920000.0,180,4710000.0,Urban,0
LN2025109191,39,Female,Married,3,Salaried,14,37200.0,0.0,0.0,697,Home,1010000.0,180,1610000.0,Urban,0
LN2025103576,34,Male,Married,2,Salaried,10,63700.0,0.0,0.0,-1,Personal,440000.0,24,0.0,Urban,0
LN2025106302,39,Female,Married,1,SEP,11,135100.0,32400.0,28100.0,787,Home,7350000.0,120,8080000.0,Urban,0
LN2025107872,20,Female,Single,1,Salaried,0,33800.0,0.0,0.0,708,Vehicle,130000.0,12,140000.0,Rural,0
LN2025108157,40,Male,Married,1,Salaried,19,58900.0,0.0,16900.0,645,Personal,1190000.0,36,0.0,Semi-Urban,0
LN2025105285,25,Male,Single,0,SENP,4,29400.0,0.0,1700.0,772,Business,350000.0,36,0.0,Rural,1
LN2025101476,39,Male,Married,3,Salaried,17,95400.0,0.0,0.0,826,Personal,350000.0,36,0.0,Urban,1
LN2025108288,46,Male,Single,1,Salaried,23,78000.0,0.0,0.0,784,Vehicle,650000.0,36,770000.0,Urban,1
LN2025107556,42,Male,Married,0,Salaried,20,157600.0,0.0,19500.0,849,Personal,1470000.0,48,0.0,Urban,1
LN2025105586,25,Male,Single,0,Salaried,1,55200.0,0.0,21600.0,740,Personal,250000.0,24,0.0,Urban,0
LN2025105700,57,Female,Married,1,SENP,34,164200.0,0.0,0.0,664,Vehicle,60000.0,36,70000.0,Rural,1
LN2025107428,42,Male,Married,1,Salaried,20,96900.0,0.0,0.0,727,Personal,660000.0,48,0.0,Urban,1
LN2025108194,37,Male,Married,1,Salaried,16,124300.0,0.0,0.0,725,Personal,1110000.0,36,0.0,Urban,1
LN2025108370,41,Male,Married,1,SENP,14,43300.0,0.0,0.0,622,Vehicle,470000.0,60,510000.0,Rural,1
LN2025100639,42,Male,Married,0,Salaried,19,67900.0,0.0,0.0,728,Home,1830000.0,180,2430000.0,Urban,1
LN2025103934,31,Male,Single,0,Salaried,8,75500.0,0.0,22300.0,715,Home,6560000.0,300,8080000.0,Urban,0
LN2025107114,30,Male,Single,0,Salaried,8,33700.0,0.0,4500.0,698,Personal,270000.0,36,0.0,Rural,0
LN2025105868,42,Female,Married,3,SENP,13,62700.0,0.0,0.0,827,Personal,660000.0,36,0.0,Semi-Urban,1
LN2025108344,35,Male,Single,2,Salaried,13,70200.0,0.0,11000.0,673,Home,2150000.0,240,2740000.0,Semi-Urban,0
LN2025103653,37,Male,Married,2,Salaried,15,34400.0,0.0,8500.0,-1,Business,520000.0,84,0.0,Urban,0
LN2025100376,25,Male,Single,1,Salaried,7,68200.0,0.0,0.0,741,Vehicle,760000.0,84,890000.0,Urban,0
LN2025104010,29,Female,Married,1,Salaried,6,19500.0,0.0,0.0,773,Personal,140000.0,24,0.0,Rural,1
LN2025108312,30,Male,Married,1,Salaried,8,43600.0,0.0,0.0,731,Personal,180000.0,36,0.0,Semi-Urban,1
LN2025105756,39,Male,Single,0,Salaried,12,37600.0,0.0,10800.0,585,Home,1290000.0,240,1830000.0,Semi-Urban,0
LN2025107550,29,Male,Married,1,SEP,3,31600.0,87500.0,20600.0,635,Home,6450000.0,180,8850000.0,Urban,0
LN2025102621,37,Female,Married,1,SEP,11,445600.0,14400.0,0.0,802,Home,19750000.0,180,29680000.0,Urban,1
LN2025102770,31,Male,Married,1,SEP,2,136500.0,35300.0,55400.0,-1,Business,630000.0,60,2580000.0,Rural,0
LN2025109775,39,Male,Married,1,SENP,16,68900.0,41200.0,0.0,873,Home,4260000.0,240,7770000.0,Semi-Urban,1
LN2025101883,58,Male,Married,0,SENP,37,455300.0,31500.0,0.0,-1,Vehicle,4000000.0,36,4930000.0,Urban,1
LN2025100953,45,Male,Married,2,SEP,16,159000.0,0.0,20000.0,834,Personal,870000.0,12,0.0,Urban,1
LN2025108782,42,Female,Married,1,SENP,17,139500.0,42400.0,4400.0,777,Vehicle,1460000.0,60,1950000.0,Semi-Urban,1
LN2025108986,46,Male,Married,1,Salaried,21,35900.0,0.0,5500.0,787,Home,720000.0,120,970000.0,Urban,1
LN2025109085,30,Male,Single,2,SEP,3,72100.0,0.0,0.0,703,Business,720000.0,36,1610000.0,Urban,0
LN2025102383,45,Female,Married,2,SEP,15,126900.0,0.0,22700.0,-1,Home,5460000.0,240,14350000.0,Rural,0
LN2025108013,36,Male,Married,0,Salaried,13,57700.0,0.0,0.0,737,Personal,1220000.0,24,0.0,Rural,0
LN2025108761,34,Male,Married,1,Salaried,8,70400.0,0.0,12000.0,620,Vehicle,1600000.0,84,1680000.0,Urban,0
LN2025100010,39,Male,Married,1,SEP,8,61400.0,38500.0,31400.0,751,Home,2630000.0,300,3470000.0,Urban,1
LN2025108571,40,Male,Single,0,Salaried,16,48100.0,0.0,0.0,729,Personal,500000.0,60,0.0,Semi-Urban,1
LN2025100345,47,Male,Single,0,SEP,18,94100.0,0.0,21800.0,557,Vehicle,1130000.0,48,1430000.0,Urban,0
LN2025106312,37,Male,Married,1,Salaried,11,80200.0,0.0,2600.0,722,Home,2410000.0,240,3110000.0,Rural,1
LN2025103659,36,Male,Married,1,SENP,15,36600.0,0.0,7900.0,635,Business,200000.0,48,0.0,Urban,0
LN2025101198,38,Male,Married,1,Salaried,15,72500.0,0.0,0.0,799,Personal,260000.0,60,0.0,Urban,1
LN2025108609,22,Male,Single,0,Salaried,0,94600.0,0.0,8100.0,672,Business,1340000.0,36,1970000.0,Urban,0
LN2025100579,43,Male,Married,0,Salaried,23,82000.0,0.0,0.0,785,Home,2710000.0,180,6230000.0,Semi-Urban,1
LN2025107795,26,Female,Single,1,Salaried,2,16500.0,0.0,7200.0,734,Personal,100000.0,48,0.0,Rural,0
LN2025109643,37,Male,Married,3,Salaried,12,47400.0,16400.0,0.0,788,Personal,340000.0,60,0.0,Urban,1
LN2025102940,33,Male,Single,0,SEP,3,236100.0,0.0,0.0,-1,Vehicle,80000.0,12,90000.0,Urban,1
LN2025102417,34,Male,Single,3,Salaried,11,21700.0,0.0,7100.0,622,Vehicle,70000.0,12,90000.0,Rural,0
LN2025107478,37,Female,Single,1,Salaried,14,37400.0,0.0,4000.0,746,Business,140000.0,36,0.0,Semi-Urban,1
LN2025107940,43,Male,Married,2,SEP,15,78600.0,35100.0,0.0,774,Business,890000.0,84,1850000.0,Semi-Urban,1
LN2025104139,69,Male,Married,2,SENP,46,94800.0,0.0,0.0,805,Home,2080000.0,300,2450000.0,Rural,0
LN2025103445,37,Male,Single,2,Salaried,12,57400.0,0.0,15800.0,799,Personal,150000.0,48,0.0,Rural,1
LN2025109577,24,Male,Single,1,SEP,0,66700.0,0.0,0.0,809,Home,1260000.0,120,1880000.0,Semi-Urban,0
LN2025105857,30,Male,Married,1,Salaried,7,30100.0,0.0,0.0,695,Personal,240000.0,60,0.0,Urban,1
LN2025108105,41,Male,Married,3,Salaried,19,92700.0,0.0,0.0,673,Personal,610000.0,60,0.0,Urban,1
LN2025105266,34,Male,Married,2,Salaried,10,64000.0,0.0,0.0,773,Personal,380000.0,36,0.0,Semi-Urban,1
LN2025109022,27,Female,Married,2,Salaried,3,27500.0,0.0,0.0,704,Home,850000.0,300,1120000.0,Urban,1
LN2025102444,24,Male,Married,1,SEP,0,40000.0,0.0,7900.0,780,Business,630000.0,84,340000.0,Semi-Urban,0
LN2025101257,20,Female,Single,0,Salaried,0,31600.0,0.0,0.0,685,Vehicle,810000.0,60,1110000.0,Urban,0
LN2025109188,33,Male,Single,0,Salaried,9,11200.0,0.0,0.0,660,Personal,50000.0,60,0.0,Rural,0
LN2025100968,27,Male,Single,0,Salaried,6,38500.0,0.0,0.0,717,Vehicle,270000.0,48,350000.0,Rural,1
LN2025103851,34,Male,Married,2,Salaried,12,56100.0,0.0,3300.0,739,Personal,270000.0,60,0.0,Rural,1
LN2025101147,32,Male,Married,0,Salaried,7,43700.0,0.0,0.0,761,Personal,250000.0,36,0.0,Urban,1
LN2025104725,31,Male,Married,3,Salaried,8,76800.0,81300.0,0.0,750,Home,7800000.0,180,13610000.0,Urban,1
LN2025103652,40,Male,Married,3,SEP,12,32000.0,21400.0,0.0,716,Business,900000.0,48,2540000.0,Rural,1
LN2025100892,52,Male,Single,0,SENP,27,122500.0,0.0,0.0,751,Business,1410000.0,60,2670000.0,Urban,1
LN2025102542,28,Male,Married,1,SENP,2,44500.0,34000.0,0.0,-1,Home,1860000.0,240,2860000.0,Urban,0
LN2025107895,36,Male,Married,3,Salaried,12,19800.0,0.0,5700.0,740,Personal,150000.0,36,0.0,Urban,0
LN2025107943,42,Male,Married,1,Salaried,20,76900.0,51500.0,11300.0,718,Home,2850000.0,180,4610000.0,Urban,1
LN2025108159,32,Male,Married,1,Salaried,10,19500.0,0.0,0.0,703,Personal,100000.0,24,0.0,Rural,1
LN2025105376,38,Female,Married,2,SENP,12,71900.0,67700.0,0.0,738,Business,650000.0,60,0.0,Urban,1
LN2025105593,51,Transgender,Married,2,Salaried,27,101900.0,0.0,0.0,771,Personal,380000.0,48,0.0,Semi-Urban,1
LN2025100513,45,Male,Married,2,SEP,18,85700.0,0.0,6300.0,-1,Home,3260000.0,240,4060000.0,Rural,0
LN2025102355,48,Male,Married,2,SENP,28,169200.0,63900.0,34600.0,774,Vehicle,130000.0,24,140000.0,Urban,1
LN2025109047,38,Female,Married,1,Salaried,12,29600.0,0.0,0.0,-1,Personal,700000.0,48,0.0,Semi-Urban,0
LN2025106690,24,Male,Single,0,SENP,0,22800.0,0.0,0.0,-1,Home,560000.0,240,910000.0,Urban,0
LN2025100544,32,Male,Married,2,Salaried,9,43900.0,36900.0,9600.0,716,Vehicle,70000.0,36,80000.0,Semi-Urban,1
LN2025109670,23,Male,Single,0,Salaried,0,30600.0,0.0,0.0,791,Personal,140000.0,36,0.0,Semi-Urban,0
LN2025105724,24,Male,Married,3,SEP,0,80300.0,83400.0,0.0,831,Home,5040000.0,300,7500000.0,Rural,0
LN2025108740,33,Female,Married,2,Salaried,8,46700.0,0.0,4500.0,605,Personal,910000.0,60,0.0,Urban,0
LN2025106947,20,Male,Single,0,Salaried,0,23000.0,0.0,7800.0,727,Vehicle,220000.0,60,230000.0,Urban,0
LN2025103510,41,Male,Married,1,Salaried,19,50100.0,0.0,3800.0,827,Vehicle,240000.0,36,250000.0,Urban,1
LN2025109503,35,Male,Married,3,Salaried,14,76000.0,28800.0,0.0,688,Home,1620000.0,240,2410000.0,Urban,1
LN2025103242,29,Male,Single,0,Salaried,6,41700.0,56000.0,0.0,784,Home,2190000.0,300,4220000.0,Semi-Urban,1
LN2025106816,33,Female,Married,1,SEP,3,190100.0,0.0,0.0,792,Personal,2750000.0,60,0.0,Urban,1
LN2025106692,35,Male,Married,0,SENP,10,35800.0,24900.0,0.0,764,Business,270000.0,84,410000.0,Rural,1
LN2025108601,39,Male,Married,1,SENP,19,245700.0,20400.0,56100.0,650,Vehicle,4000000.0,48,4790000.0,Urban,0
LN2025108584,38,Male,Single,0,Salaried,17,75700.0,0.0,0.0,610,Personal,980000.0,48,0.0,Urban,0
LN2025106831,35,Male,Married,2,Salaried,13,102200.0,0.0,7700.0,746,Personal,310000.0,36,0.0,Urban,1
LN2025105686,53,Male,Married,2,SEP,24,111200.0,0.0,0.0,762,Home,4020000.0,120,5010000.0,Semi-Urban,0
LN2025105915,30,Male,Single,0,Salaried,8,60000.0,0.0,0.0,704,Personal,630000.0,48,0.0,Urban,0
LN2025103561,41,Male,Married,2,Salaried,19,78700.0,33800.0,12700.0,-1,Personal,2310000.0,24,0.0,Urban,1
LN2025105398,22,Male,Single,0,Salaried,2,54000.0,0.0,11200.0,759,Vehicle,360000.0,48,370000.0,Urban,1
LN2025109211,32,Male,Married,2,SENP,3,124700.0,31800.0,34900.0,769,Business,1160000.0,48,2770000.0,Urban,1
LN2025108527,38,Female,Married,1,Salaried,18,43100.0,23000.0,0.0,722,Home,2790000.0,240,3060000.0,Urban,0
LN2025109276,67,Male,Married,2,SENP,37,59300.0,0.0,0.0,698,Personal,780000.0,60,0.0,Rural,0
LN2025105559,33,Female,Married,1,SENP,6,8700.0,24400.0,6900.0,797,Home,1670000.0,240,1890000.0,Rural,0
LN2025106740,32,Male,Married,2,Salaried,11,85000.0,0.0,0.0,730,Vehicle,60000.0,36,70000.0,Urban,1
LN2025103839,32,Male,Single,0,Salaried,9,44000.0,0.0,0.0,769,Vehicle,250000.0,48,260000.0,Semi-Urban,1
LN2025100745,41,Male,Single,0,SENP,19,64100.0,0.0,0.0,-1,Home,2700000.0,300,5410000.0,Urban,0
LN2025101679,23,Male,Single,0,Salaried,0,22000.0,27800.0,0.0,671,Home,1510000.0,240,2290000.0,Rural,0
LN2025101160,30,Male,Married,1,Salaried,6,23000.0,28200.0,16800.0,626,Vehicle,100000.0,36,120000.0,Rural,0
LN2025102983,50,Male,Married,3,Salaried,25,173600.0,0.0,59600.0,812,Personal,2290000.0,24,0.0,Urban,0
LN2025101895,40,Female,Single,0,Salaried,16,55200.0,0.0,0.0,730,Personal,340000.0,24,0.0,Urban,1
LN2025105269,27,Male,Single,0,Salaried,4,49300.0,0.0,0.0,704,Vehicle,750000.0,84,800000.0,Urban,1
LN2025101322,34,Male,Married,2,Salaried,10,121900.0,29800.0,5500.0,757,Personal,710000.0,36,0.0,Urban,1
LN2025103188,41,Male,Single,0,Salaried,16,40500.0,0.0,0.0,775,Vehicle,420000.0,12,140000.0,Semi-Urban,1
LN2025109194,31,Male,Married,2,Salaried,7,102400.0,0.0,0.0,732,Personal,1150000.0,24,0.0,Urban,1
LN2025100041,35,Transgender,Single,0,SEP,7,84800.0,0.0,0.0,680,Business,300000.0,36,540000.0,Urban,0
LN2025104386,31,Male,Married,2,Salaried,9,52600.0,0.0,0.0,736,Home,1640000.0,240,2230000.0,Semi-Urban,1
LN2025102574,28,Male,Single,0,Salaried,7,38600.0,0.0,9800.0,725,Personal,540000.0,36,0.0,Rural,0
LN2025102174,41,Male,Married,3,SEP,12,100600.0,27300.0,0.0,715,Vehicle,1060000.0,48,1510000.0,Semi-Urban,1
LN2025100335,51,Female,Married,3,SEP,25,37600.0,43400.0,15400.0,785,Home,2180000.0,120,2650000.0,Urban,0
LN2025107850,44,Male,Single,0,SEP,15,103700.0,0.0,15300.0,749,Personal,1300000.0,24,0.0,Urban,0
LN2025107558,36,Male,Married,1,SEP,6,73900.0,59700.0,0.0,760,Home,6090000.0,300,9980000.0,Urban,1
LN2025101764,54,Male,Married,0,SENP,34,68800.0,0.0,10300.0,786,Business,280000.0,48,0.0,Rural,1
LN2025105111,39,Female,Married,1,Salaried,15,55100.0,0.0,0.0,762,Vehicle,300000.0,60,310000.0,Semi-Urban,1
LN2025104960,41,Male,Married,0,Salaried,19,54700.0,32600.0,26400.0,717,Personal,660000.0,60,0.0,Semi-Urban,0
LN2025107416,37,Male,Married,2,SEP,10,81700.0,103200.0,54600.0,854,Business,540000.0,36,0.0,Semi-Urban,1
LN2025105224,39,Male,Married,3,SEP,11,39200.0,39600.0,0.0,771,Home,5000000.0,240,6580000.0,Urban,0
LN2025107527,33,Female,Married,2,Salaried,13,36800.0,0.0,0.0,750,Personal,340000.0,36,0.0,Semi-Urban,1
LN2025104535,30,Male,Married,1,Salaried,12,43700.0,0.0,0.0,724,Personal,440000.0,24,0.0,Semi-Urban,0
LN2025105177,39,Male,Married,0,Salaried,17,42100.0,0.0,9700.0,599,Personal,290000.0,36,0.0,Urban,0
LN2025108853,57,Female,Married,3,SENP,29,229100.0,0.0,8300.0,777,Business,410000.0,36,0.0,Urban,1
LN2025105330,31,Male,Single,0,Salaried,9,39700.0,0.0,4300.0,706,Vehicle,240000.0,36,320000.0,Urban,1
LN2025107051,39,Female,Married,2,Salaried,16,24300.0,28300.0,0.0,648,Home,1730000.0,180,1990000.0,Rural,0
LN2025101591,61,Female,Married,3,SENP,38,98000.0,0.0,0.0,745,Business,840000.0,48,1200000.0,Urban,1
LN2025100849,56,Male,Married,2,SENP,32,121800.0,0.0,7500.0,744,Business,1540000.0,24,2770000.0,Semi-Urban,0
LN2025108884,45,Female,Single,0,SEP,17,97000.0,0.0,37200.0,741,Business,500000.0,36,0.0,Urban,1
LN2025102425,36,Male,Married,2,Salaried,11,50700.0,0.0,7800.0,663,Personal,400000.0,36,0.0,Rural,0
LN2025109471,28,Male,Married,2,SENP,2,38900.0,0.0,3700.0,757,Business,190000.0,24,280000.0,Urban,0
LN2025105978,39,Male,Married,0,SEP,8,41300.0,0.0,11300.0,724,Vehicle,380000.0,48,460000.0,Urban,0
LN2025109405,67,Female,Married,2,SENP,45,89600.0,25600.0,0.0,746,Home,3190000.0,180,4210000.0,Urban,0
LN2025102041,38,Male,Married,2,SEP,7,84100.0,0.0,0.0,677,Vehicle,90000.0,12,100000.0,Semi-Urban,1
LN2025102726,26,Male,Single,0,Salaried,2,93000.0,39700.0,28800.0,722,Home,3960000.0,240,6090000.0,Urban,1
LN2025103997,26,Female,Single,0,SEP,0,32500.0,0.0,1200.0,655,Home,1220000.0,240,1390000.0,Semi-Urban,0
LN2025109026,23,Male,Single,0,Salaried,0,19100.0,0.0,2600.0,604,Personal,80000.0,12,0.0,Rural,0
LN2025108106,36,Female,Married,3,Salaried,14,65100.0,0.0,0.0,738,Personal,230000.0,48,0.0,Urban,1
LN2025107584,37,Male,Married,1,Salaried,17,62700.0,31200.0,16700.0,720,Vehicle,1340000.0,60,1820000.0,Rural,1
LN2025104197,40,Female,Married,1,Salaried,19,51700.0,0.0,0.0,801,Home,1320000.0,240,2090000.0,Urban,1
LN2025108114,31,Male,Married,0,Salaried,6,32300.0,0.0,0.0,698,Home,2805000.0,180,3700000.0,Semi-Urban,0
LN2025109159,35,Male,Married,1,Salaried,12,36100.0,0.0,12800.0,624,Personal,240000.0,24,0.0,Urban,0
LN2025104547,54,Male,Married,0,SEP,24,328100.0,0.0,32500.0,854,Business,6450000.0,24,0.0,Semi-Urban,0
LN2025106097,40,Male,Married,2,Salaried,15,31600.0,0.0,10400.0,656,Personal,190000.0,48,0.0,Rural,0
LN2025103995,38,Female,Married,3,Salaried,12,22500.0,13900.0,9800.0,686,Home,1450000.0,240,1800000.0,Urban,0
LN2025104022,34,Male,Married,0,Salaried,12,21900.0,30300.0,0.0,759,Home,1870000.0,180,5340000.0,Semi-Urban,1
LN2025102367,44,Male,Married,2,Salaried,24,139400.0,16800.0,12600.0,804,Vehicle,2920000.0,48,3030000.0,Semi-Urban,1
LN2025104155,26,Male,Married,3,Salaried,3,20000.0,0.0,0.0,739,Personal,230000.0,48,0.0,Semi-Urban,1
LN2025102939,32,Male,Single,1,Salaried,7,106200.0,0.0,0.0,845,Personal,570000.0,36,0.0,Urban,1
LN2025100357,26,Male,Unknown,0,Salaried,4,29800.0,0.0,0.0,763,Home,750000.0,300,1120000.0,Urban,1
LN2025105264,28,Male,Single,0,SENP,2,53800.0,0.0,4500.0,673,Business,170000.0,24,290000.0,Semi-Urban,0
LN2025105131,26,Female,Married,2,Salaried,5,26900.0,0.0,7200.0,759,Home,590000.0,120,750000.0,Semi-Urban,0
LN2025106361,25,Male,Single,1,Salaried,7,34700.0,0.0,0.0,711,Vehicle,50000.0,24,50000.0,Urban,1
LN2025101490,47,Male,Married,1,SEP,22,127000.0,22600.0,9100.0,715,Personal,1760000.0,24,0.0,Semi-Urban,1
LN2025105380,38,Female,Married,3,Salaried,15,46800.0,0.0,0.0,715,Personal,450000.0,12,0.0,Semi-Urban,0
LN2025105716,36,Unknown,Married,2,SENP,14,56600.0,58700.0,0.0,689,Vehicle,920000.0,84,1050000.0,Urban,1
LN2025106850,46,Female,Married,1,SEP,17,82100.0,13400.0,18500.0,784,Home,2220000.0,120,3580000.0,Semi-Urban,1
LN2025108932,36,Male,Married,1,SENP,11,36400.0,198800.0,33800.0,716,Home,6630000.0,180,10510000.0,Urban,1
LN2025105353,28,Male,Single,0,Salaried,2,24200.0,0.0,0.0,693,Personal,140000.0,24,0.0,Rural,1
LN2025100101,57,Male,Married,1,SENP,31,177800.0,0.0,18000.0,712,Business,1660000.0,12,4660000.0,Urban,0
LN2025109249,38,Male,Married,2,Salaried,18,91300.0,0.0,0.0,648,Personal,1730000.0,36,0.0,Semi-Urban,0
LN2025105362,32,Male,Married,3,Salaried,10,39800.0,0.0,0.0,749,Personal,310000.0,24,0.0,Urban,1
LN2025104468,42,Male,Married,3,Salaried,21,62300.0,0.0,0.0,712,Vehicle,880000.0,36,1030000.0,Urban,1
LN2025105591,41,Male,Married,2,Salaried,19,69400.0,0.0,0.0,641,Personal,270000.0,36,0.0,Urban,0
LN2025108570,49,Male,Widowed,1,Salaried,24,75800.0,0.0,0.0,707,Personal,210000.0,36,0.0,Semi-Urban,1
LN2025107200,39,Female,Married,1,Salaried,17,43200.0,46800.0,0.0,704,Home,3370000.0,240,4290000.0,Urban,1
LN2025101226,26,Unknown,Married,3,SENP,0,40700.0,0.0,0.0,846,Vehicle,610000.0,60,650000.0,Urban,0
LN2025103276,26,Female,Single,0,SENP,4,51600.0,0.0,0.0,753,Business,370000.0,36,560000.0,Semi-Urban,0
LN2025108032,41,Male,Married,3,SENP,17,65300.0,35200.0,9300.0,663,Business,1040000.0,24,0.0,Semi-Urban,0
LN2025100648,45,Male,Married,1,Salaried,21,72200.0,64700.0,3000.0,694,Home,5900000.0,180,6630000.0,Urban,0
LN2025101153,30,Female,Single,0,Salaried,8,22600.0,0.0,0.0,624,Vehicle,120000.0,48,120000.0,Semi-Urban,0
LN2025104359,43,Female,Widowed,1,Salaried,17,27500.0,0.0,6400.0,782,Personal,140000.0,48,0.0,Urban,1
LN2025103310,24,Female,Single,0,Salaried,2,30300.0,0.0,9300.0,699,Personal,400000.0,48,0.0,Urban,0
LN2025107268,52,Female,Married,3,SENP,29,84100.0,0.0,3600.0,688,Business,1070000.0,84,0.0,Semi-Urban,1
LN2025105335,21,Male,Single,0,SENP,0,30100.0,0.0,0.0,900,Business,320000.0,60,0.0,Semi-Urban,0
LN2025102037,48,Male,Married,1,Salaried,25,191800.0,0.0,0.0,859,Personal,1920000.0,24,0.0,Urban,1
LN2025101362,26,Male,Single,0,Salaried,2,55400.0,0.0,0.0,713,Personal,280000.0,48,0.0,Urban,0
LN2025101811,41,Male,Widowed,0,Salaried,17,38600.0,0.0,1300.0,707,Vehicle,710000.0,60,900000.0,Rural,1
LN2025105979,43,Male,Married,2,Salaried,19,47400.0,0.0,0.0,703,Vehicle,460000.0,60,540000.0,Urban,1
LN2025108138,46,Male,Married,2,SENP,19,75400.0,52300.0,0.0,699,Business,980000.0,48,2500000.0,Urban,1
LN2025100537,45,Male,Married,3,SENP,17,82000.0,15900.0,0.0,786,Business,1020000.0,120,0.0,Urban,1
LN2025109084,48,Male,Married,3,SENP,20,164300.0,22900.0,0.0,670,Home,6810000.0,180,8770000.0,Semi-Urban,1
LN2025106569,50,Male,Married,1,SENP,29,91600.0,0.0,0.0,845,Business,350000.0,12,0.0,Urban,1
LN2025102348,45,Male,Married,2,SENP,23,51500.0,0.0,8400.0,713,Business,200000.0,24,400000.0,Semi-Urban,0
LN2025103878,48,Female,Single,2,SENP,25,53700.0,0.0,0.0,705,Personal,490000.0,60,0.0,Urban,1
LN2025107262,39,Male,Married,3,SENP,17,45100.0,0.0,15600.0,609,Business,120000.0,24,210000.0,Urban,0
LN2025107714,34,Female,Unknown,2,Salaried,11,21600.0,0.0,5100.0,783,Vehicle,140000.0,36,160000.0,Semi-Urban,1
LN2025105607,45,Male,Single,0,Salaried,22,66300.0,0.0,0.0,708,Home,2390000.0,120,4150000.0,Semi-Urban,1
LN2025101560,38,Male,Married,1,Salaried,16,60000.0,0.0,0.0,802,Home,2060000.0,120,3300000.0,Rural,1
LN2025106013,43,Male,Married,1,SENP,16,21700.0,19500.0,4600.0,679,Vehicle,50000.0,36,70000.0,Semi-Urban,1
LN2025103361,35,Male,Married,1,Salaried,12,50300.0,0.0,0.0,826,Vehicle,200000.0,84,250000.0,Rural,1
LN2025103481,31,Female,Married,2,SENP,3,65700.0,0.0,0.0,726,Business,400000.0,48,690000.0,Rural,1
LN2025106633,45,Male,Married,0,SENP,19,75800.0,76100.0,0.0,781,Vehicle,1860000.0,84,2380000.0,Urban,1
LN2025100487,43,Male,Divorced,1,SENP,18,133800.0,23600.0,0.0,754,Home,5510000.0,240,7770000.0,Semi-Urban,1
LN2025103772,29,Male,Single,0,Salaried,5,23200.0,0.0,6600.0,680,Personal,90000.0,36,0.0,Urban,0
LN2025100594,43,Male,Married,2,Salaried,21,37600.0,0.0,11800.0,751,Personal,340000.0,24,0.0,Semi-Urban,0
LN2025108373,23,Unknown,Single,0,Salaried,3,46000.0,0.0,3500.0,-1,Business,300000.0,60,530000.0,Semi-Urban,0
LN2025103298,32,Male,Married,1,Salaried,11,65500.0,27900.0,0.0,835,Home,1570000.0,300,1970000.0,Semi-Urban,1
LN2025100785,31,Male,Single,0,SENP,8,34300.0,39700.0,0.0,737,Home,2350000.0,240,3860000.0,Urban,1
LN2025103620,36,Female,Married,2,Salaried,12,30900.0,0.0,0.0,722,Home,1250000.0,180,1650000.0,Urban,1
LN2025102498,57,Female,Married,1,SEP,29,122800.0,0.0,30000.0,730,Home,6030000.0,300,13850000.0,Urban,0
LN2025108804,54,Male,Married,2,Salaried,31,106000.0,0.0,26500.0,692,Personal,1370000.0,36,0.0,Urban,0
LN2025106545,43,Male,Divorced,0,Salaried,20,150500.0,0.0,0.0,832,Home,5660000.0,180,10680000.0,Urban,1
LN2025104841,41,Male,Married,3,Salaried,16,21600.0,0.0,0.0,-1,Personal,230000.0,36,0.0,Rural,1
LN2025101069,48,Female,Married,1,SENP,20,78000.0,55100.0,0.0,619,Vehicle,1350000.0,60,1540000.0,Semi-Urban,0
LN2025105350,27,Male,Single,0,Salaried,5,62800.0,0.0,0.0,626,Personal,450000.0,24,0.0,Semi-Urban,0
LN2025105911,42,Male,Married,1,SEP,13,135700.0,16800.0,24800.0,815,Vehicle,80000.0,24,110000.0,Semi-Urban,1
LN2025107526,42,Male,Married,0,Salaried,19,53400.0,0.0,22300.0,729,Personal,320000.0,60,0.0,Semi-Urban,1
LN2025105889,36,Male,Married,1,Salaried,12,19000.0,34700.0,4200.0,722,Home,2690000.0,240,4000000.0,Urban,1
LN2025105643,24,Female,Single,0,Salaried,3,64700.0,0.0,0.0,-1,Vehicle,420000.0,60,2120000.0,Semi-Urban,1
LN2025107517,37,Male,Married,3,Salaried,13,49000.0,0.0,2500.0,703,Home,2100000.0,240,3530000.0,Urban,1
LN2025105168,33,Female,Married,1,Salaried,9,43600.0,0.0,15300.0,682,Personal,270000.0,36,0.0,Urban,0
LN2025105707,44,Male,Single,0,Salaried,23,39300.0,0.0,16400.0,778,Vehicle,260000.0,60,300000.0,Urban,1
LN2025102944,30,Female,Married,1,Salaried,7,54500.0,10400.0,0.0,739,Personal,520000.0,24,0.0,Semi-Urban,1
LN2025104941,30,Female,Married,2,Salaried,6,91800.0,0.0,0.0,772,Vehicle,820000.0,48,830000.0,Urban,1
LN2025100441,25,Male,Single,0,Salaried,1,77800.0,0.0,0.0,725,Vehicle,680000.0,84,920000.0,Semi-Urban,1
LN2025105919,36,Female,Single,1,SENP,12,133800.0,0.0,0.0,780,Vehicle,1150000.0,60,1510000.0,Urban,1
LN2025106259,33,Male,Married,2,Salaried,11,57900.0,0.0,0.0,839,Vehicle,60000.0,12,60000.0,Urban,1
LN2025101842,20,Male,Single,0,Salaried,0,28300.0,0.0,0.0,738,Home,970000.0,240,1350000.0,Rural,0
LN2025109661,37,Male,Single,0,SENP,17,151900.0,0.0,30500.0,815,Home,6040000.0,300,13040000.0,Urban,1
LN2025108299,29,Male,Married,1,Salaried,6,55500.0,0.0,19200.0,740,Home,2540000.0,360,5040000.0,Urban,0
LN2025105205,46,Female,Married,1,SEP,16,76900.0,0.0,16300.0,769,Home,2580000.0,180,3250000.0,Urban,1
LN2025104465,33,Male,Married,1,Salaried,11,21600.0,0.0,0.0,725,Vehicle,230000.0,36,260000.0,Semi-Urban,0
LN2025101707,43,Female,Married,3,Salaried,22,74600.0,0.0,0.0,708,Home,2160000.0,240,2870000.0,Semi-Urban,1
LN2025100185,39,Male,Married,0,SEP,9,262000.0,100300.0,0.0,729,Business,2180000.0,60,0.0,Urban,1
LN2025101533,43,Male,Married,2,Salaried,19,56800.0,0.0,0.0,810,Personal,220000.0,48,0.0,Semi-Urban,1
LN2025103085,38,Male,Married,3,Salaried,14,88600.0,0.0,0.0,844,Personal,640000.0,60,0.0,Urban,1
LN2025105308,36,Female,Married,3,Salaried,15,72000.0,39800.0,0.0,770,Vehicle,720000.0,36,890000.0,Urban,1
LN2025109519,42,Male,Married,1,SEP,16,71000.0,40600.0,17900.0,637,Home,3540000.0,240,3920000.0,Urban,0
LN2025103527,41,Unknown,Married,2,Salaried,17,47800.0,53700.0,48200.0,779,Personal,200000.0,24,0.0,Urban,1
LN2025103974,31,Female,Single,0,SENP,6,46400.0,0.0,6100.0,764,Business,360000.0,36,910000.0,Semi-Urban,0
LN2025105492,35,Female,Single,0,SENP,13,63600.0,0.0,0.0,767,Business,410000.0,12,1150000.0,Rural,1
LN2025108951,23,Male,Single,1,Salaried,3,18700.0,0.0,4800.0,742,Personal,120000.0,36,0.0,Semi-Urban,0
LN2025101375,34,Female,Married,3,SEP,6,58600.0,21900.0,0.0,786,Home,2210000.0,360,2930000.0,Semi-Urban,1
LN2025109362,30,Male,Married,0,SEP,3,244600.0,0.0,0.0,779,Home,11970000.0,240,19590000.0,Urban,1
LN2025102546,37,Male,Married,2,Salaried,15,86900.0,0.0,0.0,755,Personal,870000.0,48,0.0,Rural,1
LN2025105663,58,Female,Married,1,SENP,29,125100.0,56100.0,68500.0,647,Business,630000.0,36,0.0,Urban,0
LN2025100726,54,Male,Married,3,SEP,23,251700.0,0.0,72200.0,751,Business,1180000.0,24,0.0,Rural,1
LN2025109115,46,Male,Married,0,SENP,22,116200.0,0.0,0.0,633,Home,6510000.0,180,11760000.0,Rural,0
LN2025106508,30,Male,Single,0,Salaried,6,80300.0,0.0,0.0,771,Personal,1120000.0,36,0.0,Urban,1
LN2025106387,51,Unknown,Single,0,SEP,25,119400.0,0.0,0.0,819,Vehicle,830000.0,84,860000.0,Semi-Urban,1
LN2025103127,41,Male,Married,1,SEP,13,118600.0,0.0,16400.0,725,Business,1380000.0,48,2740000.0,Rural,1
LN2025105411,25,Male,Single,1,Salaried,0,42200.0,0.0,0.0,739,Personal,440000.0,24,0.0,Urban,0
LN2025109582,39,Male,Married,1,Salaried,18,141500.0,0.0,0.0,797,Personal,650000.0,36,0.0,Urban,1
LN2025109263,31,Female,Married,1,Salaried,5,21600.0,0.0,0.0,792,Personal,70000.0,48,0.0,Rural,1
LN2025104238,43,Male,Married,1,Salaried,23,126900.0,0.0,34600.0,658,Home,6390000.0,180,11250000.0,Urban,0
LN2025100484,55,Female,Married,3,SENP,34,52100.0,15500.0,7900.0,802,Business,1000000.0,60,1630000.0,Semi-Urban,1
LN2025100603,33,Male,Married,1,SENP,4,20700.0,0.0,0.0,753,Business,390000.0,36,550000.0,Semi-Urban,0
LN2025100317,34,Male,Married,1,Salaried,11,30600.0,0.0,0.0,653,Vehicle,300000.0,84,310000.0,Rural,1
LN2025109328,29,Transgender,Single,0,Salaried,7,74100.0,0.0,0.0,568,Home,2010000.0,240,2520000.0,Urban,0
LN2025107340,40,Male,Married,3,Salaried,17,41300.0,0.0,4900.0,709,Personal,280000.0,48,0.0,Rural,0
LN2025108777,31,Male,Married,0,Salaried,8,24800.0,0.0,0.0,829,Personal,350000.0,48,0.0,Semi-Urban,1
LN2025108540,35,Male,Married,2,Salaried,10,34000.0,0.0,0.0,555,Personal,160000.0,24,0.0,Urban,0
LN2025105545,51,Male,Married,2,Salaried,27,57800.0,0.0,0.0,-1,Vehicle,450000.0,48,520000.0,Rural,0
LN2025107362,27,Male,Single,0,Salaried,6,115100.0,0.0,31100.0,697,Vehicle,370000.0,60,430000.0,Urban,0
LN2025104520,40,Male,Married,3,SENP,11,34400.0,29400.0,2800.0,894,Business,360000.0,84,550000.0,Semi-Urban,1
LN2025101727,29,Male,Single,0,SENP,1,50800.0,10300.0,7000.0,825,Home,2330000.0,180,4830000.0,Rural,0
LN2025107196,35,Female,Married,1,SEP,8,22700.0,22300.0,8100.0,689,Home,2805000.0,360,3350000.0,Semi-Urban,0
LN2025101674,64,Female,Married,1,SENP,41,106700.0,0.0,0.0,773,Business,2100000.0,12,0.0,Semi-Urban,0
LN2025105715,40,Male,Married,0,Salaried,15,57300.0,69600.0,32700.0,788,Vehicle,130000.0,36,170000.0,Semi-Urban,1
LN2025107063,27,Male,Married,3,SENP,2,85100.0,0.0,21000.0,776,Home,1940000.0,120,2400000.0,Semi-Urban,0
LN2025108663,43,Male,Married,3,SENP,23,91700.0,0.0,28600.0,770,Business,1220000.0,60,0.0,Urban,0
LN2025100541,37,Female,Married,0,SENP,17,43500.0,0.0,2400.0,791,Vehicle,240000.0,48,290000.0,Semi-Urban,1
LN2025102696,37,Female,Married,2,Salaried,15,101600.0,0.0,22300.0,675,Vehicle,50000.0,36,60000.0,Semi-Urban,1
LN2025106147,25,Male,Single,0,Salaried,1,46900.0,0.0,9700.0,725,Vehicle,140000.0,36,170000.0,Rural,1
LN2025103203,50,Male,Unknown,3,SENP,23,184700.0,34800.0,0.0,853,Home,7690000.0,120,11650000.0,Urban,1
LN2025109549,44,Male,Married,2,Salaried,24,32100.0,0.0,4200.0,739,Personal,230000.0,60,0.0,Urban,1
LN2025106212,40,Male,Single,0,Salaried,12,96300.0,0.0,0.0,797,Personal,1880000.0,48,0.0,Urban,1
LN2025108748,45,Male,Single,0,SEP,19,73700.0,0.0,5700.0,777,Personal,450000.0,24,0.0,Rural,1
LN2025103324,37,Female,Married,1,Salaried,11,46100.0,75100.0,0.0,702,Home,3960000.0,180,4930000.0,Urban,0
LN2025108848,52,Female,Married,1,SENP,26,265600.0,19000.0,0.0,836,Business,1700000.0,36,2270000.0,Semi-Urban,1
LN2025106338,27,Male,Single,0,Salaried,1,22700.0,0.0,5400.0,712,Personal,100000.0,60,0.0,Urban,0
LN2025101580,36,Male,Married,3,Salaried,14,45700.0,0.0,14700.0,696,Personal,540000.0,48,0.0,Semi-Urban,0
LN2025108309,26,Male,Single,2,Salaried,5,20400.0,0.0,0.0,685,Vehicle,490000.0,36,600000.0,Semi-Urban,0
LN2025106594,51,Female,Single,0,SENP,31,31300.0,0.0,4200.0,765,Home,2440000.0,120,3970000.0,Urban,0
LN2025106478,40,Male,Married,2,Salaried,17,36000.0,0.0,0.0,734,Personal,170000.0,48,0.0,Rural,1
LN2025108050,20,Male,Single,0,Salaried,0,13900.0,0.0,2200.0,622,Vehicle,90000.0,60,90000.0,Urban,0
LN2025102143,47,Male,Single,0,SENP,17,95200.0,61300.0,10900.0,-1,Business,260000.0,60,0.0,Urban,1
LN2025107131,36,Male,Married,1,Salaried,14,41100.0,64700.0,0.0,743,Home,3510000.0,240,4220000.0,Semi-Urban,0
LN2025106522,45,Female,Married,2,SENP,19,35700.0,0.0,3900.0,701,Business,730000.0,12,1260000.0,Urban,0
LN2025107948,41,Male,Married,2,Salaried,17,44800.0,32100.0,4300.0,588,Personal,370000.0,36,0.0,Semi-Urban,0
LN2025102097,34,Male,Married,0,Salaried,12,49500.0,0.0,7000.0,651,Personal,290000.0,24,0.0,Rural,0
LN2025102599,39,Female,Married,2,Salaried,18,40200.0,0.0,0.0,517,Vehicle,620000.0,48,620000.0,Urban,0
LN2025107623,29,Male,Married,0,Salaried,6,19700.0,0.0,0.0,730,Vehicle,170000.0,48,240000.0,Rural,1
LN2025100760,53,Male,Married,3,SENP,25,77800.0,0.0,5000.0,818,Business,610000.0,84,1110000.0,Urban,1
LN2025107685,27,Female,Single,0,SENP,3,44500.0,26900.0,0.0,784,Home,3460000.0,300,6010000.0,Urban,1
LN2025109416,35,Male,Married,2,Salaried,12,31000.0,0.0,6100.0,664,Vehicle,200000.0,60,200000.0,Rural,0
LN2025104063,56,Male,Unknown,2,SENP,33,59300.0,0.0,21400.0,-1,Vehicle,510000.0,60,550000.0,Rural,1
LN2025106695,44,Male,Single,1,Salaried,23,79600.0,0.0,0.0,718,Home,3970000.0,180,5930000.0,Semi-Urban,1
LN2025107934,22,Male,Single,0,Salaried,0,23300.0,0.0,0.0,617,Personal,150000.0,60,0.0,Rural,0
LN2025108701,37,Male,Married,0,Salaried,13,55400.0,0.0,0.0,756,Personal,310000.0,24,0.0,Rural,1
LN2025106010,37,Male,Married,3,Salaried,11,58800.0,65800.0,0.0,827,Home,6580000.0,360,7440000.0,Urban,0
LN2025109656,52,Female,Married,3,SENP,25,959700.0,0.0,16400.0,853,Business,18670000.0,36,31470000.0,Semi-Urban,0
LN2025101570,47,Male,Married,1,SENP,18,69600.0,0.0,3300.0,737,Vehicle,70000.0,36,80000.0,Urban,1
LN2025109121,34,Male,Married,0,Salaried,12,65100.0,0.0,9000.0,678,Personal,430000.0,36,0.0,Urban,1
LN2025101382,29,Male,Married,2,Salaried,7,26300.0,33500.0,0.0,785,Vehicle,410000.0,60,470000.0,Rural,1
LN2025107870,30,Male,Married,0,Salaried,9,59500.0,0.0,0.0,809,Home,1930000.0,240,2500000.0,Semi-Urban,1
LN2025109750,43,Male,Married,1,SEP,15,226800.0,0.0,44400.0,634,Vehicle,3180000.0,60,3740000.0,Semi-Urban,0
LN2025109403,35,Male,Single,0,Salaried,13,80500.0,0.0,0.0,712,Personal,540000.0,36,0.0,Urban,1
LN2025103165,39,Unknown,Married,1,Salaried,16,34800.0,22700.0,0.0,733,Home,1740000.0,240,2370000.0,Rural,1
LN2025107432,50,Unknown,Single,1,Salaried,28,95800.0,0.0,27800.0,800,Vehicle,640000.0,84,710000.0,Semi-Urban,1
LN2025108254,35,Male,Married,2,Salaried,12,25900.0,0.0,0.0,709,Vehicle,250000.0,60,290000.0,Rural,1
LN2025109066,45,Male,Married,2,Salaried,12,69400.0,0.0,9900.0,763,Home,2930000.0,180,3850000.0,Rural,0
LN2025101652,41,Male,Married,0,Salaried,16,97700.0,0.0,8000.0,679,Personal,680000.0,48,0.0,Urban,1
LN2025104599,36,Male,Married,3,SENP,15,112900.0,230900.0,0.0,803,Vehicle,2870000.0,36,3370000.0,Urban,1
LN2025109023,37,Male,Married,3,Salaried,12,76700.0,0.0,28800.0,768,Personal,470000.0,24,0.0,Urban,0
LN2025104240,22,Female,Single,0,Salaried,0,45700.0,0.0,15400.0,756,Personal,270000.0,36,0.0,Urban,0
LN2025108086,40,Female,Married,0,SEP,13,171200.0,0.0,7500.0,826,Personal,2000000.0,24,0.0,Semi-Urban,1
LN2025107676,36,Male,Married,3,SENP,17,104100.0,0.0,0.0,718,Business,1490000.0,60,2750000.0,Urban,1
LN2025102793,48,Male,Married,2,SENP,21,92000.0,0.0,0.0,745,Business,1020000.0,12,0.0,Rural,0
LN2025103949,34,Unknown,Single,0,Salaried,10,27700.0,13700.0,12000.0,687,Home,1190000.0,300,1530000.0,Rural,0
LN2025104611,36,Female,Single,0,SEP,7,114100.0,15800.0,0.0,778,Home,5720000.0,180,7620000.0,Urban,0
LN2025100180,24,Male,Single,0,Salaried,2,53000.0,0.0,800.0,602,Vehicle,1120000.0,60,1410000.0,Urban,0
LN2025104976,41,Male,Married,1,Salaried,17,75800.0,0.0,0.0,753,Personal,510000.0,48,0.0,Semi-Urban,1
LN2025105238,41,Female,Married,1,SEP,16,84600.0,77200.0,0.0,824,Business,1270000.0,84,0.0,Urban,1
LN2025105386,31,Male,Married,2,Salaried,7,33700.0,0.0,8100.0,694,Vehicle,100000.0,36,120000.0,Semi-Urban,1
LN2025107655,30,Male,Single,0,Salaried,7,56800.0,18800.0,0.0,626,Home,2130000.0,240,2660000.0,Urban,0
LN2025100069,45,Female,Married,1,Salaried,24,200700.0,0.0,5200.0,734,Personal,2030000.0,60,0.0,Urban,1
LN2025108855,36,Male,Married,3,SEP,7,172800.0,0.0,0.0,659,Business,1380000.0,24,0.0,Urban,0
LN2025104404,36,Male,Married,2,SENP,10,106300.0,0.0,0.0,870,Vehicle,130000.0,12,170000.0,Urban,1
LN2025104289,51,Female,Married,1,SENP,28,75600.0,57100.0,0.0,754,Business,1250000.0,84,0.0,Urban,1
LN2025104548,38,Female,Married,1,Salaried,18,49600.0,0.0,0.0,711,Personal,140000.0,60,0.0,Rural,1
LN2025105735,34,Male,Married,2,Salaried,12,54800.0,0.0,0.0,687,Vehicle,780000.0,60,910000.0,Semi-Urban,0
LN2025103876,42,Female,Married,2,Salaried,18,38800.0,0.0,0.0,696,Personal,420000.0,12,0.0,Semi-Urban,0
LN2025101749,25,Unknown,Single,1,Salaried,2,22900.0,0.0,0.0,-1,Personal,140000.0,36,0.0,Rural,0
LN2025104154,31,Male,Single,0,Salaried,10,40500.0,0.0,0.0,796,Home,1170000.0,240,1700000.0,Rural,0
LN2025105277,38,Male,Married,1,Salaried,17,41300.0,30000.0,14900.0,733,Vehicle,330000.0,60,350000.0,Urban,1
LN2025103290,37,Male,Married,1,Salaried,13,66200.0,69100.0,4400.0,804,Home,4160000.0,240,7280000.0,Urban,1
LN2025102878,30,Unknown,Single,1,Salaried,7,62000.0,0.0,0.0,766,Personal,800000.0,60,0.0,Urban,1
LN2025105957,40,Male,Married,3,Salaried,20,102800.0,0.0,0.0,785,Vehicle,2080000.0,84,2930000.0,Semi-Urban,1
LN2025106065,56,Male,Married,2,SEP,27,203700.0,0.0,21800.0,823,Home,17080000.0,240,28970000.0,Semi-Urban,0
LN2025102092,43,Male,Married,2,SEP,16,157400.0,15600.0,52200.0,721,Business,700000.0,84,1950000.0,Rural,1
LN2025107532,38,Male,Married,2,Salaried,14,38200.0,20100.0,0.0,616,Vehicle,530000.0,48,560000.0,Rural,0
LN2025108035,36,Male,Married,2,Salaried,11,44700.0,0.0,6300.0,702,Vehicle,1070000.0,60,1260000.0,Semi-Urban,0
LN2025101051,47,Male,Married,1,SENP,20,40500.0,0.0,6600.0,566,Vehicle,320000.0,60,400000.0,Urban,0
LN2025101078,35,Male,Single,2,Salaried,12,34200.0,125900.0,22100.0,825,Home,6850000.0,240,10400000.0,Urban,1
LN2025105654,36,Male,Married,2,Salaried,10,40300.0,0.0,0.0,732,Vehicle,150000.0,36,150000.0,Urban,1
LN2025106218,42,Male,Married,2,SENP,19,20700.0,0.0,0.0,784,Home,850000.0,240,1130000.0,Semi-Urban,1
LN2025109470,35,Male,Married,2,Salaried,10,28100.0,31200.0,5300.0,588,Home,1440000.0,180,2830000.0,Rural,0
LN2025104156,29,Female,Married,1,SEP,3,74600.0,0.0,3400.0,715,Home,2060000.0,180,3560000.0,Urban,1
LN2025105502,38,Female,Married,2,SENP,10,460900.0,33800.0,0.0,655,Business,2900000.0,84,5100000.0,Urban,1
LN2025101134,40,Female,Married,3,Salaried,20,32700.0,78900.0,0.0,747,Personal,120000.0,36,0.0,Urban,1
LN2025103237,32,Male,Married,3,SEP,1,285900.0,0.0,0.0,724,Vehicle,130000.0,24,130000.0,Semi-Urban,0
LN2025103346,41,Male,Married,2,Salaried,21,29500.0,0.0,0.0,-1,Personal,260000.0,60,0.0,Rural,1
LN2025109293,35,Male,Married,1,Salaried,12,64200.0,0.0,20700.0,799,Personal,620000.0,60,0.0,Urban,1
LN2025101609,37,Female,Married,3,SENP,11,92300.0,0.0,0.0,747,Vehicle,960000.0,84,1360000.0,Semi-Urban,1
LN2025105091,35,Male,Married,3,Salaried,14,51700.0,41900.0,20600.0,834,Home,3660000.0,240,3910000.0,Urban,0
LN2025108979,29,Male,Single,0,Salaried,7,39900.0,0.0,0.0,691,Personal,440000.0,60,0.0,Rural,0
LN2025109154,32,Unknown,Married,2,SEP,6,275700.0,0.0,0.0,850,Business,920000.0,84,0.0,Semi-Urban,1
LN2025100312,30,Male,Single,0,Salaried,8,64600.0,0.0,0.0,691,Vehicle,340000.0,36,450000.0,Semi-Urban,0
LN2025108976,42,Female,Married,0,Salaried,21,41700.0,0.0,0.0,777,Home,910000.0,180,1270000.0,Urban,1
LN2025103383,32,Male,Married,2,SENP,14,210700.0,0.0,0.0,839,Business,1630000.0,36,4230000.0,Urban,1
LN2025107641,37,Female,Unknown,2,Salaried,11,25800.0,0.0,1600.0,710,Vehicle,550000.0,48,710000.0,Urban,0
LN2025108587,41,Female,Married,1,Salaried,19,29100.0,0.0,3500.0,609,Vehicle,120000.0,12,130000.0,Urban,0
LN2025104948,20,Male,Single,1,Salaried,2,34200.0,0.0,13500.0,622,Personal,310000.0,24,0.0,Semi-Urban,0
LN2025108702,28,Male,Married,0,Salaried,7,37600.0,0.0,0.0,719,Personal,330000.0,48,0.0,Semi-Urban,1
LN2025105836,34,Female,Married,2,SEP,7,20900.0,0.0,0.0,775,Vehicle,260000.0,60,300000.0,Semi-Urban,1
LN2025105501,50,Female,Married,3,SENP,22,40900.0,15300.0,0.0,671,Home,1920000.0,240,2590000.0,Urban,1
LN2025101028,42,Male,Married,3,SEP,14,84900.0,46600.0,36800.0,652,Home,4170000.0,240,6310000.0,Rural,1
LN2025105038,31,Female,Single,0,Salaried,7,29900.0,0.0,13100.0,757,Vehicle,550000.0,60,680000.0,Rural,0
LN2025106700,40,Male,Married,1,SEP,14,37500.0,27900.0,15100.0,681,Business,160000.0,60,0.0,Urban,1
LN2025101412,32,Male,Single,0,Salaried,8,24100.0,0.0,0.0,-1,Personal,130000.0,48,0.0,Rural,1
LN2025109207,30,Female,Married,1,Salaried,9,37700.0,33600.0,0.0,753,Personal,290000.0,12,0.0,Rural,1
LN2025105901,41,Male,Married,3,Salaried,19,47000.0,0.0,0.0,768,Vehicle,870000.0,60,1210000.0,Semi-Urban,1
LN2025104601,32,Male,Married,3,SEP,6,62500.0,0.0,8000.0,730,Home,1400000.0,180,2080000.0,Urban,1
LN2025100011,38,Male,Married,3,Salaried,16,23100.0,0.0,3800.0,758,Personal,90000.0,60,0.0,Rural,1
LN2025102389,33,Male,Married,1,SEP,3,98000.0,12500.0,24600.0,707,Home,5470000.0,360,7360000.0,Rural,0
LN2025105571,32,Female,Married,2,Salaried,9,40500.0,0.0,0.0,745,Vehicle,440000.0,60,550000.0,Urban,1
LN2025108593,33,Male,Married,2,Salaried,10,20000.0,47200.0,0.0,624,Home,2620000.0,240,4430000.0,Semi-Urban,0
LN2025102303,56,Female,Married,2,SENP,37,73200.0,0.0,13400.0,694,Home,2820000.0,360,3190000.0,Semi-Urban,0
LN2025102601,38,Male,Married,0,Salaried,12,31100.0,0.0,0.0,730,Vehicle,200000.0,60,200000.0,Semi-Urban,1
LN2025101242,36,Male,Married,2,Salaried,12,98800.0,0.0,22800.0,773,Vehicle,90000.0,12,110000.0,Urban,1
LN2025108639,42,Male,Married,2,SEP,15,54900.0,62400.0,0.0,686,Vehicle,1660000.0,36,1920000.0,Urban,1
LN2025108112,32,Female,Married,1,Salaried,7,42100.0,0.0,0.0,-1,Vehicle,120000.0,36,130000.0,Semi-Urban,1
LN2025101885,41,Male,Married,2,Salaried,18,125400.0,52300.0,0.0,793,Home,5220000.0,120,10030000.0,Urban,1
LN2025109307,35,Male,Married,2,Salaried,14,56000.0,86600.0,6400.0,739,Personal,580000.0,60,0.0,Urban,1
LN2025106653,25,Male,Married,0,SEP,0,66500.0,0.0,18200.0,633,Business,290000.0,24,460000.0,Semi-Urban,0
LN2025106346,23,Female,Single,0,Salaried,2,15900.0,23300.0,8200.0,627,Home,1160000.0,300,1330000.0,Semi-Urban,0
LN2025105589,38,Male,Married,1,Salaried,15,73600.0,0.0,7100.0,672,Vehicle,490000.0,60,490000.0,Urban,1
LN2025107675,30,Male,Single,2,Salaried,9,37800.0,0.0,0.0,780,Vehicle,290000.0,60,370000.0,Urban,1
LN2025106983,47,Male,Married,2,Salaried,25,145700.0,0.0,0.0,-1,Personal,1410000.0,24,0.0,Urban,0
LN2025100926,55,Male,Married,2,SENP,34,173500.0,0.0,0.0,741,Vehicle,1790000.0,60,2340000.0,Urban,1
LN2025107355,46,Male,Married,1,Salaried,23,125800.0,0.0,0.0,809,Personal,1400000.0,36,0.0,Urban,1
LN2025105080,34,Male,Married,2,Salaried,11,54700.0,0.0,36300.0,829,Home,4770000.0,300,7100000.0,Urban,0
LN2025108582,35,Male,Married,2,Salaried,12,80000.0,0.0,6300.0,683,Vehicle,80000.0,24,110000.0,Urban,1
LN2025107494,36,Female,Married,2,Salaried,12,77300.0,0.0,0.0,678,Personal,460000.0,24,0.0,Urban,0
LN2025108320,32,Male,Married,2,Salaried,10,63000.0,0.0,11600.0,707,Vehicle,750000.0,48,920000.0,Semi-Urban,1
LN2025103424,36,Female,Married,1,SENP,13,167300.0,0.0,0.0,814,Business,2880000.0,60,0.0,Semi-Urban,1
LN2025106644,42,Female,Married,1,SEP,13,40400.0,27100.0,1200.0,575,Home,3340000.0,240,6710000.0,Rural,0
LN2025101453,39,Female,Married,3,Salaried,17,44400.0,0.0,0.0,-1,Vehicle,120000.0,24,130000.0,Urban,0
LN2025100290,43,Male,Married,2,SENP,21,70900.0,16300.0,0.0,-1,Home,3720000.0,240,6080000.0,Rural,0
LN2025105739,39,Male,Married,3,Salaried,16,117100.0,14300.0,0.0,696,Home,2590000.0,240,4420000.0,Urban,1
LN2025108557,38,Female,Married,1,Salaried,15,36400.0,24800.0,0.0,649,Vehicle,360000.0,48,360000.0,Semi-Urban,0
LN2025105843,39,Male,Married,2,Salaried,17,93100.0,0.0,0.0,810,Vehicle,90000.0,12,110000.0,Urban,1
LN2025106469,21,Male,Single,0,SENP,0,23400.0,0.0,0.0,-1,Business,100000.0,84,0.0,Urban,0
LN2025100470,40,Male,Married,3,SENP,18,141600.0,0.0,0.0,816,Vehicle,90000.0,12,120000.0,Urban,1
LN2025101604,47,Female,Married,3,Salaried,22,91500.0,54400.0,0.0,848,Vehicle,120000.0,36,160000.0,Urban,1
LN2025104521,41,Male,Unknown,3,SENP,22,47100.0,0.0,0.0,775,Personal,150000.0,24,0.0,Semi-Urban,1
LN2025103272,26,Male,Single,0,Salaried,3,34000.0,0.0,3900.0,755,Personal,250000.0,24,0.0,Rural,1
LN2025104569,39,Male,Married,2,SEP,8,82400.0,0.0,0.0,856,Vehicle,1100000.0,60,1420000.0,Rural,1
LN2025102596,34,Male,Married,1,Salaried,10,17000.0,0.0,0.0,714,Personal,130000.0,60,0.0,Semi-Urban,1
LN2025102562,26,Male,Single,0,SENP,4,83400.0,0.0,17200.0,771,Business,330000.0,84,0.0,Urban,1
LN2025103725,37,Male,Married,2,SEP,11,300100.0,29100.0,38400.0,728,Business,2490000.0,12,0.0,Urban,0
LN2025106803,38,Female,Married,2,Salaried,15,71000.0,0.0,0.0,714,Personal,370000.0,48,0.0,Urban,1
LN2025106613,28,Male,Single,1,Salaried,4,39800.0,0.0,4000.0,859,Home,680000.0,240,1850000.0,Urban,1
LN2025102279,28,Unknown,Single,0,SENP,0,65300.0,0.0,0.0,759,Business,610000.0,48,0.0,Urban,0
LN2025103927,50,Male,Married,1,SENP,24,273400.0,0.0,0.0,790,Home,12420000.0,240,23780000.0,Urban,1
LN2025109357,38,Male,Married,1,Salaried,16,60300.0,0.0,0.0,634,Personal,470000.0,24,0.0,Urban,0
LN2025105714,25,Male,Single,0,Salaried,1,27600.0,0.0,0.0,756,Home,940000.0,240,1160000.0,Urban,0
LN2025104331,27,Female,Married,1,Salaried,6,43200.0,31800.0,0.0,706,Home,2890000.0,240,6410000.0,Urban,1
LN2025108992,27,Male,Married,1,Salaried,2,89800.0,0.0,0.0,778,Personal,440000.0,12,0.0,Urban,1
LN2025102580,40,Male,Married,0,SEP,11,72500.0,0.0,4600.0,654,Vehicle,120000.0,12,150000.0,Semi-Urban,0
LN2025102311,49,Male,Married,2,SENP,27,20000.0,0.0,0.0,512,Personal,60000.0,36,0.0,Rural,0
LN2025101260,45,Male,Married,2,Salaried,23,176300.0,0.0,48000.0,837,Vehicle,80000.0,24,90000.0,Urban,1
LN2025100593,31,Male,Married,0,Salaried,10,87900.0,0.0,0.0,741,Vehicle,850000.0,36,860000.0,Urban,1
LN2025101055,39,Male,Married,2,SENP,17,149600.0,78000.0,77800.0,741,Business,1270000.0,36,3450000.0,Urban,1
LN2025105475,38,Male,Married,1,Salaried,13,40000.0,17200.0,5200.0,722,Personal,210000.0,36,0.0,Semi-Urban,1
LN2025107207,56,Male,Married,2,SENP,35,162700.0,0.0,0.0,811,Vehicle,1860000.0,60,2270000.0,Urban,1
LN2025107787,38,Female,Married,3,Salaried,18,11900.0,0.0,0.0,859,Personal,50000.0,24,0.0,Rural,0
LN2025104506,44,Male,Married,1,SEP,19,87200.0,0.0,0.0,739,Vehicle,2550000.0,48,3160000.0,Urban,0
LN2025103322,46,Female,Single,1,SENP,24,145400.0,0.0,17900.0,617,Personal,1720000.0,36,0.0,Semi-Urban,0
LN2025108369,44,Male,Married,2,SENP,19,38000.0,0.0,0.0,754,Personal,300000.0,12,0.0,Semi-Urban,0
LN2025108616,33,Male,Married,0,Salaried,10,56600.0,84200.0,0.0,774,Personal,540000.0,48,0.0,Semi-Urban,1
LN2025101589,20,Transgender,Single,0,Salaried,0,8800.0,0.0,0.0,733,Personal,80000.0,60,0.0,Rural,0
LN2025100236,54,Male,Married,1,SEP,27,269900.0,23300.0,0.0,701,Personal,900000.0,24,0.0,Urban,1
LN2025106995,47,Transgender,Married,1,Salaried,25,57200.0,0.0,0.0,721,Vehicle,650000.0,60,730000.0,Urban,1
LN2025101104,22,Male,Single,0,Salaried,0,51200.0,0.0,25500.0,643,Home,4260000.0,300,4880000.0,Urban,0
LN2025106272,39,Male,Married,1,Salaried,17,58600.0,0.0,17500.0,668,Personal,330000.0,60,0.0,Semi-Urban,1
LN2025106723,45,Male,Single,0,SENP,24,246900.0,0.0,0.0,640,Personal,4000000.0,24,0.0,Rural,0
LN2025100226,32,Male,Married,2,Salaried,12,24500.0,30800.0,0.0,760,Personal,200000.0,60,0.0,Semi-Urban,1
LN2025108529,34,Male,Married,2,SENP,6,47600.0,0.0,0.0,730,Business,1010000.0,48,0.0,Rural,0
LN2025102571,24,Male,Single,0,Salaried,1,30100.0,0.0,7500.0,-1,Personal,70000.0,36,0.0,Urban,1
LN2025101600,44,Male,Married,0,Salaried,21,36700.0,0.0,8100.0,640,Vehicle,420000.0,24,180000.0,Semi-Urban,0
LN2025103842,47,Female,Married,2,Salaried,24,31200.0,0.0,5500.0,831,Vehicle,130000.0,12,180000.0,Rural,0
LN2025108779,48,Male,Divorced,0,Salaried,27,95300.0,43000.0,0.0,763,Vehicle,420000.0,48,1940000.0,Urban,1
LN2025106199,42,Male,Married,2,SENP,16,56400.0,0.0,0.0,735,Business,290000.0,84,410000.0,Semi-Urban,1
LN2025105626,47,Male,Married,3,SEP,21,58500.0,0.0,13900.0,699,Personal,1060000.0,24,0.0,Urban,0
LN2025104763,35,Male,Married,1,Salaried,13,31800.0,0.0,2600.0,707,Personal,220000.0,60,0.0,Semi-Urban,0
LN2025106042,35,Male,Married,3,Salaried,12,28800.0,0.0,0.0,732,Home,850000.0,240,1000000.0,Urban,0
LN2025105410,43,Female,Married,2,Salaried,19,64700.0,111900.0,27700.0,555,Business,350000.0,48,880000.0,Semi-Urban,0
LN2025108016,41,Male,Married,1,Salaried,16,82500.0,0.0,0.0,-1,Vehicle,570000.0,48,620000.0,Urban,1
LN2025108410,40,Female,Single,0,Salaried,16,55700.0,0.0,6200.0,706,Vehicle,710000.0,60,820000.0,Urban,1
LN2025103755,43,Male,Married,2,Salaried,21,82100.0,0.0,0.0,773,Vehicle,140000.0,36,160000.0,Rural,1
LN2025102760,24,Male,Single,0,SEP,0,65300.0,0.0,26500.0,670,Personal,340000.0,12,0.0,Urban,0
LN2025101053,47,Female,Married,2,Salaried,25,46000.0,12500.0,0.0,759,Home,1680000.0,120,2120000.0,Semi-Urban,1
LN2025106848,32,Male,Married,0,Salaried,8,40400.0,92600.0,0.0,687,Personal,620000.0,24,0.0,Semi-Urban,1
LN2025100859,49,Male,Married,1,SEP,23,231300.0,8600.0,0.0,605,Home,12990000.0,180,16430000.0,Urban,0
LN2025102282,42,Male,Married,2,SEP,12,58300.0,63600.0,0.0,703,Vehicle,1260000.0,36,1480000.0,Rural,1
LN2025106266,36,Male,Married,2,Salaried,14,67900.0,36400.0,10400.0,767,Personal,960000.0,48,0.0,Urban,0
LN2025109160,34,Male,Married,1,Salaried,12,78900.0,19100.0,7900.0,699,Home,3730000.0,300,4420000.0,Semi-Urban,0
LN2025107349,42,Female,Married,2,Salaried,12,42400.0,54200.0,0.0,721,Business,340000.0,24,0.0,Urban,1
LN2025106352,21,Male,Single,0,Salaried,0,20900.0,0.0,0.0,-1,Vehicle,200000.0,48,240000.0,Urban,0
LN2025108635,47,Female,Married,1,Salaried,26,112300.0,29100.0,19400.0,836,Home,4620000.0,120,7940000.0,Urban,1
LN2025104746,34,Male,Married,1,SENP,6,61600.0,0.0,0.0,715,Vehicle,730000.0,48,860000.0,Rural,0
LN2025100769,35,Male,Married,1,Salaried,12,44000.0,109000.0,0.0,805,Home,3400000.0,300,3940000.0,Semi-Urban,0
LN2025107875,46,Male,Married,2,SENP,23,102400.0,0.0,0.0,737,Home,7290000.0,180,8470000.0,Semi-Urban,0
LN2025102985,39,Female,Single,0,Salaried,18,140800.0,0.0,38100.0,814,Home,9990000.0,240,12640000.0,Urban,0
LN2025100368,45,Male,Married,0,SENP,17,148700.0,28600.0,0.0,769,Business,1630000.0,60,0.0,Semi-Urban,1
LN2025104223,34,Male,Married,1,Salaried,8,92800.0,16100.0,0.0,607,Personal,350000.0,24,0.0,Urban,0
LN2025100592,43,Female,Widowed,2,Salaried,23,118900.0,0.0,0.0,732,Personal,710000.0,24,0.0,Urban,1
LN2025107041,35,Male,Married,1,Salaried,11,120800.0,0.0,0.0,723,Vehicle,870000.0,60,910000.0,Semi-Urban,1
LN2025106981,39,Male,Married,1,Salaried,15,64800.0,0.0,0.0,718,Personal,300000.0,48,0.0,Rural,1
LN2025102268,58,Female,Married,1,SENP,37,101300.0,0.0,0.0,670,Vehicle,930000.0,84,1160000.0,Rural,1
LN2025104785,40,Male,Married,1,SENP,15,102000.0,0.0,0.0,704,Business,440000.0,36,910000.0,Urban,1
LN2025102478,30,Male,Married,2,Salaried,7,28600.0,0.0,0.0,716,Personal,190000.0,60,0.0,Rural,1
LN2025107344,51,Male,Married,3,SENP,29,62600.0,68700.0,8900.0,715,Home,2400000.0,120,2670000.0,Semi-Urban,1
LN2025101576,40,Male,Single,0,Salaried,15,33600.0,0.0,6400.0,753,Personal,560000.0,36,0.0,Semi-Urban,0
LN2025103692,37,Female,Single,0,Salaried,15,54400.0,19900.0,0.0,730,Vehicle,590000.0,60,640000.0,Urban,1
LN2025105425,31,Male,Married,3,SEP,0,36900.0,0.0,0.0,673,Personal,280000.0,12,0.0,Semi-Urban,0
LN2025100704,30,Male,Married,2,Salaried,7,29200.0,0.0,6300.0,741,Vehicle,130000.0,12,140000.0,Rural,0
LN2025109220,27,Male,Single,1,Salaried,9,31600.0,0.0,0.0,739,Vehicle,330000.0,48,410000.0,Urban,1
LN2025107261,36,Male,Married,1,Salaried,12,91600.0,0.0,0.0,700,Personal,340000.0,24,0.0,Urban,1
LN2025100250,34,Male,Married,1,Salaried,9,65200.0,0.0,0.0,730,Personal,620000.0,48,0.0,Urban,1
LN2025101974,50,Male,Married,3,SEP,22,143000.0,0.0,0.0,768,Personal,470000.0,36,0.0,Rural,1
LN2025107745,29,Male,Married,1,Salaried,5,43200.0,24800.0,0.0,778,Home,2530000.0,240,5580000.0,Semi-Urban,1
LN2025105469,42,Female,Married,0,Salaried,21,46500.0,0.0,0.0,699,Personal,510000.0,36,0.0,Urban,0
LN2025103147,53,Male,Married,3,SEP,25,145500.0,0.0,7400.0,864,Personal,1330000.0,60,0.0,Urban,1
LN2025100428,39,Male,Married,2,Salaried,16,52700.0,0.0,24300.0,751,Personal,330000.0,36,0.0,Semi-Urban,0
LN2025109699,42,Male,Married,2,Salaried,17,52100.0,0.0,0.0,782,Personal,320000.0,24,0.0,Rural,1
LN2025103479,46,Male,Married,1,SENP,21,76700.0,0.0,0.0,-1,Personal,520000.0,24,0.0,Urban,0
LN2025104549,59,Male,Married,1,SENP,35,90200.0,0.0,4500.0,801,Business,330000.0,60,680000.0,Rural,1
LN2025103673,29,Female,Married,2,SEP,2,41800.0,60700.0,0.0,705,Home,4360000.0,240,6490000.0,Semi-Urban,0
LN2025108515,37,Female,Married,3,Salaried,16,51700.0,0.0,2800.0,787,Home,860000.0,180,1300000.0,Urban,1
LN2025102755,39,Male,Married,3,SEP,10,51900.0,0.0,17500.0,623,Business,300000.0,84,500000.0,Semi-Urban,0
LN2025107441,28,Male,Married,1,SEP,1,48800.0,0.0,0.0,718,Home,1760000.0,240,3010000.0,Rural,0
LN2025107451,23,Female,Single,0,Salaried,0,26400.0,0.0,6200.0,603,Personal,110000.0,60,0.0,Semi-Urban,0
LN2025104471,22,Male,Single,0,SENP,0,85700.0,0.0,0.0,695,Business,1270000.0,24,3060000.0,Rural,0
LN2025108724,38,Male,Married,1,SEP,10,63500.0,23300.0,5400.0,696,Home,2010000.0,300,2380000.0,Urban,1
LN2025100659,41,Female,Married,2,Salaried,16,42800.0,0.0,4800.0,774,Personal,210000.0,36,0.0,Semi-Urban,1
LN2025107970,42,Male,Married,2,Salaried,12,36700.0,0.0,0.0,761,Personal,120000.0,36,0.0,Semi-Urban,1
LN2025107926,32,Female,Single,0,Salaried,10,35700.0,0.0,0.0,779,Personal,280000.0,60,0.0,Rural,1
LN2025104924,40,Female,Married,0,Salaried,16,52100.0,0.0,10600.0,809,Personal,160000.0,60,0.0,Urban,1
LN2025107722,38,Male,Married,0,Salaried,12,33800.0,0.0,6000.0,845,Vehicle,290000.0,48,340000.0,Rural,1
LN2025101973,36,Male,Married,2,Salaried,14,56300.0,38400.0,0.0,784,Vehicle,460000.0,48,470000.0,Urban,1
LN2025100957,44,Transgender,Married,1,Salaried,19,34800.0,0.0,0.0,687,Vehicle,260000.0,60,260000.0,Rural,0
LN2025102040,25,Male,Single,0,Salaried,2,58000.0,0.0,9500.0,790,Vehicle,690000.0,60,900000.0,Urban,1
LN2025104988,35,Female,Married,1,Salaried,9,17500.0,0.0,5100.0,788,Personal,210000.0,60,0.0,Semi-Urban,0
LN2025102404,50,Female,Married,3,Salaried,25,37400.0,0.0,5400.0,757,Personal,150000.0,36,0.0,Urban,1
LN2025107514,44,Male,Married,2,SENP,22,82400.0,0.0,0.0,833,Business,1240000.0,24,2240000.0,Urban,1
LN2025104700,47,Male,Married,1,Salaried,24,60000.0,0.0,0.0,720,Home,1300000.0,120,1510000.0,Semi-Urban,1
LN2025106948,34,Female,Married,1,Salaried,10,69400.0,41500.0,0.0,839,Home,4200000.0,240,5970000.0,Urban,1
LN2025107158,50,Male,Married,1,SENP,29,85500.0,25000.0,0.0,800,Home,3310000.0,180,5890000.0,Semi-Urban,1
LN2025102319,32,Female,Married,3,SENP,5,35300.0,0.0,0.0,756,Personal,280000.0,60,0.0,Semi-Urban,1
LN2025103835,56,Male,Married,2,SENP,32,87700.0,28800.0,0.0,736,Business,1430000.0,36,0.0,Urban,1
LN2025105842,42,Female,Widowed,0,SENP,14,24400.0,0.0,5100.0,-1,Vehicle,70000.0,24,70000.0,Urban,0
LN2025101299,32,Male,Married,3,SENP,14,52800.0,59000.0,0.0,589,Business,1030000.0,48,1690000.0,Semi-Urban,0
LN2025107187,30,Female,Single,1,Salaried,5,69500.0,0.0,10900.0,789,Home,1940000.0,300,2700000.0,Rural,1
LN2025108865,40,Female,Single,0,Salaried,14,50500.0,0.0,5200.0,698,Vehicle,140000.0,12,150000.0,Urban,0
LN2025109844,34,Female,Married,0,Salaried,10,57900.0,0.0,2400.0,893,Home,1750000.0,120,2510000.0,Urban,1
LN2025103641,42,Male,Married,1,Salaried,19,92300.0,0.0,0.0,-1,Personal,560000.0,36,0.0,Semi-Urban,0
LN2025103169,47,Female,Single,0,Salaried,21,39200.0,0.0,0.0,683,Vehicle,330000.0,36,380000.0,Urban,0
LN2025103207,23,Male,Single,0,Salaried,2,61100.0,0.0,0.0,806,Personal,590000.0,60,0.0,Semi-Urban,1
LN2025109501,29,Male,Single,0,Salaried,8,22500.0,0.0,2700.0,739,Business,100000.0,60,0.0,Urban,1
LN2025103054,33,Female,Married,1,Salaried,9,35500.0,0.0,5000.0,818,Vehicle,290000.0,60,320000.0,Semi-Urban,1
LN2025108549,25,Male,Married,1,Salaried,4,26200.0,30200.0,11200.0,642,Vehicle,280000.0,36,310000.0,Urban,0
LN2025107637,33,Male,Single,0,Salaried,10,17400.0,0.0,0.0,581,Personal,160000.0,24,0.0,Semi-Urban,0
LN2025102387,41,Male,Widowed,0,Salaried,20,106200.0,0.0,0.0,780,Home,2270000.0,180,3070000.0,Urban,1
LN2025101816,33,Male,Married,2,Salaried,11,57200.0,0.0,0.0,436,Vehicle,110000.0,24,160000.0,Semi-Urban,0
LN2025107408,50,Male,Divorced,0,SENP,25,86600.0,0.0,0.0,-1,Business,640000.0,36,0.0,Urban,1
LN2025100545,52,Male,Married,3,SENP,31,121900.0,67000.0,0.0,-1,Business,1850000.0,48,0.0,Urban,1
LN2025108725,32,Female,Single,0,SEP,3,24500.0,22800.0,0.0,536,Business,630000.0,48,0.0,Urban,0
LN2025108727,36,Male,Married,2,Salaried,13,53300.0,0.0,0.0,738,Vehicle,110000.0,36,110000.0,Urban,1
LN2025104235,33,Female,Single,0,Salaried,9,28800.0,0.0,0.0,687,Personal,230000.0,48,0.0,Urban,1
LN2025106089,33,Male,Married,2,Salaried,8,27100.0,0.0,0.0,613,Vehicle,180000.0,84,180000.0,Rural,0
LN2025103186,39,Male,Married,1,Salaried,17,43500.0,15700.0,7400.0,768,Home,2100000.0,240,2780000.0,Semi-Urban,1
LN2025102978,32,Female,Single,1,Salaried,7,73600.0,0.0,0.0,601,Home,2860000.0,300,3830000.0,Semi-Urban,0
LN2025106497,39,Male,Married,1,SENP,13,64800.0,0.0,0.0,-1,Business,630000.0,24,0.0,Urban,1
LN2025107774,32,Female,Married,2,Salaried,10,19800.0,16100.0,0.0,620,Home,1200000.0,180,2220000.0,Semi-Urban,0
LN2025103634,32,Male,Married,2,SENP,13,16500.0,0.0,0.0,693,Business,100000.0,84,0.0,Rural,1
LN2025100834,31,Female,Married,3,SENP,1,35700.0,0.0,0.0,694,Vehicle,760000.0,60,1080000.0,Urban,0
LN2025102779,27,Male,Single,0,Salaried,2,41100.0,0.0,0.0,566,Vehicle,350000.0,60,460000.0,Semi-Urban,0
LN2025106525,33,Male,Married,0,Salaried,10,46200.0,0.0,11700.0,573,Personal,360000.0,60,0.0,Urban,0
LN2025108531,38,Male,Single,0,Salaried,13,158400.0,0.0,54300.0,858,Personal,1780000.0,36,0.0,Urban,0
LN2025106638,42,Male,Married,0,SENP,13,334700.0,0.0,0.0,754,Business,3270000.0,24,6540000.0,Semi-Urban,1
LN2025108167,44,Unknown,Married,1,Salaried,20,90200.0,0.0,6600.0,761,Vehicle,150000.0,12,210000.0,Urban,1
LN2025105147,38,Male,Married,1,Salaried,15,126400.0,16100.0,9900.0,568,Home,4100000.0,180,6580000.0,Rural,0
LN2025108689,47,Female,Single,0,Salaried,23,220500.0,0.0,21800.0,692,Vehicle,1320000.0,60,1600000.0,Urban,1
LN2025109116,30,Male,Single,0,SEP,3,24200.0,0.0,11600.0,647,Vehicle,340000.0,60,480000.0,Urban,0
LN2025109027,55,Male,Married,2,SEP,12,151100.0,0.0,0.0,773,Personal,1070000.0,24,0.0,Semi-Urban,1
LN2025100618,40,Male,Single,0,Salaried,17,38800.0,28700.0,0.0,758,Home,2140000.0,180,2300000.0,Urban,0
LN2025104421,40,Male,Married,2,Salaried,19,104300.0,0.0,0.0,704,Home,3510000.0,240,4320000.0,Urban,0
LN2025100267,26,Female,Single,2,Salaried,4,42400.0,0.0,0.0,682,Home,1200000.0,180,2240000.0,Semi-Urban,1
LN2025105534,38,Female,Married,2,Salaried,17,64100.0,0.0,0.0,808,Personal,1180000.0,36,0.0,Rural,0
LN2025105114,47,Male,Married,0,SENP,23,43600.0,21300.0,0.0,864,Business,540000.0,48,900000.0,Semi-Urban,1
LN2025104202,43,Female,Married,2,Salaried,19,40100.0,0.0,0.0,794,Personal,100000.0,36,0.0,Urban,1
LN2025108356,26,Male,Single,0,SENP,0,15000.0,0.0,0.0,673,Home,2805000.0,180,1020000.0,Rural,0
LN2025106107,42,Male,Married,2,SENP,22,110200.0,0.0,34300.0,767,Business,1180000.0,84,0.0,Urban,1
LN2025109567,22,Male,Single,0,Salaried,0,77100.0,0.0,1800.0,596,Personal,700000.0,48,0.0,Urban,0
LN2025102951,31,Male,Married,2,SEP,3,9000.0,21000.0,0.0,777,Business,100000.0,60,160000.0,Semi-Urban,1
LN2025101728,24,Female,Single,0,SEP,0,56100.0,0.0,0.0,763,Vehicle,80000.0,24,110000.0,Urban,0
LN2025106875,52,Male,Married,1,Salaried,26,209900.0,25800.0,97100.0,658,Home,7450000.0,360,9420000.0,Semi-Urban,0
LN2025104595,30,Female,Married,1,Salaried,7,40200.0,0.0,0.0,791,Personal,320000.0,60,0.0,Urban,1
LN2025109072,27,Male,Single,1,Salaried,5,47200.0,0.0,0.0,811,Personal,200000.0,36,0.0,Urban,1
LN2025106204,33,Male,Married,3,SENP,12,124200.0,14600.0,0.0,745,Business,1890000.0,24,3240000.0,Semi-Urban,0
LN2025100590,28,Male,Married,2,SEP,2,55300.0,0.0,0.0,753,Personal,520000.0,24,0.0,Rural,0
LN2025105480,53,Male,Married,2,SENP,28,84500.0,0.0,0.0,738,Business,630000.0,24,950000.0,Urban,1
LN2025109337,39,Male,Married,1,SENP,9,44800.0,36800.0,0.0,830,Home,2660000.0,120,3860000.0,Urban,0
LN2025108480,47,Male,Married,1,Salaried,24,41600.0,0.0,0.0,702,Vehicle,340000.0,60,400000.0,Semi-Urban,1
LN2025109119,38,Female,Married,2,SENP,16,27000.0,0.0,2900.0,822,Personal,150000.0,36,0.0,Semi-Urban,1
LN2025107049,35,Male,Married,3,SEP,7,137600.0,0.0,0.0,818,Home,5230000.0,300,7570000.0,Urban,1
LN2025100425,31,Male,Married,2,Salaried,12,58400.0,0.0,0.0,823,Personal,1230000.0,24,0.0,Semi-Urban,0
LN2025106401,43,Male,Married,0,Salaried,21,110900.0,0.0,25500.0,708,Personal,1160000.0,24,0.0,Urban,0
LN2025103289,36,Male,Married,1,Salaried,11,50500.0,0.0,0.0,797,Personal,470000.0,48,0.0,Urban,1
LN2025107629,40,Female,Married,2,Salaried,17,67400.0,0.0,24700.0,842,Personal,750000.0,60,0.0,Urban,0
LN2025101080,28,Male,Single,0,Salaried,6,60000.0,0.0,0.0,770,Personal,300000.0,12,0.0,Semi-Urban,1
LN2025107308,34,Male,Married,2,Salaried,8,29500.0,0.0,0.0,-1,Home,1690000.0,300,2330000.0,Rural,1
LN2025107284,42,Female,Married,2,SENP,13,66200.0,0.0,5200.0,646,Business,740000.0,48,1410000.0,Urban,0
LN2025101129,45,Male,Married,3,SENP,18,219000.0,0.0,63200.0,706,Vehicle,3320000.0,48,3940000.0,Urban,0
LN2025104394,37,Male,Married,1,Salaried,14,183800.0,0.0,40500.0,777,Personal,1160000.0,36,0.0,Urban,1
LN2025104148,37,Male,Married,1,Salaried,16,39200.0,0.0,4100.0,792,Personal,220000.0,24,0.0,Semi-Urban,1
LN2025100170,47,Female,Married,2,SEP,21,92100.0,0.0,32300.0,816,Business,630000.0,60,0.0,Rural,1
LN2025103674,41,Male,Married,2,SENP,11,87000.0,56700.0,0.0,680,Home,3170000.0,240,6460000.0,Urban,1
LN2025109001,30,Male,Married,2,Salaried,6,65600.0,0.0,0.0,721,Personal,400000.0,36,0.0,Rural,1
LN2025108283,37,Male,Married,1,Salaried,15,58200.0,51800.0,0.0,-1,Personal,670000.0,60,0.0,Urban,1
LN2025104927,39,Male,Married,2,SENP,12,88900.0,29400.0,0.0,686,Business,410000.0,48,0.0,Urban,1
LN2025101200,23,Male,Single,1,Salaried,2,60300.0,0.0,0.0,799,Personal,520000.0,36,0.0,Rural,1
LN2025109862,37,Male,Married,1,Salaried,14,47400.0,0.0,3600.0,738,Personal,300000.0,36,0.0,Urban,1
LN2025105419,36,Male,Married,3,Salaried,13,21400.0,0.0,0.0,675,Home,500000.0,180,900000.0,Urban,1
LN2025105928,28,Female,Single,0,Salaried,4,19400.0,0.0,7100.0,790,Vehicle,190000.0,60,220000.0,Semi-Urban,0
LN2025101879,29,Male,Married,2,Salaried,3,46300.0,0.0,0.0,807,Personal,370000.0,60,0.0,Urban,1
LN2025101108,36,Male,Married,2,Salaried,14,42500.0,0.0,0.0,646,Personal,280000.0,48,0.0,Urban,0
LN2025100586,41,Male,Married,1,SENP,16,114000.0,89500.0,0.0,766,Business,630000.0,48,2210000.0,Urban,1
LN2025104526,40,Male,Married,0,SEP,11,46000.0,30300.0,0.0,580,Business,460000.0,48,680000.0,Urban,0
LN2025108696,22,Male,Single,0,Salaried,0,43000.0,0.0,3600.0,716,Vehicle,680000.0,48,720000.0,Urban,0
LN2025109732,44,Male,Married,1,Salaried,22,62900.0,0.0,15000.0,698,Personal,350000.0,36,0.0,Rural,0
LN2025109409,47,Male,Married,3,SENP,21,27800.0,48800.0,0.0,762,Vehicle,600000.0,60,650000.0,Semi-Urban,1
LN2025107891,26,Female,Single,2,Salaried,0,22100.0,0.0,2600.0,756,Vehicle,100000.0,12,100000.0,Urban,0
LN2025107030,50,Male,Married,2,Salaried,26,32900.0,0.0,7000.0,706,Personal,260000.0,36,0.0,Urban,1
LN2025103318,53,Male,Married,1,SENP,31,30300.0,0.0,0.0,713,Business,340000.0,48,630000.0,Semi-Urban,1
LN2025106647,45,Male,Married,3,SEP,16,317200.0,0.0,0.0,814,Business,2800000.0,60,0.0,Urban,1
LN2025100269,52,Male,Married,3,SENP,24,170400.0,0.0,0.0,571,Business,1020000.0,48,1960000.0,Urban,0
LN2025105053,41,Male,Single,0,Salaried,18,63400.0,0.0,0.0,779,Home,3020000.0,120,4260000.0,Urban,0
LN2025101719,32,Female,Married,2,SEP,3,16900.0,63700.0,0.0,774,Business,520000.0,12,1160000.0,Rural,0
LN2025100540,27,Unknown,Single,0,Salaried,5,35200.0,0.0,0.0,722,Home,2960000.0,180,4930000.0,Urban,0
LN2025107541,29,Female,Single,0,SEP,2,68500.0,16800.0,0.0,-1,Business,230000.0,48,380000.0,Rural,0
LN2025100212,44,Male,Married,2,SENP,22,347300.0,23300.0,0.0,861,Home,15850000.0,240,18550000.0,Urban,0
LN2025100630,35,Male,Married,1,Salaried,12,53100.0,35400.0,0.0,668,Personal,340000.0,36,0.0,Urban,1
LN2025106009,28,Female,Married,2,Salaried,4,50100.0,0.0,28200.0,690,Personal,490000.0,24,0.0,Urban,0
LN2025104415,26,Male,Single,0,SENP,2,31400.0,0.0,0.0,708,Business,280000.0,60,510000.0,Urban,0
LN2025103563,47,Male,Married,2,SENP,26,104500.0,40600.0,0.0,831,Business,1000000.0,60,1850000.0,Urban,1
LN2025107175,44,Unknown,Married,1,Salaried,21,38200.0,36400.0,0.0,765,Home,2350000.0,180,3440000.0,Semi-Urban,1
LN2025100979,35,Male,Married,0,SENP,16,100100.0,0.0,0.0,710,Vehicle,140000.0,36,190000.0,Urban,1
LN2025100104,34,Male,Married,2,SENP,10,258900.0,0.0,17900.0,639,Business,2170000.0,84,0.0,Urban,0
LN2025102270,37,Male,Married,2,SENP,16,43500.0,17100.0,2100.0,745,Home,1460000.0,180,2170000.0,Semi-Urban,1
LN2025104842,37,Female,Married,1,Salaried,16,96400.0,83600.0,0.0,794,Home,16780000.0,240,24060000.0,Semi-Urban,0
LN2025109789,41,Female,Married,2,Salaried,15,38100.0,0.0,0.0,737,Personal,380000.0,36,0.0,Urban,1
LN2025104076,30,Female,Married,2,Salaried,9,41600.0,0.0,0.0,668,Personal,260000.0,36,0.0,Urban,1
LN2025108644,47,Male,Married,3,Salaried,22,68400.0,0.0,3500.0,695,Vehicle,1010000.0,36,1230000.0,Urban,1
LN2025104973,42,Male,Married,0,SEP,12,42300.0,0.0,0.0,832,Vehicle,100000.0,24,120000.0,Urban,1
LN2025107836,47,Male,Married,0,Salaried,25,152200.0,0.0,12200.0,669,Vehicle,2100000.0,60,2520000.0,Urban,1
LN2025105486,44,Male,Married,3,SENP,23,169800.0,0.0,52700.0,647,Business,1100000.0,60,0.0,Urban,0
LN2025106683,28,Female,Single,0,Salaried,7,23100.0,28700.0,0.0,735,Home,3080000.0,360,4330000.0,Rural,0
LN2025101980,43,Female,Divorced,0,Salaried,17,21300.0,0.0,0.0,-1,Vehicle,130000.0,60,140000.0,Rural,1
LN2025100669,32,Female,Married,1,Salaried,11,17200.0,0.0,2700.0,734,Personal,170000.0,24,0.0,Rural,0
LN2025104217,49,Male,Married,1,SEP,21,518200.0,73400.0,0.0,823,Business,3270000.0,60,6920000.0,Urban,1
LN2025105013,34,Male,Married,2,Salaried,13,21000.0,0.0,0.0,682,Home,690000.0,240,1300000.0,Semi-Urban,0
LN2025104125,57,Male,Single,0,Salaried,31,33000.0,0.0,0.0,805,Personal,250000.0,36,0.0,Rural,1
LN2025105352,35,Male,Married,2,Salaried,10,43200.0,0.0,3400.0,645,Personal,290000.0,36,0.0,Urban,0
LN2025102966,44,Male,Married,3,SEP,13,192800.0,0.0,0.0,573,Business,1480000.0,60,0.0,Semi-Urban,0
LN2025105119,42,Female,Married,2,SENP,13,24100.0,25600.0,7500.0,730,Business,360000.0,12,0.0,Rural,0
LN2025104561,46,Male,Married,1,SENP,22,52800.0,0.0,2000.0,723,Home,1080000.0,180,1680000.0,Urban,1
LN2025106604,38,Male,Married,3,Salaried,15,27900.0,0.0,10300.0,697,Personal,320000.0,36,0.0,Urban,0
LN2025106860,21,Female,Single,1,SENP,3,8000.0,0.0,0.0,782,Business,100000.0,60,270000.0,Rural,0
LN2025106719,30,Male,Married,0,Salaried,8,28300.0,0.0,0.0,767,Vehicle,340000.0,36,350000.0,Urban,1
LN2025103348,49,Male,Married,2,SEP,22,164500.0,60500.0,0.0,727,Vehicle,2180000.0,48,2280000.0,Urban,1
LN2025103499,34,Male,Married,0,SENP,13,72900.0,0.0,0.0,660,Personal,900000.0,60,0.0,Rural,0
LN2025108560,37,Male,Single,1,Salaried,13,49900.0,0.0,14700.0,547,Home,1220000.0,180,1630000.0,Semi-Urban,0
LN2025103542,40,Male,Married,2,SENP,18,132900.0,77000.0,49700.0,756,Home,9100000.0,120,11000000.0,Urban,0
LN2025100875,27,Male,Single,3,Salaried,6,41500.0,0.0,0.0,640,Home,1650000.0,180,2030000.0,Rural,0
LN2025107754,54,Unknown,Married,3,SEP,26,184300.0,36800.0,0.0,617,Home,9770000.0,120,13760000.0,Urban,0
LN2025101796,33,Male,Married,3,SEP,3,79800.0,0.0,0.0,785,Vehicle,1430000.0,60,1550000.0,Urban,1
LN2025105894,28,Female,Married,3,Salaried,6,21600.0,0.0,0.0,739,Personal,180000.0,60,0.0,Rural,1
LN2025103891,35,Male,Married,3,Salaried,11,41100.0,45500.0,19800.0,804,Personal,260000.0,60,0.0,Rural,1
LN2025109355,39,Male,Unknown,1,Salaried,12,45300.0,0.0,8200.0,709,Vehicle,280000.0,48,360000.0,Urban,1
LN2025105966,46,Male,Married,2,SEP,18,154500.0,29800.0,0.0,756,Vehicle,90000.0,36,120000.0,Semi-Urban,1
LN2025100017,28,Male,Single,2,Salaried,7,38800.0,0.0,0.0,763,Personal,440000.0,60,0.0,Semi-Urban,1
LN2025108914,20,Male,Single,0,Salaried,0,45100.0,0.0,0.0,740,Home,1830000.0,240,3390000.0,Rural,0
LN2025103813,43,Female,Married,3,Salaried,21,47700.0,0.0,0.0,576,Personal,430000.0,60,0.0,Urban,0
LN2025105820,31,Male,Married,3,Salaried,7,27300.0,50600.0,0.0,749,Home,2110000.0,180,3980000.0,Urban,0
LN2025104516,30,Female,Married,1,Salaried,6,35500.0,0.0,0.0,732,Vehicle,110000.0,36,120000.0,Urban,0
LN2025107914,47,Male,Married,2,SEP,18,403500.0,67600.0,0.0,705,Vehicle,2180000.0,48,2560000.0,Semi-Urban,1
LN2025107237,26,Male,Single,1,Salaried,1,42500.0,19300.0,5700.0,703,Home,4110000.0,300,7950000.0,Rural,0
LN2025103638,48,Male,Married,3,SENP,21,29700.0,22300.0,0.0,696,Business,170000.0,84,0.0,Semi-Urban,1
LN2025103775,32,Male,Married,2,SENP,6,139400.0,31500.0,0.0,810,Business,550000.0,60,1340000.0,Urban,1
LN2025108163,36,Male,Married,0,SENP,11,99100.0,108400.0,0.0,721,Business,1040000.0,60,1620000.0,Urban,1
LN2025109229,44,Male,Married,1,Salaried,23,44100.0,43700.0,0.0,760,Home,2280000.0,180,3570000.0,Semi-Urban,1
LN2025100828,23,Male,Married,3,Salaried,0,32200.0,0.0,0.0,666,Personal,140000.0,36,0.0,Urban,0
LN2025106839,29,Male,Married,1,SEP,0,69400.0,83800.0,43100.0,811,Personal,500000.0,60,0.0,Urban,0
LN2025101751,46,Female,Married,2,SENP,25,100100.0,0.0,0.0,736,Personal,730000.0,24,0.0,Urban,1
LN2025102787,44,Male,Married,1,SEP,15,44000.0,21700.0,0.0,634,Business,790000.0,12,1300000.0,Rural,0
LN2025103920,44,Female,Married,2,SEP,18,30400.0,25900.0,0.0,723,Home,1240000.0,180,1480000.0,Rural,1
LN2025108801,45,Unknown,Married,2,SENP,24,228900.0,0.0,0.0,-1,Vehicle,2110000.0,84,2810000.0,Urban,1
LN2025101753,37,Male,Married,3,SENP,7,56300.0,0.0,0.0,748,Vehicle,660000.0,60,730000.0,Urban,1
LN2025104449,32,Male,Single,0,SENP,2,146600.0,0.0,0.0,765,Business,460000.0,84,1300000.0,Semi-Urban,0
LN2025100642,24,Male,Married,2,Salaried,1,33200.0,0.0,0.0,-1,Personal,220000.0,36,0.0,Rural,0
LN2025100242,36,Female,Single,0,Salaried,12,23700.0,47100.0,4900.0,662,Home,1700000.0,180,2220000.0,Urban,1
LN2025108046,26,Female,Single,0,SENP,3,26000.0,0.0,7900.0,672,Vehicle,210000.0,48,230000.0,Urban,0
LN2025104229,35,Male,Married,1,Salaried,15,107600.0,0.0,4500.0,726,Personal,1410000.0,60,0.0,Urban,0
LN2025107531,33,Female,Married,2,Salaried,7,31000.0,0.0,0.0,721,Personal,310000.0,60,0.0,Semi-Urban,1
LN2025103788,42,Male,Married,3,SENP,23,30700.0,0.0,0.0,799,Vehicle,220000.0,48,260000.0,Rural,1
LN2025109262,38,Male,Single,0,SENP,13,36500.0,54600.0,10200.0,844,Vehicle,1210000.0,60,1630000.0,Urban,1
LN2025100741,43,Male,Married,1,Salaried,20,85200.0,0.0,4100.0,706,Home,4200000.0,180,8770000.0,Rural,1
LN2025105771,33,Female,Married,1,Salaried,9,38000.0,39500.0,18600.0,789,Home,2080000.0,180,2450000.0,Semi-Urban,1
LN2025102533,33,Female,Married,0,Salaried,8,18000.0,67600.0,0.0,694,Personal,210000.0,48,0.0,Urban,1
LN2025106785,28,Female,Married,2,Salaried,5,38100.0,76700.0,0.0,738,Vehicle,1710000.0,60,2100000.0,Urban,1
LN2025109291,32,Male,Married,1,SENP,5,14600.0,24800.0,0.0,815,Business,260000.0,36,0.0,Semi-Urban,1
LN2025106006,32,Male,Single,0,Salaried,8,75300.0,0.0,0.0,722,Personal,420000.0,36,0.0,Semi-Urban,1
LN2025108058,23,Female,Single,0,Salaried,0,58000.0,0.0,400.0,781,Personal,260000.0,48,0.0,Urban,0
LN2025100504,50,Female,Married,2,SENP,24,120100.0,0.0,32700.0,721,Business,530000.0,60,0.0,Urban,0
LN2025100354,56,Male,Single,2,SENP,27,212000.0,0.0,0.0,725,Business,1880000.0,60,2510000.0,Urban,1
LN2025109484,42,Male,Married,2,Salaried,19,21400.0,0.0,0.0,695,Vehicle,210000.0,36,250000.0,Rural,1
LN2025104562,27,Male,Single,1,Salaried,4,11500.0,0.0,2300.0,674,Home,510000.0,300,760000.0,Semi-Urban,0
LN2025108434,39,Male,Married,1,Salaried,15,44700.0,0.0,4900.0,715,Personal,920000.0,60,0.0,Urban,0
LN2025100706,27,Male,Married,3,Salaried,5,67900.0,0.0,7700.0,718,Personal,780000.0,60,0.0,Urban,0
LN2025107497,44,Male,Married,1,SEP,17,159100.0,0.0,34700.0,765,Business,520000.0,36,810000.0,Urban,1
LN2025107050,41,Female,Married,1,Salaried,16,143800.0,0.0,24300.0,731,Personal,510000.0,36,0.0,Urban,0
LN2025103006,31,Male,Married,1,Salaried,5,62300.0,43600.0,0.0,671,Personal,340000.0,36,0.0,Urban,1
LN2025101625,41,Female,Married,2,Salaried,16,49100.0,30700.0,8000.0,711,Home,3210000.0,180,6410000.0,Semi-Urban,1
LN2025102418,36,Male,Married,1,Salaried,12,19400.0,0.0,0.0,851,Vehicle,80000.0,48,80000.0,Rural,1
LN2025108158,46,Male,Single,0,SENP,18,73800.0,35400.0,12600.0,797,Home,4700000.0,180,8160000.0,Semi-Urban,1
LN2025103701,29,Male,Married,3,SEP,0,171300.0,0.0,0.0,859,Personal,1470000.0,36,0.0,Urban,0
LN2025102061,50,Female,Widowed,0,SENP,25,12500.0,0.0,0.0,651,Personal,100000.0,24,0.0,Rural,0
LN2025102323,24,Female,Single,2,Salaried,0,27800.0,0.0,0.0,738,Personal,150000.0,36,0.0,Semi-Urban,0
LN2025101256,24,Female,Single,3,Salaried,0,35600.0,0.0,0.0,810,Personal,690000.0,12,0.0,Urban,0
LN2025102115,27,Female,Single,0,Salaried,6,26500.0,0.0,6000.0,782,Personal,250000.0,48,0.0,Urban,1
LN2025105661,32,Male,Married,2,SEP,3,173400.0,0.0,52200.0,827,Home,10810000.0,240,18760000.0,Urban,0
LN2025103064,29,Male,Single,0,SENP,10,31600.0,0.0,0.0,678,Personal,210000.0,60,0.0,Semi-Urban,1
LN2025102442,39,Male,Married,2,Salaried,15,26000.0,0.0,0.0,-1,Personal,310000.0,60,0.0,Rural,1
LN2025109389,37,Male,Married,3,Salaried,15,114700.0,68800.0,0.0,751,Home,5640000.0,240,7880000.0,Urban,1
LN2025106271,68,Male,Married,1,SENP,42,61200.0,47400.0,3800.0,814,Business,1310000.0,36,3430000.0,Semi-Urban,0
LN2025108879,30,Male,Married,1,Salaried,7,86100.0,0.0,0.0,735,Vehicle,120000.0,36,140000.0,Urban,1
LN2025100567,46,Male,Widowed,0,Salaried,25,78100.0,0.0,19100.0,720,Home,3670000.0,180,4990000.0,Urban,0
LN2025106102,35,Male,Married,1,Salaried,12,37200.0,0.0,10700.0,660,Personal,220000.0,36,0.0,Semi-Urban,0
LN2025106427,28,Male,Single,0,Salaried,6,33400.0,21900.0,0.0,849,Home,1710000.0,240,2480000.0,Semi-Urban,1
LN2025102934,40,Female,Married,0,SEP,14,162900.0,0.0,0.0,783,Personal,1480000.0,36,0.0,Urban,1
LN2025103043,20,Female,Single,0,Salaried,0,11100.0,0.0,0.0,673,Vehicle,100000.0,60,100000.0,Rural,0
LN2025107711,43,Male,Divorced,0,Salaried,21,31300.0,0.0,0.0,600,Personal,310000.0,36,0.0,Rural,0
LN2025104100,51,Female,Married,1,SENP,27,151600.0,0.0,0.0,719,Vehicle,1190000.0,84,1390000.0,Semi-Urban,1
LN2025104357,29,Male,Single,0,SEP,1,49200.0,0.0,0.0,756,Business,490000.0,84,670000.0,Semi-Urban,0
LN2025108335,53,Female,Married,2,Salaried,31,69200.0,21400.0,5300.0,713,Personal,400000.0,24,0.0,Semi-Urban,1
LN2025108367,33,Female,Married,2,Salaried,8,35600.0,72400.0,0.0,845,Personal,1130000.0,36,0.0,Urban,1
LN2025109642,51,Male,Married,2,SEP,23,88200.0,31500.0,0.0,702,Home,3390000.0,120,4240000.0,Urban,1
LN2025109774,24,Male,Unknown,0,Salaried,6,26300.0,0.0,0.0,-1,Vehicle,120000.0,36,120000.0,Rural,0
LN2025101643,47,Female,Married,0,SENP,19,116400.0,0.0,0.0,745,Business,510000.0,60,0.0,Urban,1
LN2025106852,41,Male,Married,1,Salaried,21,57200.0,0.0,4400.0,704,Vehicle,110000.0,36,150000.0,Urban,1
LN2025109518,37,Male,Married,0,SENP,15,18300.0,45700.0,0.0,674,Business,370000.0,12,0.0,Urban,0
LN2025103004,41,Male,Married,1,SEP,12,182000.0,0.0,10600.0,726,Business,860000.0,24,0.0,Rural,1
LN2025102211,51,Male,Married,2,Salaried,26,54700.0,0.0,30900.0,797,Home,4810000.0,360,6800000.0,Urban,0
LN2025105052,43,Female,Married,2,Salaried,22,61200.0,0.0,13700.0,785,Vehicle,890000.0,60,1020000.0,Urban,1
LN2025107983,48,Male,Married,3,SENP,23,615700.0,0.0,0.0,746,Home,16160000.0,120,30500000.0,Urban,0
LN2025100289,34,Female,Married,0,Salaried,11,53000.0,0.0,4700.0,738,Vehicle,720000.0,60,730000.0,Urban,1
LN2025105748,39,Male,Married,3,SEP,10,83100.0,0.0,0.0,762,Business,840000.0,84,1610000.0,Rural,1
LN2025101359,20,Male,Single,1,Salaried,0,21400.0,43800.0,0.0,780,Home,2410000.0,240,3920000.0,Semi-Urban,0
LN2025100970,38,Male,Married,1,Salaried,16,91800.0,49000.0,0.0,-1,Personal,600000.0,12,0.0,Urban,0
LN2025109864,40,Female,Married,3,Salaried,15,37500.0,0.0,5400.0,767,Vehicle,340000.0,60,470000.0,Urban,1
LN2025101249,35,Male,Single,2,SEP,4,75300.0,0.0,16000.0,640,Home,3280000.0,240,5160000.0,Urban,0
LN2025106133,51,Male,Single,0,Salaried,28,69600.0,0.0,0.0,757,Vehicle,110000.0,36,130000.0,Urban,1
LN2025105767,45,Male,Married,1,Salaried,25,81100.0,101100.0,44200.0,862,Home,15780000.0,120,23480000.0,Urban,0
LN2025107933,40,Male,Married,3,Salaried,19,48600.0,0.0,0.0,603,Personal,160000.0,36,0.0,Urban,0
LN2025106321,36,Male,Married,3,Salaried,14,16000.0,0.0,0.0,684,Home,500000.0,240,1430000.0,Urban,0
LN2025107084,34,Female,Married,1,Salaried,9,74900.0,107000.0,0.0,771,Home,18210000.0,240,31280000.0,Urban,1
LN2025108389,36,Male,Married,3,Salaried,12,64900.0,0.0,23400.0,751,Personal,330000.0,36,0.0,Urban,1
LN2025105144,45,Female,Married,3,SENP,25,56200.0,0.0,27500.0,678,Vehicle,880000.0,84,1240000.0,Semi-Urban,0
LN2025100235,39,Female,Married,1,Salaried,17,103000.0,27400.0,0.0,736,Home,6900000.0,240,12430000.0,Urban,1
LN2025108770,30,Male,Married,0,Salaried,6,18900.0,0.0,0.0,570,Personal,160000.0,24,0.0,Rural,0
LN2025104632,35,Male,Married,3,Salaried,15,94800.0,0.0,23300.0,733,Personal,910000.0,48,0.0,Urban,1
LN2025104452,38,Female,Married,1,SENP,8,65400.0,0.0,4200.0,765,Vehicle,150000.0,24,190000.0,Urban,1
LN2025109745,31,Male,Single,0,SENP,4,8000.0,0.0,1700.0,736,Business,100000.0,48,0.0,Rural,0
LN2025107699,39,Male,Married,3,SENP,17,262900.0,0.0,0.0,778,Home,4790000.0,120,7470000.0,Urban,1
LN2025103883,37,Female,Married,2,Salaried,11,54700.0,0.0,0.0,756,Personal,300000.0,36,0.0,Urban,1
LN2025108372,28,Female,Single,0,Salaried,7,24600.0,0.0,0.0,702,Vehicle,170000.0,60,240000.0,Urban,1
LN2025104280,45,Male,Married,3,SENP,24,55200.0,0.0,0.0,812,Home,2190000.0,240,2510000.0,Urban,1
LN2025105077,51,Male,Married,0,SEP,20,182600.0,37700.0,0.0,645,Home,10800000.0,120,20920000.0,Urban,0
LN2025106753,45,Female,Married,2,Salaried,22,62900.0,0.0,7600.0,721,Personal,440000.0,48,0.0,Urban,0
LN2025103149,36,Male,Married,3,Salaried,15,41200.0,0.0,0.0,759,Vehicle,220000.0,36,260000.0,Semi-Urban,1
LN2025104579,34,Male,Married,0,Salaried,13,71700.0,44500.0,27600.0,757,Personal,670000.0,36,0.0,Semi-Urban,1
LN2025101856,34,Male,Married,3,Salaried,11,32300.0,0.0,0.0,739,Vehicle,160000.0,60,190000.0,Rural,1
LN2025100971,39,Male,Married,1,SENP,14,15300.0,36700.0,9700.0,794,Home,2410000.0,300,4670000.0,Urban,0
LN2025103520,20,Male,Single,0,Salaried,0,56300.0,0.0,0.0,790,Personal,710000.0,12,0.0,Urban,0
LN2025109487,36,Female,Married,3,Salaried,10,34200.0,81500.0,0.0,707,Vehicle,980000.0,60,1360000.0,Urban,1
LN2025103299,35,Female,Married,1,Salaried,12,35600.0,33400.0,10700.0,707,Home,1580000.0,180,2380000.0,Urban,1
LN2025106462,29,Male,Married,2,Salaried,9,44100.0,0.0,1800.0,839,Personal,280000.0,24,0.0,Urban,1
LN2025102682,42,Male,Married,3,SEP,12,41000.0,25200.0,0.0,773,Home,2030000.0,240,2320000.0,Rural,1
LN2025105188,37,Male,Single,0,SEP,10,130300.0,33900.0,0.0,786,Home,9160000.0,300,11960000.0,Urban,0
LN2025100224,52,Female,Married,3,SEP,24,162800.0,25400.0,0.0,736,Home,7880000.0,120,11010000.0,Semi-Urban,1
LN2025102013,37,Male,Married,1,Salaried,13,32600.0,0.0,6300.0,763,Business,230000.0,60,0.0,Semi-Urban,1
LN2025104536,35,Male,Married,3,Salaried,12,56800.0,0.0,7200.0,796,Personal,260000.0,48,0.0,Semi-Urban,1
LN2025100577,31,Male,Single,1,SENP,2,145800.0,0.0,14900.0,741,Business,720000.0,36,0.0,Urban,0
LN2025105830,39,Male,Married,2,Salaried,16,38400.0,0.0,500.0,784,Vehicle,230000.0,60,300000.0,Rural,1
LN2025103773,39,Female,Married,1,SENP,14,47100.0,0.0,0.0,787,Vehicle,1060000.0,36,1250000.0,Urban,0
LN2025108888,20,Male,Single,0,Salaried,0,52300.0,0.0,12300.0,756,Home,2520000.0,240,3650000.0,Urban,0
LN2025109688,44,Male,Divorced,0,Salaried,18,80600.0,0.0,0.0,674,Vehicle,1810000.0,84,2000000.0,Rural,1
LN2025108042,39,Male,Single,1,SENP,12,43000.0,27000.0,38300.0,703,Business,380000.0,36,0.0,Semi-Urban,0
LN2025106263,24,Male,Single,0,Salaried,3,116700.0,0.0,0.0,632,Home,3850000.0,120,4500000.0,Urban,0
LN2025102659,48,Male,Married,1,Salaried,26,75100.0,0.0,23200.0,780,Personal,240000.0,36,0.0,Urban,1
LN2025103802,22,Female,Single,0,Salaried,0,16600.0,0.0,0.0,708,Personal,100000.0,36,0.0,Semi-Urban,0
LN2025102039,34,Male,Single,1,SENP,15,89900.0,0.0,34400.0,792,Business,1600000.0,48,3080000.0,Semi-Urban,0
LN2025109799,38,Female,Married,1,SENP,9,106400.0,0.0,0.0,654,Personal,270000.0,12,0.0,Urban,0
LN2025108496,42,Male,Divorced,1,SEP,16,195900.0,0.0,56200.0,804,Vehicle,1260000.0,60,1780000.0,Urban,1
LN2025101641,37,Female,Married,2,Salaried,16,40500.0,27300.0,0.0,745,Home,1290000.0,240,1580000.0,Semi-Urban,1
LN2025108831,32,Male,Married,2,SENP,12,223100.0,45600.0,0.0,860,Home,8210000.0,180,13580000.0,Semi-Urban,1
LN2025101755,34,Female,Married,3,Salaried,11,36700.0,0.0,7300.0,643,Personal,440000.0,48,0.0,Rural,0
LN2025101869,43,Female,Married,2,Salaried,20,113300.0,0.0,0.0,661,Vehicle,1110000.0,60,1560000.0,Urban,0
LN2025107338,31,Male,Married,2,Salaried,6,51000.0,0.0,0.0,579,Personal,900000.0,36,0.0,Urban,0
LN2025100948,34,Male,Married,2,Salaried,12,55000.0,0.0,3300.0,664,Personal,580000.0,60,0.0,Semi-Urban,0
LN2025102460,39,Male,Married,0,SENP,13,160700.0,0.0,0.0,655,Vehicle,2080000.0,48,2180000.0,Urban,0
LN2025100751,40,Male,Married,2,Salaried,12,94600.0,0.0,23800.0,726,Personal,580000.0,24,0.0,Urban,0
LN2025102832,28,Male,Married,3,Salaried,6,52100.0,79200.0,35800.0,767,Vehicle,1280000.0,60,1640000.0,Urban,1
LN2025108233,35,Male,Married,3,SENP,16,35200.0,52600.0,0.0,638,Home,4660000.0,300,5420000.0,Urban,0
LN2025103398,29,Male,Married,1,Salaried,8,44800.0,0.0,0.0,601,Personal,550000.0,24,0.0,Urban,0
LN2025106778,38,Male,Married,2,Salaried,17,69400.0,0.0,20700.0,734,Home,1690000.0,180,2660000.0,Urban,1
LN2025105165,34,Male,Married,2,SENP,7,44400.0,0.0,0.0,781,Personal,560000.0,36,0.0,Urban,1
LN2025102155,37,Male,Married,3,SEP,9,287000.0,0.0,0.0,728,Business,5520000.0,36,0.0,Urban,0
LN2025101461,42,Male,Married,1,SEP,16,195800.0,0.0,0.0,-1,Home,7710000.0,120,11620000.0,Urban,1
LN2025108947,45,Male,Married,3,Salaried,21,85300.0,16500.0,12400.0,664,Home,4860000.0,120,6600000.0,Semi-Urban,0
LN2025106674,24,Male,Single,1,Salaried,0,11800.0,0.0,0.0,799,Personal,80000.0,60,0.0,Semi-Urban,0
LN2025100217,46,Female,Married,2,SENP,21,25300.0,0.0,0.0,753,Business,190000.0,24,0.0,Rural,1
LN2025102331,30,Male,Married,3,Salaried,4,26500.0,0.0,0.0,-1,Personal,240000.0,48,0.0,Rural,0
LN2025106738,37,Male,Married,3,SENP,16,56700.0,0.0,8700.0,704,Business,490000.0,120,0.0,Rural,0
LN2025108102,38,Male,Single,0,Salaried,15,62600.0,0.0,0.0,630,Vehicle,70000.0,36,80000.0,Rural,1
LN2025104742,29,Female,Married,2,SENP,8,37600.0,0.0,0.0,742,Personal,630000.0,24,0.0,Urban,0
LN2025100050,27,Female,Married,3,Salaried,1,21100.0,0.0,0.0,776,Vehicle,230000.0,84,270000.0,Rural,1
LN2025103157,39,Female,Married,3,Salaried,18,75100.0,34700.0,7300.0,707,Home,6450000.0,240,10850000.0,Semi-Urban,1
LN2025104979,30,Female,Married,1,Salaried,7,37100.0,0.0,0.0,653,Personal,130000.0,48,0.0,Urban,1
LN2025100598,48,Male,Single,0,Salaried,22,59100.0,0.0,0.0,751,Home,3730000.0,240,6370000.0,Rural,0
LN2025104367,33,Female,Single,1,Salaried,8,21900.0,0.0,0.0,750,Personal,160000.0,36,0.0,Rural,0
LN2025108533,36,Male,Married,1,SENP,10,28700.0,28900.0,0.0,793,Home,1200000.0,300,1990000.0,Rural,1
LN2025108672,36,Male,Married,2,Salaried,12,54100.0,69200.0,0.0,-1,Vehicle,740000.0,60,870000.0,Rural,1
LN2025103496,34,Female,Married,3,Salaried,13,52400.0,0.0,0.0,-1,Personal,270000.0,60,0.0,Rural,0
LN2025102393,37,Male,Single,0,Salaried,11,54300.0,0.0,0.0,749,Home,2850000.0,240,3790000.0,Urban,1
LN2025105270,33,Male,Married,2,SEP,4,69000.0,10800.0,0.0,687,Home,2870000.0,180,4340000.0,Semi-Urban,0
LN2025100529,26,Male,Single,0,SENP,2,54900.0,0.0,0.0,712,Business,890000.0,36,0.0,Semi-Urban,0
LN2025102855,46,Male,Divorced,2,SENP,18,149900.0,54000.0,0.0,-1,Business,1850000.0,36,3930000.0,Urban,1
LN2025103466,20,Male,Single,0,Salaried,0,24900.0,0.0,0.0,710,Personal,180000.0,48,0.0,Semi-Urban,0
LN2025106265,38,Female,Married,1,SENP,15,34000.0,0.0,0.0,765,Business,150000.0,84,0.0,Semi-Urban,1
LN2025104814,50,Male,Married,1,SEP,22,72700.0,0.0,0.0,782,Vehicle,480000.0,60,610000.0,Semi-Urban,1
LN2025103611,45,Male,Married,1,SENP,23,74800.0,23600.0,18400.0,-1,Home,3460000.0,120,6320000.0,Semi-Urban,0
LN2025108392,45,Male,Married,0,SEP,19,52500.0,24100.0,4300.0,648,Home,3360000.0,240,6950000.0,Semi-Urban,0
LN2025109285,25,Male,Single,0,Salaried,1,36300.0,0.0,0.0,759,Personal,150000.0,60,0.0,Semi-Urban,1
LN2025109847,34,Female,Married,3,Salaried,12,107400.0,45800.0,38000.0,496,Home,5510000.0,240,6280000.0,Urban,0
LN2025109710,36,Male,Single,0,SENP,9,11000.0,14900.0,9800.0,740,Home,880000.0,240,2000000.0,Rural,0
LN2025101736,59,Male,Married,2,SENP,37,292800.0,78200.0,0.0,853,Home,13770000.0,240,22860000.0,Urban,0
LN2025107142,35,Male,Married,2,Salaried,14,32800.0,0.0,0.0,732,Personal,170000.0,48,0.0,Rural,1
LN2025101661,42,Male,Single,0,SENP,23,86500.0,0.0,0.0,739,Business,1480000.0,60,0.0,Urban,1
LN2025100702,50,Female,Married,1,SENP,30,79700.0,43200.0,0.0,783,Business,530000.0,24,720000.0,Rural,1
LN2025106080,39,Male,Married,1,Salaried,14,28300.0,0.0,0.0,700,Business,360000.0,12,660000.0,Urban,0
LN2025108284,36,Male,Married,3,SENP,15,49000.0,0.0,0.0,661,Personal,470000.0,12,0.0,Urban,0
LN2025102977,50,Female,Married,2,Salaried,12,55700.0,0.0,18800.0,742,Home,1690000.0,120,2280000.0,Urban,0
LN2025104539,39,Male,Married,0,Salaried,16,38600.0,0.0,0.0,772,Personal,230000.0,48,0.0,Semi-Urban,1
LN2025103985,38,Male,Married,1,Salaried,17,70700.0,0.0,10200.0,594,Personal,1300000.0,60,0.0,Urban,0
LN2025109506,49,Male,Married,1,SENP,19,37900.0,25000.0,0.0,577,Business,250000.0,48,340000.0,Urban,0
LN2025102106,33,Male,Married,3,SEP,3,90700.0,32400.0,0.0,743,Personal,940000.0,24,0.0,Semi-Urban,0
LN2025101377,28,Female,Married,2,Salaried,10,32500.0,0.0,2600.0,775,Personal,320000.0,24,0.0,Semi-Urban,0
LN2025109803,48,Female,Married,1,SENP,28,43200.0,106200.0,50600.0,758,Vehicle,600000.0,48,730000.0,Urban,1
LN2025104291,48,Male,Married,1,SEP,19,26700.0,0.0,0.0,728,Home,780000.0,180,1160000.0,Rural,1
LN2025104213,40,Male,Married,3,Salaried,18,153800.0,0.0,0.0,726,Personal,1670000.0,24,0.0,Urban,1
LN2025101778,30,Male,Married,1,Salaried,8,36700.0,79300.0,25100.0,707,Vehicle,460000.0,48,630000.0,Semi-Urban,0
LN2025109094,43,Male,Married,3,Salaried,20,57300.0,80300.0,0.0,766,Personal,570000.0,12,0.0,Urban,1
LN2025109345,34,Male,Married,1,Salaried,12,39800.0,28700.0,0.0,643,Home,2150000.0,120,3740000.0,Urban,0
LN2025100374,46,Female,Married,0,SENP,20,188600.0,0.0,0.0,668,Personal,580000.0,48,0.0,Urban,1
LN2025104371,33,Female,Married,1,Salaried,9,46700.0,0.0,0.0,761,Home,1520000.0,120,1890000.0,Semi-Urban,1
LN2025109448,46,Male,Married,3,Salaried,22,68300.0,0.0,0.0,748,Vehicle,70000.0,36,80000.0,Urban,1
LN2025104200,31,Male,Married,2,Salaried,8,41500.0,51700.0,16700.0,749,Home,3330000.0,240,6190000.0,Semi-Urban,1
LN2025103584,31,Male,Married,2,Salaried,6,28700.0,0.0,0.0,-1,Home,1130000.0,240,2120000.0,Semi-Urban,1
LN2025107348,44,Male,Married,3,Salaried,20,22800.0,0.0,0.0,756,Home,660000.0,180,1080000.0,Semi-Urban,1
LN2025101175,41,Male,Married,1,Salaried,19,103200.0,0.0,0.0,736,Home,3280000.0,180,4470000.0,Urban,1
LN2025109392,60,Transgender,Married,2,SENP,37,232900.0,71500.0,60900.0,791,Home,7410000.0,240,11250000.0,Urban,0
LN2025100500,37,Male,Single,0,Salaried,13,66800.0,0.0,0.0,872,Personal,290000.0,36,0.0,Semi-Urban,1
LN2025105637,42,Female,Married,2,SENP,19,41600.0,0.0,0.0,-1,Business,280000.0,120,580000.0,Urban,0
LN2025109128,31,Female,Married,1,Salaried,7,38900.0,0.0,6700.0,763,Home,1920000.0,180,2470000.0,Semi-Urban,0
LN2025104340,32,Unknown,Married,0,Salaried,12,60500.0,45000.0,0.0,862,Home,2600000.0,120,5040000.0,Semi-Urban,1
LN2025107993,37,Male,Married,2,SEP,11,49700.0,0.0,0.0,755,Home,1370000.0,180,1600000.0,Urban,1
LN2025109702,31,Male,Married,2,Salaried,10,41500.0,15400.0,0.0,777,Personal,1160000.0,24,0.0,Rural,0
LN2025103031,24,Male,Married,3,SEP,0,15200.0,16500.0,0.0,699,Home,1020000.0,180,1710000.0,Semi-Urban,0
LN2025105649,46,Female,Divorced,0,SENP,22,39800.0,0.0,0.0,638,Vehicle,490000.0,60,540000.0,Urban,0
LN2025104821,38,Male,Married,2,Salaried,14,208300.0,72800.0,0.0,865,Home,7620000.0,120,11340000.0,Urban,1
LN2025106337,22,Male,Single,0,Salaried,0,26900.0,0.0,10700.0,702,Personal,100000.0,36,0.0,Urban,0
LN2025104692,31,Male,Married,2,Salaried,11,26500.0,0.0,7700.0,805,Home,850000.0,240,1440000.0,Rural,0
LN2025101448,57,Male,Married,3,SENP,29,223900.0,0.0,57600.0,806,Home,12900000.0,180,25260000.0,Urban,1
LN2025106240,35,Female,Married,3,Salaried,13,23300.0,49400.0,0.0,731,Home,1810000.0,240,2240000.0,Rural,1
LN2025106464,24,Female,Single,0,Salaried,2,53400.0,24900.0,0.0,762,Home,2790000.0,300,3840000.0,Semi-Urban,0
LN2025101141,43,Male,Married,0,Salaried,20,67600.0,0.0,0.0,755,Home,2350000.0,180,3490000.0,Semi-Urban,1
LN2025108232,46,Female,Married,1,SENP,17,52900.0,0.0,0.0,719,Vehicle,480000.0,60,580000.0,Urban,1
LN2025102844,37,Female,Married,1,SEP,12,94700.0,98800.0,0.0,838,Home,3690000.0,180,4790000.0,Urban,1
LN2025109481,44,Male,Divorced,0,Salaried,23,84900.0,0.0,4300.0,721,Vehicle,680000.0,60,910000.0,Urban,1
LN2025101422,47,Female,Married,3,SENP,25,121200.0,0.0,26900.0,810,Business,1170000.0,48,0.0,Urban,1
LN2025107619,44,Female,Married,1,Salaried,23,43100.0,0.0,0.0,754,Vehicle,630000.0,48,810000.0,Semi-Urban,1
LN2025100827,20,Male,Single,0,Salaried,0,56200.0,0.0,0.0,747,Vehicle,560000.0,60,780000.0,Urban,0
LN2025107626,39,Female,Married,3,Salaried,15,46700.0,0.0,0.0,739,Home,1570000.0,240,2020000.0,Urban,1
LN2025104956,36,Male,Married,2,Salaried,14,28300.0,0.0,0.0,768,Personal,100000.0,24,0.0,Rural,1
LN2025106880,46,Male,Married,2,Salaried,21,84400.0,38300.0,20400.0,775,Vehicle,1250000.0,48,1320000.0,Urban,1
LN2025108907,60,Male,Divorced,0,SENP,31,180200.0,0.0,0.0,797,Vehicle,3430000.0,48,3440000.0,Rural,1
LN2025106580,37,Female,Married,2,Salaried,14,54200.0,17800.0,15700.0,623,Home,4150000.0,240,7390000.0,Urban,0
LN2025107230,36,Male,Married,2,SENP,13,82400.0,0.0,0.0,819,Business,600000.0,24,1580000.0,Semi-Urban,1
LN2025104182,37,Female,Married,3,SEP,8,105000.0,17800.0,0.0,830,Home,3750000.0,300,4830000.0,Urban,1
LN2025100939,30,Female,Single,0,Salaried,5,24400.0,0.0,2800.0,701,Vehicle,120000.0,12,130000.0,Urban,0
LN2025100219,36,Male,Married,3,Salaried,16,138200.0,31100.0,0.0,752,Home,7340000.0,240,9120000.0,Urban,0
LN2025106016,35,Male,Married,2,Salaried,14,85500.0,0.0,0.0,686,Personal,960000.0,48,0.0,Urban,1
LN2025108351,24,Female,Single,0,Salaried,0,59700.0,89400.0,13700.0,760,Home,9270000.0,180,16260000.0,Urban,0
LN2025102613,40,Male,Married,2,Salaried,18,139700.0,57900.0,23100.0,729,Vehicle,2470000.0,60,2550000.0,Urban,1
LN2025105880,42,Male,Married,2,Salaried,21,101600.0,0.0,25900.0,-1,Vehicle,1310000.0,60,1400000.0,Urban,1
LN2025101355,20,Male,Single,0,Salaried,0,18900.0,20700.0,0.0,717,Home,1700000.0,240,3770000.0,Semi-Urban,0
LN2025106158,23,Female,Single,0,Salaried,0,36600.0,71200.0,15600.0,673,Home,4990000.0,300,7630000.0,Urban,0
LN2025107492,43,Male,Married,2,Salaried,22,31600.0,0.0,9900.0,669,Personal,160000.0,24,0.0,Rural,0
LN2025100578,42,Female,Married,0,Salaried,17,43500.0,0.0,13000.0,748,Home,990000.0,180,1450000.0,Urban,0
LN2025103890,55,Male,Married,1,SENP,32,49300.0,0.0,10300.0,776,Vehicle,70000.0,36,70000.0,Semi-Urban,1
LN2025105671,36,Female,Single,0,Salaried,11,46900.0,123500.0,49900.0,745,Home,7180000.0,120,10900000.0,Urban,0
LN2025106734,45,Female,Married,2,Salaried,20,40800.0,0.0,0.0,785,Personal,190000.0,36,0.0,Rural,1
LN2025109469,45,Male,Divorced,0,SENP,22,362400.0,25300.0,0.0,598,Business,2350000.0,60,0.0,Urban,0
LN2025105543,51,Male,Married,2,SENP,25,78700.0,0.0,0.0,-1,Vehicle,110000.0,12,140000.0,Urban,1
LN2025106945,45,Female,Married,1,SENP,15,93800.0,0.0,11600.0,-1,Vehicle,820000.0,36,890000.0,Urban,1
LN2025108936,31,Female,Single,0,Salaried,5,18000.0,0.0,300.0,749,Personal,80000.0,36,0.0,Rural,1
LN2025104912,43,Male,Married,2,Salaried,21,47900.0,17900.0,0.0,701,Vehicle,450000.0,60,570000.0,Urban,1
LN2025105463,49,Male,Married,1,SEP,12,86100.0,0.0,13100.0,571,Home,1300000.0,180,1730000.0,Urban,0
LN2025106086,43,Male,Single,1,Salaried,20,40300.0,21000.0,0.0,634,Vehicle,520000.0,84,540000.0,Rural,0
LN2025107231,40,Male,Married,2,Salaried,18,26200.0,0.0,0.0,775,Personal,210000.0,36,0.0,Rural,1
LN2025102246,35,Female,Married,2,Salaried,13,32400.0,25000.0,0.0,738,Home,2040000.0,240,3040000.0,Semi-Urban,1
LN2025107386,43,Male,Single,0,SEP,14,508600.0,0.0,143700.0,774,Personal,4000000.0,36,0.0,Urban,1
LN2025105432,47,Transgender,Unknown,3,SENP,21,223100.0,0.0,0.0,722,Business,1770000.0,60,2710000.0,Urban,1
LN2025101602,26,Male,Married,1,Salaried,4,21300.0,0.0,0.0,698,Vehicle,170000.0,60,200000.0,Rural,1
LN2025108164,39,Female,Married,3,Salaried,16,13100.0,0.0,1000.0,681,Personal,50000.0,36,0.0,Rural,0
LN2025108345,44,Male,Married,2,SENP,23,164300.0,0.0,24700.0,737,Vehicle,1490000.0,48,1920000.0,Urban,1
LN2025104655,32,Male,Married,3,Salaried,9,46100.0,0.0,0.0,729,Vehicle,550000.0,60,700000.0,Urban,1
LN2025100120,42,Female,Married,2,Salaried,16,70500.0,0.0,0.0,767,Home,2805000.0,180,7340000.0,Urban,1
LN2025103680,28,Female,Single,0,Salaried,5,10400.0,32700.0,0.0,700,Personal,140000.0,24,0.0,Semi-Urban,0
LN2025108206,33,Male,Married,1,SENP,8,31300.0,0.0,0.0,651,Business,490000.0,36,0.0,Urban,0
LN2025103067,25,Female,Married,1,Salaried,1,22200.0,0.0,8800.0,751,Personal,90000.0,60,0.0,Rural,0
LN2025104337,31,Male,Married,1,SEP,1,23400.0,12600.0,0.0,705,Business,120000.0,36,200000.0,Semi-Urban,0
LN2025103947,67,Male,Widowed,3,SENP,42,61200.0,30200.0,0.0,717,Home,4120000.0,240,5260000.0,Urban,0
LN2025104385,39,Male,Single,0,Salaried,19,38800.0,0.0,0.0,788,Home,1970000.0,120,3950000.0,Semi-Urban,0
LN2025105163,29,Male,Single,3,Salaried,9,25400.0,0.0,0.0,725,Vehicle,420000.0,36,120000.0,Urban,1
LN2025106881,33,Male,Married,2,Salaried,11,26300.0,0.0,0.0,738,Home,500000.0,240,1210000.0,Urban,1
LN2025108273,30,Male,Married,2,SENP,7,31900.0,0.0,15000.0,608,Vehicle,190000.0,84,210000.0,Semi-Urban,0
LN2025108260,45,Male,Married,1,Salaried,24,44800.0,14700.0,37200.0,752,Vehicle,90000.0,36,90000.0,Rural,0
LN2025102536,39,Male,Married,1,Salaried,15,50800.0,0.0,12500.0,625,Vehicle,430000.0,48,480000.0,Semi-Urban,0
LN2025100419,35,Male,Married,1,Salaried,14,92600.0,146800.0,12900.0,819,Home,13800000.0,180,19140000.0,Urban,1
LN2025100412,30,Female,Married,2,Salaried,8,43900.0,66200.0,0.0,841,Home,2260000.0,180,4370000.0,Urban,1
LN2025101864,40,Male,Married,2,Salaried,17,120200.0,0.0,17000.0,799,Personal,880000.0,48,0.0,Urban,1
LN2025100783,58,Male,Married,1,SENP,35,21300.0,0.0,0.0,754,Personal,130000.0,12,0.0,Urban,0
LN2025108931,34,Male,Married,1,SENP,5,89600.0,0.0,0.0,770,Personal,270000.0,36,0.0,Urban,1
LN2025103654,42,Male,Married,3,Salaried,19,174400.0,0.0,0.0,661,Home,5010000.0,180,7890000.0,Urban,1
LN2025100744,38,Male,Married,2,SENP,15,71500.0,0.0,0.0,616,Personal,460000.0,36,0.0,Semi-Urban,0
LN2025107689,37,Male,Married,3,SENP,14,92600.0,32600.0,0.0,630,Personal,920000.0,60,0.0,Urban,0
LN2025100143,35,Unknown,Single,0,Salaried,13,98400.0,33100.0,24400.0,735,Home,4410000.0,180,6400000.0,Urban,1
LN2025102650,24,Male,Married,1,SEP,0,90000.0,14400.0,0.0,788,Home,5530000.0,300,7320000.0,Semi-Urban,0
LN2025100048,30,Male,Married,0,Salaried,6,45200.0,48900.0,0.0,802,Home,4080000.0,180,8440000.0,Semi-Urban,1
LN2025107473,45,Male,Unknown,0,SENP,21,42000.0,0.0,11300.0,731,Business,430000.0,60,1110000.0,Semi-Urban,0
LN2025103687,37,Female,Married,0,Salaried,14,27500.0,0.0,0.0,826,Home,500000.0,120,650000.0,Semi-Urban,1
LN2025104366,26,Male,Single,1,Salaried,8,84100.0,0.0,31800.0,753,Personal,910000.0,48,0.0,Urban,0
LN2025101040,32,Male,Married,3,Salaried,11,56300.0,25300.0,0.0,845,Home,1460000.0,180,2360000.0,Semi-Urban,1
LN2025106068,28,Male,Unknown,2,Salaried,4,35700.0,0.0,6600.0,793,Personal,190000.0,60,0.0,Semi-Urban,0
LN2025109150,26,Male,Single,0,Salaried,8,20300.0,102100.0,0.0,721,Home,6920000.0,120,10350000.0,Semi-Urban,0
LN2025103492,40,Male,Single,0,Salaried,18,61300.0,0.0,31000.0,712,Vehicle,320000.0,48,380000.0,Urban,0
LN2025104372,37,Male,Married,3,Salaried,14,37000.0,0.0,0.0,779,Personal,130000.0,60,0.0,Semi-Urban,1
LN2025108857,26,Male,Single,0,Salaried,0,29500.0,0.0,5000.0,824,Personal,320000.0,24,0.0,Urban,0
LN2025102139,32,Female,Married,3,SEP,4,60400.0,0.0,0.0,671,Business,180000.0,36,0.0,Semi-Urban,0
LN2025100521,27,Male,Single,0,Salaried,4,57300.0,0.0,0.0,784,Personal,340000.0,36,0.0,Urban,1
LN2025100784,44,Male,Married,3,Salaried,23,39600.0,0.0,0.0,760,Business,530000.0,48,810000.0,Rural,1
LN2025106407,39,Male,Married,2,SENP,18,124400.0,0.0,34400.0,638,Vehicle,830000.0,60,980000.0,Urban,0
LN2025106779,31,Male,Single,0,SEP,0,30400.0,0.0,0.0,804,Vehicle,110000.0,24,120000.0,Semi-Urban,0
LN2025103572,47,Male,Married,0,SEP,20,95600.0,0.0,19600.0,667,Business,930000.0,84,0.0,Semi-Urban,1
LN2025104268,51,Male,Married,1,SENP,31,159200.0,55600.0,0.0,807,Home,11110000.0,120,16530000.0,Semi-Urban,1
LN2025103942,36,Female,Single,2,SEP,9,13500.0,0.0,1900.0,693,Home,500000.0,300,630000.0,Urban,0
LN2025103541,40,Male,Married,3,Salaried,17,75400.0,50900.0,0.0,770,Vehicle,630000.0,60,810000.0,Urban,1
LN2025102214,40,Male,Married,2,SEP,13,108100.0,0.0,0.0,692,Vehicle,1590000.0,84,2170000.0,Rural,1
LN2025104732,42,Male,Married,2,Salaried,12,66500.0,17800.0,0.0,703,Home,3320000.0,180,9490000.0,Urban,1
LN2025101274,21,Male,Single,0,Salaried,0,51000.0,0.0,0.0,761,Personal,490000.0,36,0.0,Rural,0
LN2025104889,53,Male,Married,2,SENP,28,71100.0,25900.0,0.0,727,Business,710000.0,36,0.0,Semi-Urban,1
LN2025101821,35,Male,Married,1,Salaried,12,211500.0,0.0,0.0,818,Personal,680000.0,24,0.0,Semi-Urban,1
LN2025101837,37,Male,Married,0,Salaried,14,46400.0,0.0,10700.0,687,Vehicle,190000.0,36,210000.0,Semi-Urban,1
LN2025107236,40,Female,Married,1,Salaried,19,110200.0,0.0,24100.0,837,Personal,880000.0,24,0.0,Urban,1
LN2025101288,28,Female,Single,0,Salaried,3,33600.0,0.0,0.0,735,Personal,600000.0,36,0.0,Urban,0
LN2025109387,27,Male,Single,1,Salaried,3,92100.0,0.0,0.0,856,Vehicle,700000.0,60,900000.0,Urban,1
LN2025106999,35,Male,Married,3,SENP,5,137200.0,0.0,0.0,732,Home,3760000.0,240,4860000.0,Urban,1
LN2025109021,36,Male,Married,1,Salaried,13,117200.0,63200.0,0.0,704,Personal,520000.0,48,0.0,Rural,1
LN2025109364,49,Male,Married,3,SENP,21,293500.0,0.0,24400.0,727,Personal,1010000.0,48,0.0,Urban,1
LN2025101270,40,Male,Married,2,Salaried,20,92900.0,0.0,0.0,806,Personal,1020000.0,36,0.0,Semi-Urban,1
LN2025105713,42,Male,Married,2,Salaried,16,159000.0,0.0,73900.0,810,Personal,2170000.0,48,0.0,Semi-Urban,1
LN2025102025,30,Male,Married,2,Salaried,8,40500.0,0.0,11400.0,611,Personal,670000.0,48,0.0,Urban,0
LN2025106749,30,Male,Married,1,Salaried,10,39100.0,0.0,0.0,820,Personal,140000.0,60,0.0,Semi-Urban,1
LN2025107756,40,Female,Married,1,SEP,11,53500.0,47100.0,0.0,727,Home,3090000.0,240,7210000.0,Semi-Urban,1
LN2025106744,42,Female,Divorced,1,SEP,15,84700.0,0.0,0.0,709,Personal,450000.0,36,0.0,Urban,1
LN2025107066,39,Male,Married,1,Salaried,15,65300.0,0.0,0.0,-1,Personal,440000.0,60,0.0,Urban,0
LN2025101565,26,Male,Married,3,Salaried,4,43200.0,84300.0,10000.0,813,Home,3500000.0,360,4510000.0,Urban,1
LN2025108121,50,Male,Married,3,SENP,22,78400.0,0.0,15800.0,815,Personal,360000.0,48,0.0,Rural,1
LN2025104028,43,Male,Married,1,Salaried,20,67500.0,0.0,2100.0,706,Personal,680000.0,12,0.0,Urban,0
LN2025107112,30,Unknown,Single,0,Salaried,7,24500.0,0.0,0.0,877,Personal,250000.0,24,0.0,Rural,1
LN2025104482,36,Male,Married,3,SENP,8,53700.0,136000.0,0.0,762,Business,310000.0,48,0.0,Urban,1
LN2025106475,35,Male,Married,2,SEP,8,55100.0,79500.0,0.0,796,Home,4870000.0,240,5480000.0,Semi-Urban,0
LN2025109622,28,Male,Single,0,SENP,2,44600.0,0.0,0.0,763,Business,740000.0,60,1320000.0,Urban,0
LN2025109543,42,Male,Married,0,SEP,12,157000.0,0.0,83100.0,747,Personal,1070000.0,36,0.0,Urban,0
LN2025104641,47,Female,Married,1,Salaried,22,28700.0,0.0,1200.0,719,Vehicle,190000.0,36,190000.0,Urban,1
LN2025106899,45,Male,Married,1,Salaried,24,172300.0,0.0,50000.0,681,Vehicle,2940000.0,36,4150000.0,Rural,0
LN2025103139,36,Male,Married,2,Salaried,11,34800.0,0.0,0.0,652,Personal,490000.0,36,0.0,Semi-Urban,0
LN2025105718,41,Male,Married,0,SEP,12,228400.0,23400.0,0.0,779,Vehicle,2540000.0,36,2550000.0,Urban,1
LN2025105562,29,Male,Married,0,Salaried,8,105100.0,91200.0,0.0,774,Personal,1130000.0,24,0.0,Urban,1
LN2025100391,32,Female,Single,0,SENP,9,132200.0,0.0,0.0,703,Home,4330000.0,300,5350000.0,Urban,0
LN2025108667,43,Male,Married,2,SENP,21,225400.0,0.0,0.0,841,Home,10290000.0,180,13310000.0,Urban,0
LN2025105853,45,Female,Married,2,SEP,16,276100.0,0.0,0.0,706,Business,1650000.0,24,0.0,Urban,1
LN2025102713,35,Female,Married,1,Salaried,12,29300.0,0.0,0.0,-1,Home,1070000.0,300,1750000.0,Rural,1
LN2025107534,31,Male,Married,2,Salaried,11,41800.0,40100.0,0.0,649,Vehicle,110000.0,60,110000.0,Semi-Urban,0
LN2025102452,47,Unknown,Married,2,Salaried,23,85000.0,0.0,0.0,696,Vehicle,1250000.0,60,1470000.0,Semi-Urban,1
LN2025108419,51,Female,Married,2,SENP,22,65400.0,0.0,0.0,779,Personal,640000.0,48,0.0,Urban,1
LN2025106611,38,Male,Married,3,SENP,17,194800.0,0.0,7400.0,838,Vehicle,1870000.0,60,2270000.0,Semi-Urban,1
LN2025104545,23,Female,Single,1,SENP,0,42000.0,0.0,6200.0,741,Business,510000.0,12,0.0,Urban,0
LN2025108026,37,Male,Married,3,Salaried,15,31500.0,127000.0,0.0,796,Vehicle,1160000.0,60,1460000.0,Rural,1
LN2025105179,28,Male,Single,0,SEP,1,57300.0,74800.0,0.0,639,Home,6090000.0,240,8650000.0,Semi-Urban,0
LN2025108437,32,Female,Married,2,Salaried,11,51100.0,0.0,0.0,674,Personal,360000.0,60,0.0,Semi-Urban,1
LN2025104706,40,Male,Married,1,SEP,11,53500.0,34900.0,0.0,765,Home,2370000.0,180,3250000.0,Urban,1
LN2025101967,31,Female,Single,0,Salaried,7,52800.0,0.0,10500.0,842,Personal,410000.0,24,0.0,Semi-Urban,1
LN2025103621,42,Female,Married,1,SENP,20,31300.0,32800.0,0.0,764,Vehicle,330000.0,60,410000.0,Rural,1
LN2025101261,39,Male,Married,2,Salaried,16,178000.0,30100.0,0.0,751,Vehicle,1510000.0,36,1690000.0,Urban,1
LN2025101048,24,Male,Married,2,Salaried,3,12900.0,53300.0,0.0,699,Vehicle,670000.0,84,690000.0,Urban,1
LN2025101981,36,Male,Single,0,SENP,10,11100.0,0.0,1900.0,695,Vehicle,90000.0,60,120000.0,Rural,0
LN2025100934,25,Male,Single,0,Salaried,7,14900.0,0.0,0.0,-1,Personal,70000.0,60,0.0,Rural,0
LN2025107765,28,Male,Single,0,Salaried,8,66500.0,158300.0,0.0,756,Vehicle,1990000.0,36,2120000.0,Urban,1
LN2025102898,36,Female,Married,2,Salaried,12,41800.0,0.0,0.0,683,Personal,130000.0,24,0.0,Urban,1
LN2025102458,46,Female,Divorced,0,SENP,27,30800.0,0.0,1800.0,-1,Business,110000.0,24,170000.0,Semi-Urban,0
LN2025103240,43,Male,Married,3,Salaried,19,41700.0,0.0,0.0,557,Vehicle,420000.0,36,120000.0,Semi-Urban,0
LN2025107399,30,Female,Married,2,Salaried,12,32700.0,0.0,0.0,633,Personal,320000.0,60,0.0,Urban,0
LN2025103583,33,Male,Married,3,Salaried,8,40900.0,0.0,0.0,-1,Home,750000.0,120,970000.0,Semi-Urban,1
LN2025100004,28,Male,Married,2,Salaried,6,50700.0,0.0,4900.0,677,Home,2070000.0,300,2970000.0,Rural,0
LN2025108197,36,Male,Married,3,SENP,7,58800.0,32700.0,0.0,736,Business,600000.0,60,1240000.0,Rural,1
LN2025106599,58,Male,Married,1,SENP,34,138400.0,0.0,57200.0,-1,Vehicle,1650000.0,84,2090000.0,Semi-Urban,0
LN2025104902,41,Male,Married,2,Salaried,20,29900.0,0.0,2400.0,753,Personal,150000.0,48,0.0,Semi-Urban,1
LN2025104425,47,Male,Married,3,SENP,26,85700.0,30700.0,24700.0,706,Vehicle,960000.0,48,1050000.0,Semi-Urban,0
LN2025106481,42,Male,Married,1,Salaried,19,27900.0,30500.0,7100.0,718,Business,520000.0,24,0.0,Rural,1
LN2025100024,45,Male,Divorced,2,SEP,19,155100.0,0.0,10700.0,790,Business,1540000.0,12,0.0,Semi-Urban,0
LN2025101874,47,Male,Married,3,Salaried,24,45300.0,0.0,0.0,756,Home,1680000.0,120,2900000.0,Urban,1
LN2025106701,21,Male,Single,0,Salaried,0,29500.0,0.0,0.0,669,Personal,440000.0,48,0.0,Rural,0
LN2025103586,37,Male,Married,1,Salaried,14,55400.0,0.0,0.0,809,Vehicle,780000.0,60,790000.0,Semi-Urban,1
LN2025103111,30,Female,Married,1,SENP,7,10600.0,0.0,1400.0,645,Business,100000.0,36,0.0,Rural,0
LN2025109420,31,Male,Single,0,SENP,10,134900.0,0.0,9400.0,749,Home,6310000.0,180,9880000.0,Semi-Urban,1
LN2025106967,37,Female,Single,3,Salaried,12,32600.0,38400.0,0.0,768,Home,2800000.0,240,4460000.0,Semi-Urban,1
LN2025108905,30,Male,Married,3,SEP,1,28400.0,0.0,0.0,615,Home,890000.0,120,1420000.0,Semi-Urban,0
LN2025100489,40,Male,Married,2,SENP,13,58000.0,46900.0,23700.0,629,Business,1000000.0,60,0.0,Urban,0
LN2025103779,39,Male,Married,1,Salaried,12,28700.0,46600.0,0.0,552,Home,2160000.0,240,2590000.0,Urban,0
LN2025101244,44,Female,Married,0,SENP,24,91900.0,22100.0,0.0,776,Home,6360000.0,240,7860000.0,Urban,0
LN2025104850,43,Male,Married,3,Salaried,19,78600.0,0.0,23100.0,760,Personal,720000.0,60,0.0,Semi-Urban,1
LN2025100332,53,Male,Married,0,SEP,26,309300.0,33500.0,95000.0,758,Personal,2760000.0,60,0.0,Semi-Urban,1
LN2025106571,34,Male,Single,1,Salaried,8,40200.0,0.0,1200.0,754,Personal,340000.0,12,0.0,Semi-Urban,0
LN2025102082,33,Male,Married,2,Salaried,10,74000.0,0.0,12800.0,753,Personal,650000.0,60,0.0,Urban,1
LN2025107844,25,Male,Married,1,Salaried,4,67800.0,0.0,11200.0,532,Home,2150000.0,240,4270000.0,Semi-Urban,0
LN2025104934,39,Male,Married,1,SEP,12,325900.0,0.0,0.0,795,Vehicle,4000000.0,48,4500000.0,Urban,1
LN2025107046,39,Female,Married,0,Salaried,17,22300.0,0.0,0.0,800,Personal,110000.0,36,0.0,Urban,1
LN2025106347,30,Male,Single,1,Salaried,7,73500.0,0.0,8200.0,808,Vehicle,750000.0,36,890000.0,Urban,1
LN2025108721,30,Female,Married,1,SENP,2,32000.0,0.0,0.0,678,Business,330000.0,84,510000.0,Urban,0
LN2025100436,46,Male,Single,0,Salaried,20,59600.0,0.0,6300.0,887,Vehicle,380000.0,60,400000.0,Urban,1
LN2025105331,40,Male,Single,0,Salaried,18,40300.0,0.0,14300.0,598,Vehicle,170000.0,60,200000.0,Urban,0
LN2025109709,43,Female,Married,2,Salaried,21,149800.0,40900.0,13400.0,763,Home,3330000.0,180,4990000.0,Semi-Urban,1
LN2025100767,50,Male,Married,1,SENP,28,68500.0,0.0,0.0,757,Home,1750000.0,180,2590000.0,Semi-Urban,1
LN2025104410,55,Male,Married,2,Salaried,30,45700.0,11900.0,0.0,727,Home,2020000.0,240,2540000.0,Rural,0
LN2025105232,52,Male,Married,1,SEP,23,48800.0,0.0,10800.0,738,Vehicle,130000.0,12,140000.0,Semi-Urban,1
LN2025104616,38,Female,Married,0,Salaried,14,50200.0,0.0,2600.0,815,Personal,240000.0,36,0.0,Semi-Urban,1
LN2025107543,40,Male,Married,3,SEP,13,41100.0,0.0,11200.0,838,Home,1030000.0,240,1700000.0,Urban,1
LN2025104134,34,Male,Single,0,SEP,7,126500.0,0.0,0.0,779,Business,460000.0,36,1120000.0,Rural,1
LN2025100065,26,Female,Single,0,Salaried,5,15900.0,0.0,3300.0,724,Personal,100000.0,24,0.0,Urban,0
LN2025108278,39,Male,Married,1,SEP,9,184900.0,80600.0,106200.0,767,Vehicle,2330000.0,60,2430000.0,Urban,1
LN2025106662,28,Female,Married,2,Salaried,6,63900.0,0.0,4200.0,741,Personal,400000.0,36,0.0,Urban,1
LN2025107471,22,Male,Single,0,Salaried,2,80300.0,0.0,0.0,-1,Personal,400000.0,60,0.0,Urban,1
LN2025108981,31,Male,Single,0,Salaried,10,73200.0,0.0,0.0,700,Vehicle,110000.0,36,140000.0,Urban,1
LN2025106267,39,Female,Married,2,SENP,16,29200.0,39300.0,0.0,758,Vehicle,290000.0,60,390000.0,Urban,1
LN2025101146,44,Male,Married,2,SENP,15,94300.0,15500.0,17100.0,621,Vehicle,780000.0,36,890000.0,Rural,0
LN2025104518,30,Female,Married,2,SENP,3,25100.0,0.0,0.0,716,Home,1350000.0,300,3290000.0,Urban,0
LN2025109395,43,Male,Married,2,SEP,18,143700.0,0.0,0.0,684,Vehicle,80000.0,36,90000.0,Urban,1
LN2025107759,54,Male,Married,1,SENP,25,57400.0,32300.0,0.0,736,Vehicle,960000.0,60,1010000.0,Urban,1
LN2025107529,38,Female,Married,2,SEP,11,93100.0,41000.0,0.0,714,Vehicle,540000.0,60,650000.0,Rural,1
LN2025103288,39,Male,Married,0,Salaried,16,72600.0,0.0,5900.0,791,Vehicle,120000.0,24,140000.0,Urban,1
LN2025106096,28,Male,Single,0,Salaried,4,45600.0,0.0,0.0,794,Vehicle,90000.0,24,110000.0,Urban,1
LN2025104480,38,Female,Married,2,Salaried,12,104600.0,0.0,10000.0,770,Personal,1910000.0,36,0.0,Semi-Urban,0
LN2025105698,27,Female,Married,3,Salaried,2,8000.0,0.0,3300.0,619,Personal,90000.0,36,0.0,Semi-Urban,0
LN2025109618,40,Female,Single,0,Salaried,18,33900.0,0.0,4800.0,765,Business,630000.0,60,0.0,Semi-Urban,0
LN2025108397,32,Male,Married,3,SEP,2,101900.0,21300.0,21100.0,629,Home,2660000.0,360,3200000.0,Semi-Urban,0
LN2025106835,41,Female,Married,2,Salaried,20,50200.0,0.0,0.0,752,Vehicle,520000.0,60,610000.0,Semi-Urban,1
LN2025109325,37,Male,Married,3,Salaried,14,158600.0,47800.0,0.0,697,Personal,1450000.0,60,0.0,Urban,1
LN2025101309,27,Female,Single,0,Salaried,5,23600.0,0.0,0.0,723,Personal,400000.0,12,0.0,Urban,0
LN2025102193,51,Male,Divorced,0,SENP,23,138900.0,0.0,0.0,734,Personal,1320000.0,24,0.0,Urban,1
LN2025109537,36,Male,Married,1,Salaried,10,48200.0,13100.0,7800.0,707,Home,2050000.0,240,2330000.0,Semi-Urban,1
LN2025102384,47,Male,Married,0,SEP,22,138700.0,18100.0,0.0,763,Personal,890000.0,36,0.0,Rural,1
LN2025101393,29,Female,Married,2,Salaried,9,44000.0,0.0,9200.0,688,Personal,400000.0,36,0.0,Urban,0
LN2025107965,29,Male,Single,0,SEP,1,100200.0,0.0,0.0,669,Vehicle,520000.0,36,690000.0,Semi-Urban,0
LN2025103379,29,Male,Single,1,SENP,7,77200.0,0.0,0.0,579,Business,370000.0,24,1010000.0,Urban,0
LN2025100854,36,Male,Married,2,Salaried,13,33400.0,0.0,0.0,651,Personal,480000.0,36,0.0,Semi-Urban,0
LN2025102612,37,Male,Married,0,Salaried,16,51000.0,66000.0,0.0,674,Vehicle,90000.0,24,100000.0,Semi-Urban,1
LN2025100045,36,Male,Married,3,SENP,10,64100.0,0.0,0.0,658,Business,380000.0,48,0.0,Semi-Urban,0
LN2025102830,26,Male,Single,0,Salaried,4,16700.0,0.0,0.0,881,Home,500000.0,240,720000.0,Semi-Urban,1
LN2025100852,57,Female,Married,1,SENP,36,232900.0,26900.0,70300.0,817,Vehicle,110000.0,12,130000.0,Urban,1
LN2025104257,45,Female,Married,0,SENP,25,237900.0,0.0,0.0,819,Business,2220000.0,60,0.0,Semi-Urban,1
LN2025101984,52,Male,Married,1,SEP,24,95100.0,0.0,0.0,805,Home,2630000.0,120,4190000.0,Semi-Urban,1
LN2025102443,20,Male,Single,1,Salaried,0,74400.0,0.0,0.0,847,Vehicle,840000.0,48,920000.0,Urban,0
LN2025106119,34,Male,Married,1,Salaried,10,87500.0,0.0,0.0,693,Personal,960000.0,24,0.0,Urban,0
LN2025109377,24,Female,Single,1,SEP,0,69200.0,0.0,11900.0,717,Business,120000.0,84,160000.0,Urban,1
LN2025101379,35,Male,Married,1,SEP,8,52700.0,0.0,0.0,695,Home,1970000.0,240,3240000.0,Rural,0
LN2025104851,26,Female,Married,3,SEP,0,128600.0,0.0,36200.0,715,Vehicle,1750000.0,60,2490000.0,Urban,0
LN2025102833,28,Male,Single,1,Salaried,3,30300.0,0.0,800.0,-1,Personal,280000.0,60,0.0,Rural,0
LN2025105622,28,Male,Married,2,Salaried,8,33800.0,52700.0,0.0,770,Home,2600000.0,240,3480000.0,Urban,1
LN2025108502,36,Male,Married,2,SENP,17,80800.0,0.0,0.0,740,Home,4050000.0,180,5290000.0,Semi-Urban,0
LN2025109559,48,Male,Married,3,SENP,20,85500.0,0.0,0.0,816,Business,1220000.0,24,0.0,Semi-Urban,0
LN2025103992,63,Male,Married,0,SENP,36,190200.0,0.0,900.0,730,Vehicle,3120000.0,60,3670000.0,Urban,0
LN2025109067,41,Male,Unknown,0,Salaried,16,89800.0,0.0,0.0,759,Personal,810000.0,60,0.0,Urban,1
LN2025107669,40,Male,Married,3,Salaried,17,54300.0,0.0,24300.0,511,Personal,850000.0,12,0.0,Urban,0
LN2025104754,26,Female,Single,0,SEP,0,53900.0,0.0,0.0,629,Home,1340000.0,240,1520000.0,Semi-Urban,0
LN2025102256,36,Female,Married,1,SEP,9,61100.0,0.0,0.0,756,Home,4410000.0,240,6600000.0,Semi-Urban,0
LN2025107135,31,Male,Married,3,Salaried,8,28500.0,22100.0,5400.0,661,Personal,260000.0,36,0.0,Semi-Urban,1
LN2025108439,32,Female,Married,0,Salaried,12,65300.0,17600.0,0.0,809,Business,340000.0,48,930000.0,Rural,1
LN2025105358,31,Male,Married,3,Salaried,5,27900.0,0.0,0.0,728,Home,960000.0,300,1120000.0,Rural,1
LN2025103498,37,Male,Married,1,SENP,7,34900.0,32300.0,11500.0,791,Business,310000.0,36,0.0,Urban,1
LN2025105113,40,Unknown,Married,1,Salaried,16,90200.0,0.0,0.0,607,Personal,680000.0,48,0.0,Urban,0
LN2025106495,47,Male,Widowed,1,SEP,21,370400.0,0.0,0.0,804,Vehicle,110000.0,36,140000.0,Urban,1
LN2025107382,34,Male,Married,0,Salaried,12,67200.0,0.0,19300.0,761,Home,1380000.0,360,2270000.0,Urban,0
LN2025106747,28,Female,Married,2,Salaried,3,18200.0,115300.0,0.0,677,Personal,1640000.0,60,0.0,Urban,1
LN2025100207,39,Male,Married,1,Salaried,16,22600.0,0.0,0.0,684,Vehicle,120000.0,24,150000.0,Semi-Urban,1
LN2025104035,47,Female,Married,1,SENP,18,116400.0,0.0,15100.0,640,Vehicle,80000.0,24,90000.0,Urban,0
LN2025108474,45,Male,Married,0,SEP,19,184700.0,38500.0,0.0,654,Home,13390000.0,240,23270000.0,Urban,1
LN2025108003,43,Male,Married,1,Salaried,20,36800.0,15300.0,0.0,676,Personal,270000.0,48,0.0,Rural,1
LN2025107862,44,Male,Married,1,SEP,15,60800.0,0.0,6100.0,689,Business,350000.0,84,740000.0,Semi-Urban,1
LN2025100331,33,Male,Unknown,2,Salaried,12,49100.0,29400.0,5500.0,785,Vehicle,270000.0,60,370000.0,Urban,1
LN2025107496,51,Male,Single,0,SEP,25,104600.0,0.0,24900.0,809,Personal,720000.0,48,0.0,Urban,1
LN2025109467,39,Male,Married,1,Salaried,16,139500.0,79500.0,0.0,706,Vehicle,4000000.0,60,4700000.0,Urban,1
LN2025105366,30,Male,Married,3,Salaried,8,58500.0,0.0,0.0,781,Home,2150000.0,360,3400000.0,Urban,1
LN2025108456,36,Male,Married,0,Salaried,13,57900.0,0.0,0.0,691,Business,830000.0,36,0.0,Urban,0
LN2025104686,45,Female,Married,2,Salaried,23,41700.0,27700.0,0.0,747,Vehicle,600000.0,60,700000.0,Rural,1
LN2025101928,40,Female,Married,0,Salaried,16,36500.0,24300.0,20900.0,648,Vehicle,130000.0,12,160000.0,Rural,0
LN2025100780,42,Male,Unknown,2,SENP,17,155700.0,0.0,43700.0,777,Personal,1700000.0,60,0.0,Urban,1
LN2025104317,21,Male,Single,3,SENP,0,84400.0,0.0,0.0,724,Vehicle,1240000.0,84,1620000.0,Urban,0
LN2025100296,58,Male,Married,3,SEP,30,164000.0,0.0,12800.0,739,Business,2860000.0,24,0.0,Semi-Urban,0
LN2025108298,59,Transgender,Single,0,SEP,31,121500.0,0.0,0.0,786,Home,8820000.0,240,14420000.0,Rural,0
LN2025106390,45,Female,Married,1,Salaried,21,32300.0,0.0,0.0,733,Personal,230000.0,36,0.0,Semi-Urban,1
LN2025101403,34,Male,Married,2,Salaried,9,27100.0,0.0,2100.0,739,Vehicle,260000.0,60,280000.0,Urban,1
LN2025100020,49,Male,Married,1,Salaried,28,117000.0,0.0,0.0,782,Personal,510000.0,36,0.0,Semi-Urban,1
LN2025107579,32,Male,Married,2,SENP,3,81700.0,0.0,7600.0,737,Business,2000000.0,60,3460000.0,Rural,0
LN2025102081,29,Female,Married,1,Salaried,6,40500.0,62900.0,0.0,766,Home,2810000.0,360,3930000.0,Urban,1
LN2025108340,37,Male,Married,0,Salaried,14,25000.0,19700.0,12800.0,795,Home,2170000.0,240,6140000.0,Urban,0
LN2025105305,32,Female,Married,1,Salaried,9,8700.0,0.0,0.0,697,Home,500000.0,300,890000.0,Rural,0
LN2025100831,24,Male,Single,0,Salaried,0,47600.0,0.0,0.0,786,Vehicle,380000.0,60,530000.0,Urban,0
LN2025104642,35,Female,Single,0,Salaried,11,30200.0,54600.0,13900.0,755,Vehicle,120000.0,24,170000.0,Urban,1
LN2025107749,34,Male,Single,1,Salaried,10,44100.0,0.0,0.0,754,Home,1410000.0,240,2380000.0,Semi-Urban,1
LN2025105045,33,Female,Married,1,Salaried,8,52000.0,69400.0,0.0,781,Personal,490000.0,12,0.0,Semi-Urban,1
LN2025100125,46,Female,Married,2,Salaried,20,32300.0,37800.0,7700.0,751,Vehicle,150000.0,24,160000.0,Urban,1
LN2025108451,25,Male,Single,2,SENP,3,42400.0,0.0,0.0,742,Vehicle,470000.0,84,630000.0,Rural,1
LN2025109521,34,Female,Married,1,Salaried,11,50800.0,24400.0,0.0,715,Vehicle,120000.0,24,170000.0,Semi-Urban,1
LN2025108068,40,Male,Married,1,Salaried,19,24000.0,0.0,0.0,720,Personal,140000.0,36,0.0,Rural,1
LN2025109312,38,Female,Married,2,SENP,10,31400.0,0.0,0.0,761,Home,1230000.0,300,1870000.0,Semi-Urban,1
LN2025103544,44,Female,Married,3,SEP,16,71300.0,14500.0,8800.0,755,Business,930000.0,60,1360000.0,Semi-Urban,1
LN2025109255,32,Female,Single,0,Salaried,8,28800.0,27600.0,21800.0,696,Home,3110000.0,240,3830000.0,Rural,1
LN2025101365,36,Male,Married,1,SEP,9,27700.0,0.0,0.0,710,Business,130000.0,36,200000.0,Urban,1
LN2025107651,51,Male,Married,0,SENP,21,117100.0,0.0,0.0,728,Personal,690000.0,48,0.0,Urban,1
LN2025101866,48,Male,Married,3,Salaried,26,208400.0,0.0,16900.0,774,Vehicle,150000.0,36,160000.0,Urban,1
LN2025101158,24,Female,Married,2,SENP,3,41600.0,21100.0,0.0,759,Business,420000.0,12,790000.0,Rural,1
LN2025107174,39,Female,Married,2,Salaried,16,77500.0,0.0,0.0,754,Personal,170000.0,60,0.0,Urban,1
LN2025103689,47,Male,Widowed,0,SEP,21,116500.0,0.0,16400.0,829,Home,5950000.0,180,8440000.0,Urban,1
LN2025103170,24,Female,Single,0,Salaried,1,32800.0,0.0,0.0,-1,Personal,220000.0,60,0.0,Semi-Urban,0
LN2025109399,44,Male,Married,0,SENP,25,393900.0,56900.0,0.0,743,Vehicle,3060000.0,48,3940000.0,Semi-Urban,1
LN2025109241,40,Female,Single,1,Salaried,17,20100.0,0.0,0.0,631,Home,740000.0,180,1920000.0,Urban,0
LN2025107962,50,Male,Married,1,SENP,30,190300.0,0.0,41500.0,758,Vehicle,110000.0,36,130000.0,Urban,1
LN2025107002,36,Male,Married,1,SEP,11,65800.0,0.0,0.0,853,Business,460000.0,48,690000.0,Urban,1
LN2025103889,29,Female,Single,0,Salaried,6,17400.0,0.0,0.0,627,Personal,110000.0,60,0.0,Rural,0
LN2025107173,36,Male,Married,2,Salaried,15,55800.0,0.0,22700.0,820,Personal,170000.0,24,0.0,Urban,1
LN2025106682,46,Male,Married,2,Salaried,26,62100.0,0.0,12300.0,732,Personal,590000.0,12,0.0,Urban,0
LN2025106317,35,Male,Married,1,Salaried,10,80400.0,0.0,0.0,784,Personal,370000.0,12,0.0,Semi-Urban,1
LN2025100387,55,Female,Married,2,SENP,29,97700.0,0.0,27400.0,755,Home,3820000.0,120,10620000.0,Urban,0
LN2025101259,49,Female,Married,3,SENP,30,25700.0,0.0,0.0,753,Business,310000.0,36,530000.0,Urban,1
LN2025103774,46,Male,Married,1,SEP,18,95300.0,54400.0,0.0,739,Vehicle,1650000.0,60,1940000.0,Urban,1
LN2025104947,27,Male,Married,2,Salaried,3,20900.0,31600.0,0.0,839,Personal,270000.0,36,0.0,Semi-Urban,1
LN2025105210,37,Male,Married,3,Salaried,12,24300.0,0.0,0.0,775,Vehicle,350000.0,60,390000.0,Semi-Urban,1
LN2025105728,49,Male,Married,2,Salaried,26,45800.0,0.0,8000.0,721,Home,1500000.0,300,2810000.0,Semi-Urban,1
LN2025106428,38,Male,Married,1,Salaried,14,52500.0,0.0,0.0,811,Personal,450000.0,36,0.0,Urban,1
LN2025109586,30,Male,Married,1,Salaried,7,39700.0,24500.0,0.0,602,Home,1200000.0,360,2270000.0,Semi-Urban,0
LN2025103523,46,Male,Widowed,0,SEP,21,77400.0,0.0,0.0,756,Personal,740000.0,48,0.0,Urban,1
LN2025109319,32,Female,Married,0,SEP,5,39500.0,0.0,19200.0,773,Business,620000.0,84,950000.0,Rural,0
LN2025100337,55,Female,Married,2,SEP,30,47900.0,0.0,0.0,757,Personal,610000.0,36,0.0,Semi-Urban,1
LN2025102792,29,Male,Married,0,Salaried,7,33500.0,0.0,0.0,698,Personal,590000.0,60,0.0,Rural,0
LN2025100580,35,Male,Married,3,SENP,14,51700.0,0.0,0.0,785,Business,470000.0,36,890000.0,Rural,1
LN2025101353,25,Female,Married,1,SEP,0,56800.0,0.0,0.0,778,Vehicle,950000.0,60,1040000.0,Rural,0
LN2025103173,49,Male,Married,2,Salaried,25,203400.0,0.0,41400.0,800,Home,6110000.0,120,7980000.0,Urban,0
LN2025107324,39,Male,Married,3,SENP,12,75600.0,28300.0,0.0,726,Vehicle,1060000.0,36,1120000.0,Urban,1
LN2025101568,52,Female,Married,0,SEP,23,131900.0,0.0,52400.0,697,Business,810000.0,60,1900000.0,Urban,1
LN2025106122,35,Female,Married,3,SEP,6,56300.0,23300.0,0.0,724,Home,1820000.0,240,2810000.0,Semi-Urban,1
LN2025103347,33,Female,Married,1,SEP,6,49700.0,0.0,13200.0,800,Business,240000.0,48,510000.0,Urban,1
LN2025100414,29,Male,Married,1,SENP,7,61100.0,25800.0,0.0,719,Business,610000.0,12,0.0,Semi-Urban,0
LN2025101449,41,Male,Married,1,Salaried,21,25000.0,0.0,0.0,764,Home,1240000.0,180,1850000.0,Rural,1
LN2025105317,29,Male,Married,2,Salaried,9,32700.0,20700.0,0.0,660,Personal,330000.0,24,0.0,Rural,1
LN2025100600,45,Male,Married,3,SEP,12,86100.0,0.0,0.0,715,Vehicle,50000.0,36,50000.0,Urban,1
LN2025105050,31,Male,Married,1,Salaried,11,36300.0,0.0,0.0,760,Personal,270000.0,60,0.0,Urban,1
LN2025108092,27,Male,Single,0,Salaried,4,88600.0,0.0,0.0,747,Vehicle,410000.0,84,450000.0,Urban,1
LN2025100928,48,Male,Married,1,SEP,23,118800.0,0.0,0.0,676,Personal,540000.0,48,0.0,Semi-Urban,1
LN2025109178,47,Male,Divorced,0,SENP,21,216800.0,0.0,57100.0,772,Vehicle,2090000.0,48,2180000.0,Rural,1
LN2025108006,29,Female,Single,0,Salaried,5,61400.0,0.0,0.0,736,Home,2570000.0,360,4780000.0,Semi-Urban,1
LN2025108813,45,Female,Single,0,SEP,17,52300.0,0.0,0.0,-1,Business,330000.0,48,0.0,Semi-Urban,0
LN2025102676,50,Male,Married,3,SEP,24,158600.0,0.0,0.0,815,Business,1140000.0,60,1810000.0,Semi-Urban,1
LN2025107869,40,Male,Married,1,SEP,13,66000.0,0.0,0.0,785,Personal,1070000.0,24,0.0,Semi-Urban,0
LN2025109541,45,Female,Married,1,SENP,16,145100.0,0.0,0.0,772,Vehicle,3240000.0,48,3680000.0,Urban,0
LN2025102390,35,Female,Married,3,SENP,14,123100.0,0.0,22100.0,721,Business,1730000.0,60,2900000.0,Urban,1
LN2025104993,35,Female,Married,2,Salaried,12,16000.0,0.0,0.0,801,Personal,150000.0,48,0.0,Semi-Urban,1
LN2025106949,28,Male,Single,0,SENP,1,65300.0,0.0,0.0,717,Business,360000.0,60,0.0,Semi-Urban,0
LN2025100075,40,Male,Married,1,SENP,20,133100.0,14600.0,16000.0,792,Business,2140000.0,60,5100000.0,Rural,1
LN2025104994,33,Male,Married,3,Salaried,9,46700.0,47400.0,0.0,596,Vehicle,740000.0,48,800000.0,Urban,0
LN2025103461,26,Male,Single,0,SEP,0,125500.0,0.0,0.0,703,Business,830000.0,12,0.0,Semi-Urban,0
LN2025103736,22,Male,Single,0,Salaried,0,26500.0,0.0,0.0,686,Vehicle,500000.0,48,550000.0,Rural,0
LN2025106243,40,Male,Married,1,SEP,14,137500.0,0.0,0.0,686,Business,630000.0,36,860000.0,Urban,1
LN2025107633,43,Male,Married,0,SEP,15,225900.0,82500.0,0.0,700,Home,13170000.0,240,19570000.0,Urban,1
LN2025107327,29,Female,Single,0,Salaried,6,50400.0,0.0,0.0,752,Vehicle,130000.0,12,140000.0,Urban,1
LN2025100514,46,Male,Single,0,SENP,19,51700.0,0.0,0.0,553,Business,310000.0,36,420000.0,Semi-Urban,0
LN2025104618,41,Male,Married,2,SENP,17,29400.0,20500.0,0.0,743,Business,200000.0,48,0.0,Urban,1
LN2025108073,22,Male,Single,0,Salaried,0,38800.0,0.0,0.0,764,Personal,350000.0,12,0.0,Urban,0
LN2025100919,38,Female,Married,1,Salaried,13,44200.0,0.0,0.0,715,Vehicle,60000.0,36,70000.0,Semi-Urban,1
LN2025106974,31,Male,Married,2,Salaried,10,44000.0,0.0,2000.0,709,Personal,60000.0,60,0.0,Semi-Urban,1
LN2025101998,48,Male,Married,3,Salaried,26,81700.0,0.0,11000.0,788,Vehicle,980000.0,60,1150000.0,Semi-Urban,1
LN2025104741,29,Male,Single,2,SENP,8,50000.0,0.0,0.0,787,Business,230000.0,120,0.0,Rural,1
LN2025100776,25,Female,Married,0,Salaried,3,27300.0,33700.0,0.0,716,Personal,410000.0,24,0.0,Rural,1
LN2025107894,31,Female,Married,2,Salaried,10,52700.0,0.0,14600.0,854,Personal,480000.0,48,0.0,Semi-Urban,1
LN2025108720,46,Male,Married,1,SEP,19,81000.0,32000.0,11100.0,782,Business,780000.0,60,2090000.0,Rural,1
LN2025102445,37,Male,Married,0,Salaried,16,53600.0,0.0,14500.0,698,Personal,330000.0,60,0.0,Urban,0
LN2025108316,33,Male,Married,2,Salaried,11,96500.0,34800.0,0.0,846,Personal,710000.0,24,0.0,Semi-Urban,1
LN2025107588,25,Female,Single,0,Salaried,1,34200.0,0.0,9000.0,626,Vehicle,100000.0,12,100000.0,Semi-Urban,0
LN2025102774,31,Male,Unknown,0,Salaried,7,61400.0,0.0,9600.0,747,Personal,850000.0,48,0.0,Urban,1
LN2025106121,55,Male,Married,3,SEP,29,69200.0,31100.0,0.0,725,Home,5090000.0,120,7470000.0,Semi-Urban,0
LN2025105393,36,Male,Married,2,Salaried,10,42800.0,49200.0,0.0,801,Home,4290000.0,240,6380000.0,Urban,1
LN2025104980,35,Male,Married,1,Salaried,10,42900.0,0.0,6500.0,875,Personal,280000.0,24,0.0,Semi-Urban,1
LN2025101710,59,Male,Single,0,SENP,35,66300.0,17500.0,0.0,720,Business,940000.0,36,1660000.0,Semi-Urban,1
LN2025103966,49,Male,Married,2,Salaried,27,84200.0,0.0,0.0,764,Personal,460000.0,12,0.0,Semi-Urban,0
LN2025105837,32,Male,Married,2,Salaried,11,34100.0,0.0,5800.0,684,Personal,260000.0,60,0.0,Semi-Urban,1
LN2025104566,26,Male,Married,0,Salaried,4,20200.0,37000.0,0.0,708,Vehicle,210000.0,48,280000.0,Rural,1
LN2025105730,38,Unknown,Married,2,SENP,15,16000.0,0.0,1100.0,801,Business,200000.0,60,0.0,Urban,1
LN2025107545,36,Male,Married,2,Salaried,11,54800.0,0.0,0.0,786,Personal,640000.0,60,0.0,Urban,1
LN2025100163,70,Female,Married,1,SENP,48,121400.0,22900.0,0.0,781,Business,760000.0,36,0.0,Urban,0
LN2025106798,49,Female,Married,3,Salaried,24,60300.0,30000.0,0.0,694,Vehicle,100000.0,24,140000.0,Rural,0
LN2025108993,54,Male,Married,2,SENP,26,62100.0,0.0,0.0,673,Business,810000.0,48,1850000.0,Urban,1
LN2025106012,58,Female,Married,1,SEP,30,334900.0,60000.0,35500.0,713,Business,3890000.0,60,0.0,Urban,1
LN2025105588,44,Male,Married,2,Salaried,24,86700.0,89100.0,0.0,768,Home,6960000.0,180,10280000.0,Urban,1
LN2025102821,31,Male,Married,1,Salaried,9,33600.0,54000.0,0.0,572,Home,2840000.0,240,3720000.0,Rural,0
LN2025101852,59,Male,Married,1,SENP,36,347600.0,108400.0,12500.0,818,Business,3010000.0,12,5290000.0,Urban,1
LN2025107999,30,Male,Married,3,Salaried,5,23400.0,43200.0,3000.0,826,Home,900000.0,240,1480000.0,Urban,1
LN2025108078,42,Male,Married,2,SEP,11,131000.0,0.0,0.0,703,Vehicle,1180000.0,60,1650000.0,Semi-Urban,1
LN2025105684,34,Male,Married,3,Salaried,9,74600.0,0.0,21600.0,-1,Personal,2110000.0,36,0.0,Urban,0
LN2025103537,25,Male,Married,2,SENP,0,46700.0,0.0,0.0,744,Business,890000.0,60,1230000.0,Urban,0
LN2025105255,59,Female,Married,1,SENP,35,37500.0,0.0,10000.0,728,Personal,400000.0,48,0.0,Urban,0
LN2025109351,59,Female,Married,1,SENP,34,45700.0,51000.0,0.0,654,Business,540000.0,36,880000.0,Rural,1
LN2025106553,28,Male,Single,2,Salaried,6,47500.0,0.0,0.0,655,Personal,320000.0,24,0.0,Semi-Urban,1
LN2025101962,40,Female,Married,2,Salaried,18,20000.0,0.0,6200.0,800,Home,580000.0,240,840000.0,Semi-Urban,0
LN2025106576,31,Male,Married,2,Salaried,9,47100.0,0.0,0.0,847,Personal,260000.0,48,0.0,Semi-Urban,1
LN2025105223,32,Male,Married,1,SENP,12,120000.0,56500.0,24000.0,784,Business,550000.0,36,0.0,Semi-Urban,1
LN2025102054,56,Male,Married,1,SENP,27,127400.0,15900.0,6800.0,757,Business,870000.0,24,2450000.0,Rural,1
LN2025101692,21,Male,Single,2,Salaried,0,42800.0,0.0,0.0,-1,Vehicle,150000.0,60,180000.0,Rural,0
LN2025102492,31,Male,Married,1,SEP,0,59400.0,0.0,0.0,765,Personal,790000.0,48,0.0,Semi-Urban,0
LN2025106398,42,Male,Married,0,SENP,16,157500.0,0.0,14000.0,810,Business,2810000.0,120,7090000.0,Semi-Urban,1
LN2025102474,34,Male,Married,1,SENP,12,105500.0,0.0,18600.0,722,Personal,1090000.0,36,0.0,Urban,0
LN2025102189,42,Male,Married,2,Salaried,19,98800.0,11500.0,0.0,794,Home,3640000.0,120,6050000.0,Semi-Urban,1
LN2025108313,49,Female,Married,2,Salaried,25,72700.0,0.0,0.0,661,Vehicle,510000.0,60,510000.0,Semi-Urban,1
LN2025106686,45,Male,Married,2,SENP,22,258100.0,0.0,0.0,849,Personal,4000000.0,36,0.0,Urban,1
LN2025102968,33,Female,Married,1,Salaried,10,38900.0,0.0,0.0,-1,Vehicle,150000.0,60,200000.0,Rural,1
LN2025109725,36,Female,Married,0,SEP,5,48700.0,0.0,14700.0,708,Business,630000.0,48,400000.0,Urban,1
LN2025103865,43,Male,Married,3,Salaried,19,181500.0,0.0,59300.0,773,Personal,1850000.0,36,0.0,Urban,0
LN2025103988,30,Male,Single,0,Salaried,5,32900.0,52200.0,0.0,792,Home,3600000.0,360,10290000.0,Urban,1
LN2025100261,38,Male,Married,2,SEP,11,62200.0,21600.0,0.0,796,Business,760000.0,36,1650000.0,Urban,1
LN2025101506,25,Male,Single,2,Salaried,0,19400.0,0.0,0.0,697,Vehicle,150000.0,48,170000.0,Semi-Urban,0
LN2025101314,53,Male,Married,3,SENP,25,211500.0,34600.0,0.0,731,Business,3380000.0,36,4990000.0,Urban,1
LN2025101868,32,Female,Married,2,Salaried,7,36700.0,26300.0,9700.0,747,Home,1900000.0,300,2190000.0,Urban,1
LN2025103536,42,Male,Unknown,2,Salaried,19,88500.0,25600.0,0.0,569,Home,2250000.0,120,3470000.0,Urban,0
LN2025109376,32,Unknown,Single,0,Salaried,8,89400.0,0.0,0.0,715,Home,3270000.0,120,5680000.0,Urban,1
LN2025101854,36,Male,Married,1,Salaried,14,60500.0,150700.0,39300.0,650,Vehicle,1220000.0,60,1470000.0,Urban,1
LN2025104677,38,Male,Married,0,Salaried,18,18200.0,0.0,0.0,629,Personal,180000.0,36,0.0,Semi-Urban,0
LN2025100761,34,Female,Married,3,Salaried,11,37200.0,0.0,0.0,690,Home,1900000.0,300,2680000.0,Semi-Urban,1
LN2025107291,34,Male,Married,1,Salaried,11,89400.0,51600.0,0.0,722,Home,2210000.0,240,4420000.0,Urban,1
LN2025109607,41,Male,Married,3,Salaried,15,57400.0,36500.0,2400.0,650,Home,3520000.0,180,6920000.0,Urban,1
LN2025103015,32,Male,Married,2,Salaried,9,25400.0,0.0,0.0,-1,Personal,190000.0,36,0.0,Rural,1
LN2025106645,41,Male,Married,3,Salaried,18,96500.0,33000.0,0.0,674,Home,2810000.0,180,3810000.0,Urban,1
LN2025102747,41,Male,Married,1,SENP,21,135000.0,22800.0,0.0,838,Home,4650000.0,180,6730000.0,Semi-Urban,1
LN2025100561,38,Male,Married,3,Salaried,14,121000.0,0.0,0.0,774,Personal,1000000.0,24,0.0,Urban,1
LN2025107521,32,Male,Married,1,Salaried,11,126300.0,0.0,0.0,668,Personal,690000.0,36,0.0,Urban,1
LN2025102378,30,Male,Married,0,Salaried,6,61000.0,85800.0,0.0,716,Home,2040000.0,120,2600000.0,Urban,1
LN2025102862,50,Male,Married,1,SEP,22,54400.0,0.0,0.0,719,Vehicle,270000.0,84,310000.0,Rural,1
LN2025101363,37,Female,Married,2,Salaried,15,58800.0,69000.0,0.0,749,Home,2960000.0,240,4450000.0,Urban,1
LN2025102397,32,Male,Married,0,Salaried,9,29800.0,0.0,0.0,-1,Vehicle,390000.0,60,420000.0,Rural,1
LN2025102861,37,Female,Married,3,Salaried,17,54000.0,0.0,15800.0,846,Personal,180000.0,12,0.0,Urban,1
LN2025103210,46,Male,Divorced,1,Salaried,22,117600.0,0.0,0.0,-1,Personal,1040000.0,48,0.0,Urban,1
LN2025102622,35,Male,Single,0,Salaried,11,36300.0,0.0,0.0,783,Home,1180000.0,240,1370000.0,Urban,1
LN2025100820,39,Male,Married,1,Salaried,16,51400.0,0.0,15200.0,611,Vehicle,770000.0,84,780000.0,Urban,0
LN2025106192,36,Female,Married,2,Salaried,11,46800.0,0.0,5400.0,730,Vehicle,110000.0,36,130000.0,Semi-Urban,1
LN2025100001,27,Female,Single,0,Salaried,1,35100.0,0.0,10700.0,876,Vehicle,290000.0,84,300000.0,Urban,1
LN2025104781,24,Male,Single,0,SENP,6,41300.0,34700.0,0.0,767,Vehicle,250000.0,60,320000.0,Semi-Urban,0
LN2025100460,45,Female,Married,1,Salaried,12,56500.0,125100.0,0.0,814,Personal,630000.0,48,0.0,Semi-Urban,1
LN2025103260,40,Male,Married,1,Salaried,15,65100.0,0.0,0.0,-1,Personal,250000.0,24,0.0,Semi-Urban,1
LN2025105075,54,Male,Married,2,SENP,31,258900.0,0.0,0.0,813,Vehicle,1340000.0,48,1740000.0,Urban,1
LN2025100049,45,Male,Married,1,Salaried,22,84400.0,0.0,31100.0,718,Vehicle,690000.0,48,730000.0,Urban,0
LN2025108378,33,Male,Married,3,Salaried,8,23200.0,0.0,5100.0,681,Personal,250000.0,36,0.0,Semi-Urban,0
LN2025107984,31,Female,Married,2,SEP,2,99900.0,0.0,0.0,781,Personal,420000.0,48,0.0,Urban,0
LN2025107193,32,Female,Married,0,Salaried,7,18200.0,54000.0,0.0,758,Home,3540000.0,360,5460000.0,Rural,0
LN2025104424,33,Male,Married,3,SEP,5,67000.0,0.0,11500.0,603,Business,320000.0,60,880000.0,Rural,0
LN2025109275,43,Male,Married,3,Salaried,20,30500.0,0.0,0.0,628,Vehicle,660000.0,60,790000.0,Rural,0
LN2025109200,32,Male,Married,3,SENP,11,64800.0,0.0,0.0,765,Home,5220000.0,360,7980000.0,Semi-Urban,0
LN2025104652,37,Male,Married,2,Salaried,13,50200.0,45800.0,15400.0,757,Personal,370000.0,60,0.0,Semi-Urban,1
LN2025107156,43,Male,Married,1,SENP,18,64300.0,0.0,3600.0,653,Business,950000.0,36,1660000.0,Urban,0
LN2025107771,33,Male,Married,2,Salaried,12,29000.0,55200.0,0.0,773,Vehicle,650000.0,48,780000.0,Rural,1
LN2025109189,28,Female,Married,2,Salaried,4,37800.0,0.0,2400.0,696,Vehicle,530000.0,60,580000.0,Urban,1
LN2025109825,37,Male,Married,3,SENP,11,75900.0,0.0,0.0,773,Business,1140000.0,24,2680000.0,Rural,0
LN2025108224,44,Male,Married,2,Salaried,20,100400.0,42400.0,20000.0,702,Home,5300000.0,180,8440000.0,Urban,1
LN2025100320,44,Male,Single,0,SENP,16,123000.0,0.0,35200.0,774,Business,1680000.0,36,2980000.0,Semi-Urban,0
LN2025100186,39,Male,Married,3,SEP,14,344000.0,42300.0,0.0,750,Home,16020000.0,180,33270000.0,Semi-Urban,1
LN2025100562,34,Male,Married,1,Salaried,11,64700.0,0.0,24300.0,739,Vehicle,1210000.0,60,1400000.0,Urban,0
LN2025109442,39,Male,Married,0,SENP,16,377000.0,19100.0,0.0,771,Business,1260000.0,60,0.0,Urban,1
LN2025107581,20,Unknown,Single,2,Salaried,0,14700.0,0.0,2200.0,704,Personal,180000.0,36,0.0,Semi-Urban,1
LN2025105865,29,Male,Single,0,SENP,0,12900.0,0.0,2600.0,716,Vehicle,130000.0,48,180000.0,Urban,0
LN2025103808,30,Male,Married,3,Salaried,7,35900.0,52200.0,8300.0,774,Vehicle,660000.0,60,680000.0,Urban,1
LN2025109422,46,Female,Unknown,2,SENP,18,131900.0,0.0,0.0,562,Vehicle,150000.0,12,160000.0,Urban,0
LN2025101014,33,Male,Married,2,Salaried,10,59300.0,0.0,0.0,544,Personal,610000.0,36,0.0,Rural,0
LN2025100276,26,Female,Single,1,SEP,0,22100.0,0.0,0.0,764,Business,580000.0,84,0.0,Urban,0
LN2025101318,55,Male,Married,1,SENP,32,293600.0,21000.0,0.0,688,Vehicle,130000.0,36,150000.0,Urban,1
LN2025103204,49,Male,Married,2,Salaried,25,191400.0,0.0,0.0,630,Personal,2800000.0,48,0.0,Urban,0
LN2025109793,28,Male,Married,1,Salaried,2,52200.0,0.0,4900.0,697,Vehicle,520000.0,60,530000.0,Urban,1
LN2025102184,36,Male,Married,2,Salaried,11,118200.0,0.0,26000.0,781,Home,5730000.0,240,6840000.0,Urban,0
LN2025105012,34,Male,Married,2,Salaried,13,31400.0,27600.0,3200.0,810,Home,960000.0,120,1430000.0,Rural,1
LN2025106314,35,Male,Married,1,Salaried,13,49100.0,28300.0,7400.0,762,Home,2770000.0,180,3620000.0,Rural,1
LN2025103729,35,Male,Married,1,Salaried,10,38600.0,0.0,0.0,721,Personal,430000.0,24,0.0,Semi-Urban,0
LN2025103637,33,Male,Married,0,SEP,4,174600.0,0.0,0.0,846,Vehicle,760000.0,60,1070000.0,Urban,1
LN2025106766,32,Male,Married,1,Salaried,12,46600.0,0.0,4200.0,768,Vehicle,90000.0,36,100000.0,Urban,1
LN2025102921,36,Female,Married,2,Salaried,12,62800.0,0.0,0.0,617,Personal,270000.0,12,0.0,Semi-Urban,0
LN2025105987,26,Male,Married,2,Salaried,4,22100.0,0.0,0.0,694,Personal,310000.0,60,0.0,Rural,1
LN2025109107,27,Male,Married,2,SEP,1,170000.0,0.0,0.0,743,Business,970000.0,60,0.0,Rural,0
LN2025101060,44,Male,Married,2,SENP,18,34300.0,0.0,0.0,779,Vehicle,200000.0,84,210000.0,Rural,1
LN2025104121,32,Male,Married,1,Salaried,12,93700.0,0.0,0.0,872,Home,4370000.0,240,10840000.0,Urban,1
LN2025101683,29,Male,Single,1,SENP,1,26100.0,0.0,0.0,733,Personal,150000.0,60,0.0,Urban,0
LN2025100584,49,Female,Married,3,SENP,27,74100.0,50100.0,0.0,556,Vehicle,1700000.0,36,2210000.0,Urban,0
LN2025106642,25,Male,Single,0,SEP,0,94100.0,0.0,0.0,593,Vehicle,750000.0,60,900000.0,Semi-Urban,0
LN2025106953,44,Male,Married,3,Salaried,24,91000.0,0.0,0.0,646,Personal,350000.0,60,0.0,Semi-Urban,0
LN2025100654,41,Male,Married,1,SENP,16,41600.0,0.0,0.0,742,Business,760000.0,36,1540000.0,Semi-Urban,0
LN2025106916,27,Male,Married,1,SENP,7,58400.0,0.0,0.0,611,Vehicle,340000.0,60,430000.0,Urban,0
LN2025103688,32,Male,Married,1,Salaried,7,70800.0,0.0,0.0,676,Personal,210000.0,48,0.0,Rural,1
LN2025106260,33,Male,Married,2,SENP,9,32000.0,51700.0,0.0,684,Business,1490000.0,84,0.0,Urban,1
LN2025107423,37,Female,Married,2,Salaried,12,91400.0,0.0,11100.0,680,Personal,310000.0,24,0.0,Urban,1
LN2025107035,37,Male,Married,1,Salaried,14,42400.0,0.0,4600.0,744,Personal,110000.0,60,0.0,Urban,1
LN2025102912,44,Male,Married,1,SEP,17,89200.0,19200.0,0.0,857,Home,3030000.0,240,4740000.0,Urban,1
LN2025104024,29,Transgender,Married,1,SEP,0,107000.0,145200.0,0.0,758,Vehicle,2030000.0,84,2230000.0,Urban,0
LN2025101959,33,Female,Single,0,Salaried,9,49400.0,77400.0,0.0,682,Home,4690000.0,240,8480000.0,Semi-Urban,1
LN2025103152,44,Male,Married,2,SENP,14,44100.0,35000.0,0.0,741,Vehicle,320000.0,36,390000.0,Urban,1
LN2025101497,21,Male,Single,0,Salaried,0,167400.0,0.0,39600.0,861,Home,6270000.0,240,10660000.0,Semi-Urban,0
LN2025109261,20,Female,Single,0,Salaried,0,57300.0,0.0,0.0,-1,Vehicle,880000.0,60,1040000.0,Urban,0
LN2025102262,45,Male,Married,0,Salaried,23,60900.0,0.0,0.0,670,Vehicle,210000.0,60,230000.0,Urban,1
LN2025104621,29,Female,Married,3,Salaried,5,39800.0,9700.0,1500.0,712,Home,1860000.0,300,2850000.0,Rural,1
LN2025107878,47,Male,Married,3,SEP,20,122500.0,0.0,0.0,793,Business,570000.0,84,0.0,Urban,1
LN2025100868,21,Male,Single,0,SENP,0,19600.0,0.0,0.0,-1,Business,150000.0,84,0.0,Urban,0
LN2025106528,35,Male,Married,3,Salaried,11,19100.0,14900.0,0.0,744,Home,1750000.0,300,2600000.0,Rural,1
LN2025105513,42,Male,Single,0,Salaried,19,42600.0,0.0,1900.0,698,Personal,380000.0,36,0.0,Rural,1
LN2025101454,26,Male,Married,1,SENP,0,29100.0,44900.0,0.0,764,Business,990000.0,60,2140000.0,Rural,0
LN2025104334,33,Male,Married,0,Salaried,13,39300.0,31700.0,0.0,777,Personal,750000.0,24,0.0,Urban,1
LN2025101872,43,Male,Married,2,SENP,21,91800.0,0.0,35400.0,681,Business,1230000.0,48,1690000.0,Rural,0
LN2025106139,20,Male,Single,1,Salaried,0,17000.0,0.0,3500.0,638,Personal,130000.0,12,0.0,Rural,0
LN2025102636,34,Female,Married,1,Salaried,10,24600.0,0.0,0.0,628,Home,1130000.0,360,1680000.0,Semi-Urban,0
LN2025103116,29,Male,Married,1,Salaried,8,57500.0,0.0,2200.0,753,Personal,230000.0,36,0.0,Urban,1
LN2025107195,32,Female,Married,2,Salaried,7,36600.0,22300.0,0.0,786,Home,1540000.0,240,1980000.0,Rural,1
LN2025105282,34,Female,Single,0,Salaried,10,16000.0,33100.0,0.0,766,Home,920000.0,120,1370000.0,Rural,1
LN2025101546,24,Male,Single,0,Salaried,1,11700.0,0.0,0.0,657,Personal,60000.0,48,0.0,Urban,0
LN2025104102,26,Male,Single,1,Salaried,3,42000.0,0.0,4500.0,684,Vehicle,60000.0,24,70000.0,Semi-Urban,1
LN2025105090,55,Male,Married,3,SENP,31,90100.0,0.0,0.0,695,Personal,380000.0,60,0.0,Rural,1
LN2025104643,30,Male,Single,0,Salaried,6,103500.0,33700.0,2700.0,768,Home,3230000.0,240,3660000.0,Semi-Urban,0
LN2025106254,34,Male,Married,2,Salaried,10,34400.0,0.0,0.0,636,Personal,440000.0,24,0.0,Rural,0
LN2025103545,43,Male,Married,1,SENP,24,42300.0,0.0,6900.0,686,Business,400000.0,12,540000.0,Urban,0
LN2025100861,56,Male,Married,2,SENP,27,116000.0,21600.0,0.0,656,Home,3160000.0,180,8160000.0,Rural,0
LN2025103926,36,Male,Married,1,SENP,13,113500.0,0.0,0.0,771,Personal,190000.0,48,0.0,Urban,1
LN2025104082,48,Female,Married,2,SENP,17,111400.0,113900.0,32400.0,711,Home,5980000.0,180,7720000.0,Urban,1
LN2025100164,39,Male,Single,1,Salaried,15,31500.0,0.0,0.0,739,Vehicle,90000.0,24,120000.0,Semi-Urban,1
LN2025104868,43,Male,Single,0,Salaried,20,60900.0,0.0,0.0,788,Personal,370000.0,36,0.0,Urban,0
LN2025105299,42,Female,Unknown,2,Salaried,22,62400.0,0.0,0.0,783,Vehicle,60000.0,36,80000.0,Semi-Urban,1
LN2025102053,31,Male,Married,0,Salaried,6,86300.0,0.0,0.0,774,Personal,430000.0,60,0.0,Semi-Urban,1
LN2025104017,47,Male,Married,1,SENP,24,39300.0,0.0,0.0,740,Business,500000.0,36,0.0,Urban,1
LN2025101534,41,Female,Married,2,Salaried,20,38800.0,34900.0,0.0,757,Vehicle,670000.0,84,680000.0,Urban,1
LN2025103163,45,Male,Married,2,Salaried,23,92500.0,0.0,0.0,767,Personal,310000.0,60,0.0,Urban,1
LN2025100766,47,Male,Married,2,Salaried,24,75900.0,0.0,0.0,768,Vehicle,590000.0,36,680000.0,Urban,1
LN2025105155,20,Male,Single,1,Salaried,0,41600.0,0.0,13000.0,-1,Vehicle,560000.0,84,570000.0,Urban,0
LN2025102751,45,Male,Married,2,SENP,21,112500.0,0.0,0.0,788,Business,400000.0,36,1000000.0,Urban,1
LN2025109233,26,Male,Married,2,SEP,0,33200.0,32300.0,0.0,739,Home,1700000.0,360,1990000.0,Rural,0
LN2025100556,43,Male,Single,1,SEP,12,32000.0,30200.0,5200.0,623,Vehicle,380000.0,60,480000.0,Rural,0
LN2025102024,41,Male,Divorced,0,SENP,12,81600.0,0.0,0.0,-1,Personal,910000.0,60,0.0,Urban,0
LN2025108715,41,Male,Married,2,Salaried,20,41200.0,0.0,9600.0,736,Home,990000.0,120,1370000.0,Rural,0
LN2025104662,27,Male,Single,0,Salaried,3,49000.0,0.0,0.0,720,Personal,70000.0,24,0.0,Semi-Urban,1
LN2025106185,46,Female,Married,2,SEP,19,141600.0,12800.0,0.0,773,Business,430000.0,60,0.0,Semi-Urban,1
LN2025105723,25,Male,Single,2,Salaried,1,50900.0,0.0,0.0,807,Home,2090000.0,300,2650000.0,Urban,1
LN2025107124,24,Male,Single,0,SEP,0,177800.0,0.0,0.0,677,Personal,1700000.0,60,0.0,Semi-Urban,0
LN2025106818,44,Male,Married,2,Salaried,21,128700.0,60800.0,17200.0,609,Home,8530000.0,180,11890000.0,Semi-Urban,0
LN2025105535,29,Female,Married,0,Salaried,8,36800.0,30700.0,0.0,725,Home,1590000.0,180,2230000.0,Semi-Urban,1
LN2025103196,50,Male,Married,2,SENP,22,145700.0,0.0,0.0,-1,Business,490000.0,36,0.0,Urban,1
LN2025101611,41,Female,Married,1,Salaried,19,78700.0,0.0,0.0,717,Business,410000.0,84,0.0,Urban,1
LN2025108812,48,Male,Single,0,Salaried,22,51200.0,0.0,0.0,708,Personal,380000.0,60,0.0,Semi-Urban,1
LN2025103414,26,Male,Single,0,SEP,0,52700.0,0.0,0.0,779,Home,1520000.0,300,2150000.0,Rural,0
LN2025108898,48,Male,Married,1,Salaried,24,33100.0,106100.0,0.0,712,Home,7100000.0,120,10540000.0,Semi-Urban,1
LN2025109215,32,Male,Married,2,Salaried,7,44700.0,108600.0,0.0,836,Vehicle,420000.0,48,770000.0,Semi-Urban,1
LN2025106060,38,Female,Married,1,Salaried,14,35500.0,0.0,0.0,786,Personal,230000.0,48,0.0,Urban,1
LN2025109636,42,Unknown,Married,0,Salaried,20,97800.0,0.0,0.0,826,Personal,310000.0,36,0.0,Urban,1
LN2025109657,33,Female,Married,3,Salaried,12,37200.0,0.0,0.0,672,Vehicle,500000.0,36,680000.0,Rural,0
LN2025107220,39,Female,Married,3,Salaried,16,43100.0,15400.0,0.0,684,Home,2250000.0,240,3890000.0,Urban,1
LN2025107657,44,Male,Married,3,Salaried,21,45100.0,0.0,4800.0,733,Personal,370000.0,48,0.0,Semi-Urban,1
LN2025109565,40,Male,Single,0,SEP,12,278600.0,36000.0,0.0,773,Business,2900000.0,48,0.0,Semi-Urban,1
LN2025104143,30,Male,Married,2,Salaried,6,39200.0,0.0,11700.0,601,Personal,280000.0,24,0.0,Semi-Urban,0
LN2025107702,36,Male,Single,0,Salaried,16,60100.0,0.0,0.0,763,Personal,380000.0,24,0.0,Urban,1
LN2025107848,36,Male,Single,1,SEP,7,18900.0,0.0,3600.0,854,Business,110000.0,24,0.0,Urban,1
LN2025103519,47,Male,Married,1,SENP,17,62900.0,49500.0,28000.0,662,Home,1940000.0,240,2840000.0,Urban,0
LN2025105297,57,Male,Married,0,SEP,30,85500.0,0.0,0.0,794,Personal,1140000.0,36,0.0,Urban,1
LN2025106455,40,Male,Married,0,Salaried,19,107500.0,0.0,0.0,739,Personal,780000.0,48,0.0,Urban,1
LN2025104731,42,Female,Married,1,Salaried,20,34500.0,0.0,0.0,704,Personal,350000.0,12,0.0,Urban,0
LN2025106931,36,Female,Single,0,Salaried,14,33700.0,0.0,0.0,800,Vehicle,280000.0,84,280000.0,Urban,1
LN2025103022,24,Male,Single,0,SEP,0,106500.0,46500.0,0.0,608,Business,600000.0,36,1160000.0,Urban,0
LN2025107111,27,Female,Single,3,Salaried,4,24000.0,0.0,0.0,722,Personal,140000.0,24,0.0,Urban,1
LN2025109045,31,Female,Married,1,Salaried,9,34400.0,0.0,2300.0,767,Personal,240000.0,12,0.0,Urban,0
LN2025101001,46,Female,Married,1,SENP,18,53000.0,0.0,0.0,740,Vehicle,120000.0,36,160000.0,Semi-Urban,1
LN2025107681,36,Male,Married,1,Salaried,13,67700.0,64700.0,0.0,738,Home,4730000.0,240,9170000.0,Semi-Urban,1
LN2025100571,27,Male,Single,1,Salaried,3,38700.0,0.0,0.0,729,Vehicle,260000.0,84,300000.0,Urban,1
LN2025103643,33,Male,Single,0,Salaried,12,75600.0,0.0,0.0,750,Personal,490000.0,24,0.0,Rural,1
LN2025108526,27,Female,Single,0,Salaried,6,20300.0,0.0,0.0,802,Personal,370000.0,60,0.0,Urban,1
LN2025106305,35,Male,Married,3,SEP,6,38300.0,0.0,0.0,823,Business,450000.0,48,0.0,Semi-Urban,1
LN2025106471,43,Male,Married,1,Salaried,17,40600.0,26400.0,5800.0,752,Home,2805000.0,180,4950000.0,Rural,0
LN2025109554,34,Female,Married,2,Salaried,12,23700.0,14700.0,0.0,780,Home,1090000.0,240,1650000.0,Rural,1
LN2025105754,24,Male,Single,1,SENP,2,30500.0,0.0,0.0,638,Business,150000.0,120,0.0,Urban,0
LN2025101924,32,Male,Married,1,Salaried,10,28600.0,34900.0,10200.0,780,Personal,290000.0,60,0.0,Rural,1
LN2025104949,28,Female,Married,3,SEP,0,55700.0,0.0,0.0,730,Business,300000.0,12,740000.0,Semi-Urban,0
LN2025104375,43,Male,Married,2,SEP,15,88500.0,55200.0,0.0,824,Home,3850000.0,240,5300000.0,Urban,1
LN2025107697,27,Male,Married,0,Salaried,3,41800.0,0.0,0.0,900,Personal,260000.0,36,0.0,Urban,1
LN2025102237,44,Female,Married,1,SENP,21,208200.0,34600.0,0.0,852,Home,12830000.0,240,18240000.0,Urban,1
LN2025103027,49,Male,Single,0,Salaried,26,95200.0,0.0,18900.0,807,Personal,1360000.0,60,0.0,Semi-Urban,1
LN2025100559,52,Male,Widowed,0,Salaried,30,47800.0,47400.0,0.0,638,Home,4720000.0,240,6710000.0,Urban,0
LN2025100573,34,Female,Married,2,Salaried,12,45300.0,44600.0,0.0,721,Home,2000000.0,240,2780000.0,Urban,1
LN2025105590,50,Male,Married,2,Salaried,12,52500.0,36500.0,9700.0,665,Home,3090000.0,120,3950000.0,Semi-Urban,1
LN2025106694,33,Male,Married,2,Salaried,13,82000.0,0.0,11800.0,800,Personal,470000.0,24,0.0,Urban,1
LN2025100755,21,Male,Single,0,Salaried,0,19000.0,0.0,0.0,742,Personal,50000.0,36,0.0,Rural,0
LN2025108958,49,Male,Married,0,Salaried,23,19300.0,0.0,0.0,749,Personal,90000.0,48,0.0,Semi-Urban,1
LN2025108492,24,Male,Single,0,SENP,2,26200.0,0.0,7400.0,762,Business,300000.0,60,540000.0,Rural,0
LN2025107890,33,Male,Married,1,SEP,4,91200.0,0.0,0.0,706,Home,2310000.0,180,3090000.0,Rural,1
LN2025108659,25,Male,Married,2,SENP,2,13200.0,0.0,0.0,-1,Vehicle,100000.0,60,100000.0,Urban,0
LN2025109181,30,Female,Single,0,Salaried,4,34300.0,0.0,0.0,808,Personal,130000.0,12,0.0,Urban,1
LN2025103705,31,Female,Married,3,Salaried,7,23100.0,0.0,7100.0,685,Personal,50000.0,48,0.0,Urban,0
LN2025107040,38,Male,Married,0,Salaried,16,47100.0,76200.0,21100.0,875,Vehicle,750000.0,48,990000.0,Urban,1
LN2025107725,43,Transgender,Married,1,Salaried,20,56700.0,25400.0,0.0,823,Home,4010000.0,120,6280000.0,Rural,0
LN2025103399,46,Male,Married,2,SENP,25,33700.0,0.0,0.0,-1,Vehicle,300000.0,36,410000.0,Urban,0
LN2025106203,31,Male,Married,1,Salaried,5,32300.0,0.0,0.0,637,Home,1160000.0,360,1390000.0,Semi-Urban,0
LN2025100311,49,Male,Married,0,Salaried,12,55100.0,50000.0,10300.0,612,Home,2570000.0,120,5610000.0,Semi-Urban,0
LN2025100932,29,Male,Married,3,SEP,3,78300.0,0.0,0.0,744,Vehicle,610000.0,60,670000.0,Urban,1
LN2025103480,48,Male,Married,1,SEP,20,190700.0,0.0,64700.0,728,Home,6740000.0,180,10030000.0,Semi-Urban,0
LN2025101750,33,Male,Married,3,Salaried,9,68200.0,0.0,0.0,714,Personal,550000.0,48,0.0,Urban,1
LN2025109089,39,Female,Married,1,Salaried,13,44200.0,0.0,0.0,712,Vehicle,580000.0,60,590000.0,Rural,1
LN2025106244,36,Male,Married,3,Salaried,16,72700.0,61000.0,14900.0,669,Vehicle,900000.0,60,930000.0,Urban,1
LN2025100362,44,Male,Married,2,SENP,21,84500.0,0.0,3100.0,663,Business,390000.0,12,0.0,Urban,0
LN2025105327,34,Male,Married,1,Salaried,8,66500.0,20100.0,0.0,701,Personal,380000.0,60,0.0,Urban,1
LN2025104472,35,Male,Married,2,Salaried,14,38200.0,0.0,0.0,722,Vehicle,400000.0,60,460000.0,Rural,1
LN2025108228,47,Male,Married,1,SENP,25,89000.0,0.0,0.0,679,Vehicle,810000.0,60,930000.0,Urban,1
LN2025107536,49,Male,Married,0,Salaried,25,72300.0,0.0,0.0,701,Vehicle,130000.0,12,180000.0,Urban,1
LN2025108473,32,Male,Unknown,2,Salaried,10,44500.0,0.0,0.0,728,Personal,200000.0,24,0.0,Urban,1
LN2025102597,51,Male,Single,0,Salaried,26,68100.0,0.0,0.0,724,Home,4320000.0,120,6430000.0,Urban,0
LN2025102301,50,Female,Married,2,Salaried,24,100500.0,50900.0,9200.0,791,Vehicle,1270000.0,84,1720000.0,Urban,1
LN2025107913,39,Male,Married,1,Salaried,15,80400.0,0.0,39900.0,657,Vehicle,420000.0,48,1890000.0,Urban,0
LN2025104141,40,Male,Married,3,Salaried,19,29900.0,22100.0,0.0,697,Vehicle,290000.0,60,290000.0,Rural,1
LN2025102822,50,Male,Married,1,Salaried,26,244900.0,0.0,18300.0,706,Personal,1970000.0,48,0.0,Urban,1
LN2025101399,54,Female,Married,1,SENP,17,118400.0,48100.0,0.0,742,Home,3440000.0,120,5750000.0,Urban,1
LN2025101457,36,Male,Married,1,Salaried,14,48500.0,94900.0,0.0,832,Home,5190000.0,120,6810000.0,Semi-Urban,1
LN2025104160,44,Male,Divorced,1,SENP,19,105700.0,0.0,0.0,801,Home,2140000.0,240,2830000.0,Urban,1
LN2025104603,32,Female,Married,1,Salaried,10,22800.0,0.0,0.0,691,Personal,90000.0,12,0.0,Rural,1
LN2025109075,34,Male,Married,2,Salaried,13,72100.0,0.0,21900.0,747,Personal,840000.0,48,0.0,Urban,0
LN2025103984,38,Male,Married,1,SEP,11,166200.0,33500.0,0.0,777,Vehicle,1630000.0,60,2290000.0,Urban,1
LN2025109379,31,Male,Married,2,Salaried,8,32100.0,0.0,12800.0,641,Personal,300000.0,36,0.0,Urban,0
LN2025101645,36,Female,Married,0,SEP,9,273300.0,0.0,32900.0,-1,Business,1900000.0,24,0.0,Urban,1
LN2025109306,39,Male,Married,1,SEP,10,117700.0,0.0,42500.0,722,Vehicle,80000.0,12,90000.0,Rural,1
LN2025108785,34,Female,Single,2,Salaried,10,49400.0,0.0,0.0,-1,Personal,320000.0,36,0.0,Urban,1
LN2025100234,46,Male,Married,3,SEP,18,50000.0,17600.0,6900.0,610,Home,2230000.0,180,3170000.0,Semi-Urban,0
LN2025101687,44,Male,Married,0,Salaried,18,24300.0,10800.0,0.0,683,Home,1360000.0,120,2070000.0,Rural,1
LN2025105048,44,Male,Married,1,SENP,17,107100.0,0.0,32900.0,827,Vehicle,1270000.0,84,1510000.0,Urban,1
LN2025103104,38,Male,Married,1,Salaried,18,27600.0,38500.0,0.0,705,Vehicle,580000.0,36,740000.0,Rural,0
LN2025109621,36,Male,Married,2,SENP,10,185500.0,0.0,0.0,790,Business,3980000.0,36,6810000.0,Urban,0
LN2025105464,59,Male,Married,0,Salaried,38,44200.0,66300.0,0.0,801,Personal,740000.0,12,0.0,Urban,1
LN2025102222,49,Male,Married,2,SENP,28,51700.0,0.0,0.0,772,Business,360000.0,60,0.0,Rural,1
LN2025109400,38,Female,Married,2,SEP,10,87400.0,0.0,0.0,739,Business,800000.0,60,0.0,Semi-Urban,0
LN2025108818,29,Male,Married,1,Salaried,8,24500.0,0.0,0.0,692,Personal,180000.0,36,0.0,Urban,0
LN2025101346,35,Male,Married,2,Salaried,12,54000.0,0.0,0.0,743,Business,100000.0,36,230000.0,Urban,1
LN2025105226,32,Male,Married,2,Salaried,7,29600.0,0.0,0.0,786,Vehicle,140000.0,12,150000.0,Semi-Urban,1
LN2025103698,26,Male,Unknown,1,SENP,6,61600.0,17000.0,0.0,814,Business,920000.0,36,0.0,Rural,1
LN2025104952,32,Male,Married,3,SEP,2,99900.0,0.0,0.0,718,Personal,1480000.0,48,0.0,Urban,0
LN2025101419,31,Female,Married,1,SENP,9,85500.0,0.0,0.0,814,Business,560000.0,36,0.0,Semi-Urban,1
LN2025103175,48,Female,Married,0,SENP,27,82400.0,124100.0,0.0,636,Business,1400000.0,36,3020000.0,Urban,0
LN2025103530,29,Female,Single,0,Salaried,4,20800.0,0.0,1500.0,668,Personal,160000.0,24,0.0,Semi-Urban,0
LN2025106650,42,Male,Married,2,SENP,16,49400.0,33900.0,0.0,576,Home,2720000.0,120,6730000.0,Semi-Urban,0
LN2025101430,28,Male,Single,0,SENP,0,14500.0,0.0,0.0,654,Business,280000.0,60,600000.0,Urban,0
LN2025106542,42,Male,Married,3,Salaried,16,59900.0,0.0,8900.0,842,Personal,310000.0,48,0.0,Semi-Urban,1
LN2025107377,22,Female,Single,0,SENP,0,16200.0,0.0,0.0,-1,Business,250000.0,120,0.0,Semi-Urban,0
LN2025108457,24,Male,Single,0,Salaried,4,13300.0,9500.0,0.0,666,Personal,120000.0,36,0.0,Rural,1
LN2025104984,36,Male,Single,1,SENP,17,89800.0,0.0,0.0,838,Vehicle,110000.0,24,130000.0,Semi-Urban,1
LN2025108490,33,Male,Married,1,Salaried,9,83200.0,0.0,0.0,616,Home,2590000.0,300,4180000.0,Semi-Urban,0
LN2025106559,43,Male,Married,2,Salaried,19,77700.0,0.0,25600.0,751,Personal,480000.0,60,0.0,Semi-Urban,1
LN2025101010,33,Male,Married,3,Salaried,12,54700.0,0.0,0.0,671,Home,2520000.0,300,6010000.0,Urban,1
LN2025107992,37,Female,Married,2,Salaried,12,54700.0,0.0,0.0,661,Vehicle,110000.0,36,150000.0,Urban,1
LN2025102372,35,Male,Married,1,Salaried,12,145300.0,0.0,0.0,780,Vehicle,1770000.0,48,2080000.0,Semi-Urban,1
LN2025107388,34,Female,Married,3,Salaried,13,58000.0,0.0,0.0,837,Personal,660000.0,24,0.0,Urban,1
LN2025102662,32,Female,Single,0,Salaried,9,54700.0,0.0,0.0,823,Personal,350000.0,48,0.0,Urban,1
LN2025104192,32,Male,Married,1,Salaried,12,53000.0,0.0,15800.0,638,Vehicle,100000.0,24,100000.0,Urban,0
LN2025108775,25,Male,Single,1,Salaried,2,17300.0,0.0,9200.0,661,Home,670000.0,180,1200000.0,Rural,0
LN2025106448,40,Male,Married,2,SENP,12,54900.0,0.0,0.0,-1,Business,470000.0,36,0.0,Urban,1
LN2025103884,32,Male,Married,3,SENP,4,52400.0,0.0,9800.0,725,Business,1020000.0,60,2450000.0,Urban,0
LN2025102229,37,Female,Married,3,Salaried,16,56100.0,49400.0,0.0,679,Home,3910000.0,180,7700000.0,Urban,0
LN2025104720,35,Male,Married,2,Salaried,13,51600.0,0.0,2600.0,713,Home,1000000.0,180,1160000.0,Semi-Urban,1
LN2025100035,50,Male,Married,1,SENP,22,142800.0,21200.0,73600.0,740,Home,4170000.0,240,7850000.0,Rural,0
LN2025106349,34,Male,Married,2,Salaried,12,92100.0,0.0,0.0,753,Personal,620000.0,36,0.0,Semi-Urban,1
LN2025106755,30,Female,Married,0,Salaried,8,46700.0,26800.0,0.0,755,Home,1490000.0,240,2390000.0,Urban,1
LN2025103401,35,Male,Married,2,Salaried,13,40300.0,0.0,0.0,754,Personal,140000.0,12,0.0,Urban,1
LN2025106438,37,Female,Married,2,SENP,14,147400.0,44800.0,56700.0,793,Business,670000.0,36,0.0,Semi-Urban,1
LN2025101036,39,Male,Married,1,Salaried,15,17600.0,0.0,4500.0,751,Personal,300000.0,60,0.0,Rural,0
LN2025108168,27,Male,Married,0,Salaried,1,33400.0,0.0,0.0,701,Personal,130000.0,36,0.0,Urban,0
LN2025106957,52,Male,Married,2,SENP,31,185700.0,0.0,3300.0,838,Home,6290000.0,120,8050000.0,Urban,1
LN2025101539,39,Male,Married,2,SEP,11,59000.0,0.0,0.0,-1,Vehicle,560000.0,60,670000.0,Urban,1
LN2025108661,42,Male,Married,2,Salaried,18,58300.0,0.0,0.0,600,Vehicle,1070000.0,48,1520000.0,Semi-Urban,0
LN2025101933,27,Female,Single,2,Salaried,4,17300.0,0.0,4100.0,703,Personal,70000.0,60,0.0,Urban,0
LN2025105197,42,Female,Married,3,SEP,13,156700.0,44400.0,39200.0,785,Business,3610000.0,36,9930000.0,Urban,0
LN2025103080,27,Female,Single,0,SENP,7,117300.0,0.0,3400.0,749,Business,1660000.0,36,0.0,Urban,1
LN2025102663,31,Female,Married,1,Salaried,7,37500.0,0.0,0.0,835,Personal,530000.0,48,0.0,Urban,1
LN2025106424,61,Male,Married,2,SENP,37,40700.0,0.0,0.0,767,Personal,450000.0,36,0.0,Semi-Urban,1
LN2025103211,47,Male,Married,3,SEP,18,238400.0,0.0,0.0,747,Vehicle,100000.0,24,140000.0,Semi-Urban,1
LN2025102721,49,Male,Married,2,SENP,28,80800.0,80800.0,26300.0,854,Personal,2130000.0,36,0.0,Urban,1
LN2025104981,34,Male,Married,2,SEP,4,50500.0,0.0,0.0,748,Home,1670000.0,300,2540000.0,Semi-Urban,1
LN2025100817,45,Male,Married,3,SENP,17,99300.0,0.0,0.0,723,Home,5190000.0,240,8750000.0,Semi-Urban,0
LN2025101616,35,Male,Married,1,Salaried,12,64900.0,0.0,0.0,651,Home,1920000.0,180,2990000.0,Urban,0
LN2025108129,35,Male,Married,2,Salaried,10,65400.0,0.0,2600.0,766,Personal,350000.0,36,0.0,Semi-Urban,1
LN2025102789,49,Male,Married,2,Salaried,25,161200.0,0.0,0.0,719,Vehicle,1950000.0,60,2080000.0,Urban,1
LN2025102943,41,Female,Married,2,Salaried,17,88600.0,0.0,25900.0,732,Home,2070000.0,180,2860000.0,Semi-Urban,1
LN2025105689,38,Male,Married,1,Salaried,12,86800.0,14400.0,0.0,808,Home,8770000.0,180,25060000.0,Semi-Urban,0
LN2025108169,33,Male,Married,2,SENP,5,18200.0,0.0,0.0,813,Home,770000.0,240,1920000.0,Urban,1
LN2025103093,48,Male,Married,3,Salaried,25,65800.0,0.0,2000.0,655,Home,1460000.0,240,1670000.0,Urban,0
LN2025104061,43,Female,Married,2,Salaried,12,81500.0,34900.0,28000.0,640,Personal,610000.0,48,0.0,Urban,0
LN2025105138,34,Male,Married,2,Salaried,12,51400.0,0.0,0.0,835,Personal,490000.0,24,0.0,Urban,1
LN2025104963,28,Male,Single,0,SENP,2,78600.0,0.0,0.0,702,Personal,830000.0,60,0.0,Urban,0
LN2025104324,34,Male,Married,1,Salaried,12,58500.0,0.0,16000.0,755,Vehicle,500000.0,36,560000.0,Urban,1
LN2025102485,32,Male,Married,2,Salaried,7,8600.0,46500.0,0.0,694,Home,1090000.0,120,2150000.0,Rural,1
LN2025108999,50,Male,Married,2,SENP,17,148800.0,19900.0,20500.0,737,Home,5970000.0,180,7560000.0,Urban,1
LN2025106554,23,Male,Single,0,Salaried,0,27500.0,0.0,0.0,783,Personal,250000.0,60,0.0,Semi-Urban,0
LN2025109382,51,Male,Married,3,SENP,22,36300.0,23200.0,7500.0,705,Home,1360000.0,120,2120000.0,Urban,0
LN2025108178,32,Male,Married,1,Salaried,8,33800.0,0.0,5700.0,682,Home,900000.0,300,1080000.0,Urban,1
LN2025105854,39,Male,Married,1,Salaried,15,35400.0,101900.0,0.0,748,Home,3770000.0,240,6720000.0,Semi-Urban,1
LN2025108290,44,Female,Widowed,0,SEP,15,58300.0,0.0,19200.0,693,Personal,450000.0,60,0.0,Urban,0
LN2025102534,36,Male,Married,2,Salaried,13,46000.0,0.0,0.0,533,Business,170000.0,60,0.0,Urban,0
LN2025103682,27,Transgender,Single,0,Salaried,2,29400.0,0.0,0.0,691,Personal,70000.0,36,0.0,Rural,0
LN2025106540,35,Female,Married,1,Salaried,12,16800.0,0.0,4300.0,781,Personal,50000.0,12,0.0,Urban,0
LN2025105514,49,Male,Married,2,Salaried,27,66000.0,69600.0,0.0,730,Vehicle,900000.0,84,940000.0,Urban,1
LN2025101085,33,Male,Married,3,Salaried,9,66800.0,39800.0,0.0,741,Vehicle,520000.0,48,600000.0,Urban,1
LN2025103841,46,Male,Married,3,Salaried,22,42100.0,22900.0,5500.0,837,Personal,270000.0,24,0.0,Rural,1
LN2025106780,41,Male,Married,2,SENP,21,30300.0,0.0,12400.0,725,Vehicle,150000.0,36,160000.0,Semi-Urban,0
LN2025108743,37,Male,Single,1,Salaried,14,79100.0,0.0,0.0,684,Vehicle,250000.0,48,290000.0,Urban,1
LN2025108222,35,Male,Married,1,Salaried,11,63600.0,38100.0,0.0,571,Personal,690000.0,36,0.0,Urban,0
LN2025102826,38,Male,Single,0,SENP,19,132900.0,0.0,0.0,812,Business,540000.0,12,840000.0,Semi-Urban,0
LN2025106384,33,Male,Married,2,Salaried,12,53200.0,37500.0,0.0,744,Home,2110000.0,300,3530000.0,Urban,1
LN2025106787,31,Male,Married,2,Salaried,9,42500.0,0.0,0.0,731,Personal,240000.0,36,0.0,Urban,0
LN2025103300,43,Male,Married,2,Salaried,17,53700.0,0.0,8100.0,779,Personal,280000.0,48,0.0,Urban,1
LN2025109785,33,Male,Married,3,Salaried,10,53600.0,80500.0,0.0,856,Vehicle,1030000.0,48,1460000.0,Urban,1
LN2025107488,43,Male,Married,0,Salaried,21,49300.0,0.0,0.0,732,Personal,250000.0,48,0.0,Semi-Urban,1
LN2025109823,49,Female,Widowed,0,SENP,27,30700.0,0.0,7900.0,695,Vehicle,200000.0,36,210000.0,Urban,0
LN2025101696,28,Female,Single,0,SENP,1,42700.0,0.0,0.0,-1,Business,210000.0,48,0.0,Rural,0
LN2025106228,27,Male,Married,1,Salaried,3,23100.0,0.0,0.0,742,Personal,70000.0,60,0.0,Semi-Urban,1
LN2025106944,46,Male,Single,1,SEP,15,126700.0,0.0,0.0,739,Vehicle,780000.0,60,1030000.0,Rural,1
LN2025101808,32,Female,Married,2,Salaried,12,31800.0,0.0,0.0,821,Business,260000.0,36,0.0,Semi-Urban,1
LN2025107477,37,Male,Single,1,Salaried,17,31800.0,0.0,0.0,753,Home,1840000.0,240,2700000.0,Semi-Urban,0
LN2025105959,54,Male,Married,1,Salaried,28,107400.0,0.0,0.0,647,Home,2100000.0,300,2530000.0,Urban,0
LN2025104014,35,Male,Married,3,Salaried,9,90300.0,0.0,0.0,726,Home,1850000.0,240,4050000.0,Urban,1
LN2025107838,40,Male,Married,3,Salaried,19,37200.0,30500.0,0.0,543,Home,1740000.0,240,2720000.0,Rural,0
LN2025104081,37,Female,Married,3,Salaried,13,59500.0,86000.0,0.0,785,Home,8460000.0,240,10090000.0,Semi-Urban,0
LN2025104222,37,Male,Married,2,Salaried,14,34700.0,0.0,0.0,777,Vehicle,210000.0,60,230000.0,Urban,1
LN2025108756,23,Male,Single,0,Salaried,0,14800.0,0.0,0.0,678,Personal,70000.0,60,0.0,Semi-Urban,0
LN2025102334,33,Male,Married,2,Salaried,10,74000.0,45300.0,50400.0,768,Home,5200000.0,300,8110000.0,Rural,0
LN2025100218,41,Female,Married,1,SENP,15,451000.0,0.0,43500.0,810,Personal,2240000.0,36,0.0,Urban,1
LN2025101398,54,Male,Married,3,SENP,28,222300.0,0.0,54700.0,633,Personal,870000.0,60,0.0,Semi-Urban,0
LN2025108040,28,Male,Single,0,SENP,5,45600.0,0.0,0.0,739,Home,1680000.0,180,2280000.0,Urban,1
LN2025100485,36,Male,Married,0,Salaried,10,53900.0,0.0,3200.0,773,Personal,470000.0,12,0.0,Rural,0
LN2025104496,26,Female,Single,0,Salaried,4,24500.0,0.0,0.0,791,Home,1530000.0,300,2450000.0,Urban,0
LN2025101572,36,Male,Married,1,Salaried,13,43400.0,43500.0,0.0,802,Home,2805000.0,240,3930000.0,Urban,1
LN2025100510,53,Male,Married,3,Salaried,31,110100.0,0.0,0.0,739,Home,3770000.0,300,6570000.0,Semi-Urban,0
LN2025105109,33,Male,Single,0,Salaried,9,32200.0,0.0,0.0,726,Vehicle,160000.0,36,220000.0,Semi-Urban,1
LN2025108861,30,Female,Married,2,Salaried,7,51200.0,67900.0,0.0,753,Home,6580000.0,240,10730000.0,Urban,1
LN2025107686,46,Female,Widowed,0,SENP,21,46700.0,0.0,16500.0,740,Business,470000.0,36,900000.0,Semi-Urban,0
LN2025104065,41,Female,Married,1,Salaried,21,108500.0,0.0,2600.0,750,Home,4540000.0,180,5390000.0,Semi-Urban,1
LN2025109017,44,Male,Married,2,Salaried,22,125700.0,0.0,35600.0,834,Personal,1160000.0,60,0.0,Urban,1
LN2025100080,33,Male,Single,0,Salaried,9,56200.0,0.0,0.0,773,Personal,520000.0,36,0.0,Semi-Urban,1
LN2025108830,36,Male,Single,2,Salaried,15,25300.0,0.0,3200.0,721,Personal,260000.0,48,0.0,Urban,1
LN2025105800,32,Female,Married,2,Salaried,12,30700.0,0.0,0.0,513,Personal,280000.0,60,0.0,Rural,0
LN2025101850,31,Male,Married,0,Salaried,5,32100.0,0.0,0.0,801,Personal,150000.0,60,0.0,Rural,1
LN2025100360,30,Male,Married,2,Salaried,5,26600.0,0.0,0.0,763,Personal,210000.0,60,0.0,Urban,1
LN2025103886,40,Male,Married,0,SENP,19,241400.0,43500.0,0.0,755,Business,1520000.0,60,2540000.0,Urban,1
LN2025100022,48,Male,Married,1,SEP,19,108600.0,30100.0,25200.0,646,Business,670000.0,36,0.0,Rural,0
LN2025102407,23,Male,Single,0,SENP,0,55700.0,0.0,4800.0,804,Business,460000.0,60,1140000.0,Semi-Urban,0
LN2025105829,47,Male,Married,2,Salaried,21,132600.0,0.0,0.0,800,Home,6070000.0,180,11400000.0,Urban,0
LN2025105552,41,Male,Single,1,Salaried,16,48800.0,0.0,11600.0,760,Vehicle,460000.0,48,570000.0,Urban,1
LN2025109279,46,Unknown,Married,3,SEP,20,236400.0,0.0,0.0,814,Business,3110000.0,48,0.0,Urban,1
LN2025106915,39,Male,Married,2,Salaried,13,43500.0,0.0,0.0,764,Vehicle,60000.0,12,70000.0,Semi-Urban,1
LN2025109790,29,Male,Married,0,Salaried,11,40500.0,0.0,2500.0,720,Personal,360000.0,24,0.0,Semi-Urban,0
LN2025108280,26,Male,Single,0,SEP,0,87500.0,0.0,0.0,706,Vehicle,60000.0,12,80000.0,Semi-Urban,0
LN2025101745,50,Female,Married,2,SENP,28,121200.0,49400.0,0.0,634,Home,8150000.0,180,10210000.0,Semi-Urban,0
LN2025100620,46,Male,Married,1,Salaried,24,51400.0,17900.0,0.0,732,Home,1020000.0,120,1850000.0,Rural,1
LN2025103849,51,Male,Married,2,Salaried,29,52800.0,0.0,13700.0,727,Personal,440000.0,24,0.0,Urban,0
LN2025102320,34,Male,Married,2,Salaried,12,56200.0,0.0,7300.0,754,Vehicle,70000.0,36,80000.0,Urban,1
LN2025107709,33,Male,Married,1,Salaried,7,35900.0,41800.0,0.0,778,Home,3510000.0,180,5620000.0,Semi-Urban,1
LN2025104130,36,Male,Married,0,Salaried,13,61600.0,0.0,5000.0,815,Vehicle,580000.0,36,670000.0,Semi-Urban,1
LN2025103658,29,Male,Single,2,SENP,2,44700.0,0.0,0.0,745,Personal,370000.0,36,0.0,Rural,0
LN2025106078,42,Female,Married,3,Salaried,16,29400.0,29800.0,15800.0,683,Home,1140000.0,120,2100000.0,Urban,1
LN2025102292,34,Male,Married,1,Salaried,13,66500.0,62200.0,0.0,768,Home,6070000.0,300,8880000.0,Urban,1
LN2025102529,47,Male,Divorced,1,Salaried,12,203000.0,0.0,0.0,873,Home,6380000.0,120,9750000.0,Semi-Urban,1
LN2025108789,21,Male,Single,0,Salaried,0,25200.0,0.0,3300.0,758,Personal,270000.0,24,0.0,Urban,0
LN2025105087,37,Male,Married,2,Salaried,12,44100.0,0.0,9200.0,749,Personal,460000.0,36,0.0,Urban,0
LN2025108144,38,Male,Married,2,Salaried,18,34600.0,0.0,0.0,801,Vehicle,130000.0,24,180000.0,Semi-Urban,1
LN2025105021,35,Male,Married,2,SEP,10,43000.0,32500.0,0.0,663,Personal,610000.0,36,0.0,Urban,1
LN2025104177,38,Male,Married,0,Salaried,17,60700.0,26200.0,0.0,753,Vehicle,350000.0,60,360000.0,Urban,1
LN2025100068,49,Male,Married,2,SEP,20,86100.0,0.0,0.0,-1,Personal,950000.0,24,0.0,Urban,1
LN2025106054,36,Male,Married,2,Salaried,12,27800.0,0.0,4500.0,671,Vehicle,230000.0,60,290000.0,Rural,0
LN2025104205,36,Female,Single,0,Salaried,11,28100.0,0.0,5000.0,794,Personal,150000.0,24,0.0,Rural,1
LN2025106020,36,Male,Married,2,Salaried,12,106300.0,0.0,29700.0,749,Personal,590000.0,48,0.0,Urban,0
LN2025108669,43,Male,Married,3,Salaried,17,51600.0,52500.0,9200.0,722,Personal,340000.0,36,0.0,Rural,1
LN2025106108,31,Male,Single,1,Salaried,10,38200.0,0.0,4700.0,756,Vehicle,840000.0,60,870000.0,Semi-Urban,0
LN2025107283,41,Male,Married,0,SENP,15,153100.0,0.0,0.0,639,Personal,1230000.0,24,0.0,Rural,0
LN2025106463,42,Male,Divorced,0,Salaried,20,31300.0,0.0,0.0,725,Home,2180000.0,180,3060000.0,Urban,0
LN2025105104,35,Male,Married,2,Salaried,11,101900.0,0.0,0.0,782,Personal,450000.0,36,0.0,Semi-Urban,1
LN2025101819,31,Male,Married,2,Salaried,9,49600.0,84800.0,0.0,742,Vehicle,100000.0,60,110000.0,Rural,1
LN2025100899,41,Male,Married,3,Salaried,16,47400.0,0.0,10300.0,698,Vehicle,120000.0,12,170000.0,Urban,1
LN2025102892,53,Female,Married,0,SENP,25,30600.0,25200.0,0.0,735,Business,210000.0,36,0.0,Urban,1
LN2025108676,36,Male,Married,3,Salaried,10,63500.0,0.0,0.0,-1,Vehicle,660000.0,36,920000.0,Rural,0
LN2025104572,49,Male,Married,2,SENP,27,247800.0,49000.0,0.0,788,Home,8570000.0,180,11710000.0,Urban,1
LN2025103787,45,Male,Married,3,Salaried,22,37800.0,0.0,3300.0,780,Personal,510000.0,60,0.0,Semi-Urban,1
LN2025106605,36,Male,Married,1,Salaried,13,42200.0,23500.0,11100.0,-1,Personal,410000.0,36,0.0,Urban,0
LN2025105935,33,Male,Single,1,SEP,4,132400.0,0.0,19600.0,816,Business,1290000.0,24,0.0,Urban,1
LN2025108504,38,Female,Single,0,Salaried,12,24800.0,0.0,0.0,644,Personal,150000.0,36,0.0,Rural,0
LN2025102056,50,Female,Married,1,Salaried,12,84100.0,0.0,0.0,685,Personal,1160000.0,48,0.0,Urban,1
LN2025104147,46,Male,Single,1,Salaried,20,79400.0,41800.0,18300.0,723,Vehicle,1060000.0,60,1400000.0,Urban,1
LN2025106706,28,Male,Single,3,Salaried,2,29600.0,0.0,0.0,725,Personal,220000.0,60,0.0,Urban,1
LN2025104309,34,Male,Married,2,Salaried,11,32100.0,57100.0,0.0,747,Home,1390000.0,300,2410000.0,Urban,1
LN2025100076,44,Male,Married,1,Salaried,20,58600.0,17000.0,6700.0,771,Personal,1040000.0,60,0.0,Rural,1
LN2025101415,35,Female,Married,0,Salaried,12,72700.0,0.0,0.0,758,Personal,360000.0,60,0.0,Urban,1
LN2025108835,41,Male,Married,2,SEP,12,58000.0,19100.0,0.0,702,Business,240000.0,12,0.0,Semi-Urban,1
LN2025103469,46,Female,Married,3,Salaried,23,50700.0,0.0,0.0,798,Vehicle,420000.0,60,440000.0,Rural,1
LN2025104501,30,Female,Single,0,Salaried,7,32900.0,0.0,2500.0,-1,Personal,110000.0,60,0.0,Semi-Urban,1
LN2025103192,39,Male,Married,1,Salaried,13,87100.0,0.0,0.0,732,Vehicle,730000.0,48,730000.0,Urban,1
LN2025108982,39,Female,Married,2,Salaried,14,71000.0,0.0,9300.0,715,Vehicle,700000.0,60,910000.0,Semi-Urban,1
LN2025102197,40,Male,Single,0,SENP,13,100200.0,0.0,13200.0,761,Business,250000.0,36,0.0,Semi-Urban,1
LN2025101065,29,Male,Single,0,Salaried,6,29300.0,34400.0,11300.0,809,Home,2310000.0,240,3760000.0,Rural,1
LN2025101549,48,Male,Married,1,SENP,26,77900.0,0.0,22700.0,773,Business,1140000.0,36,0.0,Semi-Urban,0
LN2025103797,44,Male,Married,1,Salaried,22,43900.0,0.0,0.0,633,Personal,190000.0,48,0.0,Rural,0
LN2025102772,42,Male,Married,2,Salaried,19,60500.0,0.0,5100.0,716,Personal,390000.0,24,0.0,Urban,1
LN2025106480,24,Female,Married,0,Salaried,3,34600.0,0.0,0.0,664,Personal,50000.0,48,0.0,Urban,1
LN2025104835,36,Male,Married,3,Salaried,15,52400.0,0.0,0.0,778,Personal,890000.0,36,0.0,Rural,0
LN2025104039,49,Male,Married,1,SENP,23,136400.0,0.0,0.0,842,Personal,1100000.0,12,0.0,Semi-Urban,0
LN2025107617,38,Male,Married,2,Salaried,15,14200.0,0.0,0.0,697,Home,500000.0,240,550000.0,Rural,0
LN2025104789,34,Male,Married,0,Salaried,10,39900.0,33100.0,32300.0,805,Home,2500000.0,240,2670000.0,Semi-Urban,0
LN2025108170,28,Male,Married,2,Salaried,4,27500.0,0.0,0.0,781,Personal,430000.0,12,0.0,Rural,0
LN2025104392,37,Male,Married,3,SENP,7,64700.0,0.0,0.0,695,Vehicle,100000.0,36,100000.0,Urban,1
LN2025108277,37,Male,Married,2,SENP,13,99600.0,0.0,0.0,771,Vehicle,680000.0,36,920000.0,Semi-Urban,1
LN2025107615,27,Male,Married,1,Salaried,5,89400.0,0.0,0.0,779,Personal,530000.0,36,0.0,Urban,1
LN2025108002,45,Male,Married,2,Salaried,20,49700.0,0.0,0.0,745,Personal,160000.0,24,0.0,Semi-Urban,1
LN2025102538,52,Female,Single,0,Salaried,27,144900.0,0.0,0.0,770,Personal,510000.0,36,0.0,Urban,1
LN2025101752,41,Male,Married,3,Salaried,17,110200.0,0.0,0.0,749,Personal,650000.0,36,0.0,Urban,1
LN2025107343,32,Male,Married,1,SENP,10,22400.0,28200.0,0.0,671,Home,1800000.0,240,2280000.0,Rural,0
LN2025101647,33,Female,Married,2,Salaried,9,32100.0,0.0,0.0,645,Vehicle,140000.0,24,160000.0,Semi-Urban,0
LN2025107770,54,Female,Married,1,SENP,24,45300.0,0.0,0.0,684,Business,360000.0,36,880000.0,Rural,1
LN2025102643,47,Male,Married,1,SEP,20,252800.0,68000.0,18800.0,774,Home,14680000.0,180,23630000.0,Urban,1
LN2025101759,44,Female,Married,3,Salaried,20,36600.0,18600.0,24100.0,-1,Personal,290000.0,60,0.0,Urban,0
LN2025100564,54,Female,Married,2,SENP,32,94300.0,19200.0,17000.0,780,Home,3330000.0,120,7540000.0,Urban,1
LN2025105603,37,Male,Married,3,Salaried,11,190100.0,45900.0,73500.0,690,Personal,840000.0,24,0.0,Urban,1
LN2025106059,24,Male,Single,2,Salaried,1,42800.0,0.0,0.0,674,Personal,920000.0,48,0.0,Urban,0
LN2025100160,37,Male,Married,1,SEP,11,114800.0,0.0,18700.0,787,Personal,930000.0,24,0.0,Rural,1
LN2025100193,35,Male,Married,2,Salaried,14,71500.0,47700.0,17000.0,818,Vehicle,120000.0,24,140000.0,Urban,1
LN2025103710,34,Male,Single,0,SEP,8,81100.0,31300.0,0.0,673,Business,430000.0,120,630000.0,Semi-Urban,0
LN2025107573,37,Male,Married,0,Salaried,16,64700.0,51200.0,0.0,654,Home,8900000.0,240,14940000.0,Urban,0
LN2025102609,40,Female,Single,0,SEP,13,203100.0,0.0,0.0,-1,Business,630000.0,48,0.0,Urban,1
LN2025103800,25,Male,Single,0,Salaried,3,47900.0,25300.0,0.0,681,Home,2990000.0,360,3520000.0,Rural,1
LN2025103648,31,Male,Married,2,SENP,12,149400.0,0.0,0.0,826,Business,410000.0,12,740000.0,Urban,1
LN2025105743,22,Male,Married,3,Salaried,0,24400.0,0.0,0.0,-1,Personal,80000.0,48,0.0,Semi-Urban,0
LN2025103932,21,Male,Married,2,SENP,1,77400.0,0.0,0.0,743,Business,340000.0,48,0.0,Rural,0
LN2025106369,45,Female,Married,2,SEP,17,83400.0,28000.0,6900.0,729,Business,400000.0,24,0.0,Rural,1
LN2025102149,28,Male,Single,0,Salaried,4,27300.0,0.0,9300.0,807,Home,1400000.0,300,2810000.0,Urban,0
LN2025108732,31,Male,Married,1,Salaried,11,56600.0,95700.0,49500.0,-1,Home,6320000.0,180,10020000.0,Urban,0
LN2025109542,35,Male,Married,3,Salaried,14,143400.0,35200.0,25100.0,764,Home,3080000.0,180,4580000.0,Urban,1
LN2025104605,38,Male,Married,2,Salaried,13,34700.0,0.0,5800.0,753,Personal,220000.0,36,0.0,Semi-Urban,1
LN2025107043,29,Unknown,Single,0,Salaried,7,19100.0,0.0,0.0,788,Vehicle,110000.0,12,140000.0,Semi-Urban,0
LN2025108127,39,Male,Single,1,SENP,18,121300.0,0.0,0.0,760,Business,710000.0,84,970000.0,Urban,1
LN2025103597,58,Male,Married,0,SEP,12,99700.0,16500.0,38500.0,783,Home,4630000.0,180,6790000.0,Semi-Urban,0
LN2025102316,24,Male,Single,0,Salaried,6,12700.0,85100.0,0.0,793,Personal,290000.0,60,0.0,Urban,1
LN2025101293,52,Female,Married,3,Salaried,30,28200.0,0.0,4100.0,701,Personal,180000.0,36,0.0,Rural,0
LN2025108202,24,Male,Single,0,SENP,1,78200.0,45700.0,0.0,725,Business,430000.0,24,760000.0,Semi-Urban,0
LN2025102593,33,Male,Married,3,Salaried,12,70500.0,52300.0,19400.0,816,Home,6170000.0,180,7540000.0,Urban,0
LN2025105675,39,Male,Married,2,Salaried,14,100900.0,63800.0,42800.0,782,Personal,1260000.0,36,0.0,Semi-Urban,1
LN2025107997,21,Female,Unknown,0,Salaried,0,44000.0,0.0,500.0,742,Vehicle,240000.0,36,280000.0,Semi-Urban,0
LN2025106503,44,Male,Married,1,Salaried,21,28000.0,0.0,0.0,675,Personal,190000.0,36,0.0,Semi-Urban,1
LN2025105442,32,Male,Married,2,Salaried,7,24200.0,31100.0,0.0,691,Personal,340000.0,36,0.0,Semi-Urban,1
LN2025101773,38,Female,Married,2,Salaried,16,44800.0,0.0,0.0,807,Personal,960000.0,48,0.0,Semi-Urban,0
LN2025106417,35,Male,Married,1,Salaried,11,63800.0,0.0,0.0,740,Personal,570000.0,36,0.0,Urban,1
LN2025100921,27,Female,Single,0,Salaried,4,58000.0,0.0,0.0,798,Personal,400000.0,24,0.0,Urban,1
LN2025103923,39,Male,Married,0,SENP,16,9200.0,39300.0,0.0,754,Business,120000.0,84,0.0,Semi-Urban,1
LN2025105634,20,Male,Single,0,Salaried,0,52800.0,0.0,27700.0,630,Personal,240000.0,48,0.0,Urban,0
LN2025106705,29,Male,Married,2,SEP,1,56300.0,0.0,0.0,-1,Business,600000.0,24,0.0,Semi-Urban,0
LN2025103618,50,Male,Divorced,0,Salaried,29,84100.0,0.0,0.0,655,Vehicle,1250000.0,60,1780000.0,Urban,1
LN2025100998,31,Male,Single,0,Salaried,8,41400.0,0.0,0.0,819,Vehicle,140000.0,60,150000.0,Urban,1
LN2025104609,28,Female,Single,2,SENP,5,67500.0,0.0,16000.0,734,Vehicle,140000.0,24,170000.0,Semi-Urban,1
LN2025100014,24,Male,Single,1,SEP,0,71300.0,0.0,0.0,724,Vehicle,720000.0,60,850000.0,Semi-Urban,0
LN2025107916,34,Male,Married,2,Salaried,10,14800.0,0.0,0.0,704,Personal,340000.0,48,0.0,Urban,0
LN2025106374,28,Male,Single,1,Salaried,5,36100.0,0.0,0.0,762,Personal,400000.0,12,0.0,Semi-Urban,0
LN2025109055,41,Male,Married,2,SEP,14,54800.0,0.0,0.0,892,Business,530000.0,36,1340000.0,Urban,1
LN2025107728,50,Male,Married,0,SEP,23,419800.0,0.0,148400.0,698,Personal,1760000.0,60,0.0,Rural,1
LN2025107816,49,Male,Married,1,Salaried,24,62100.0,19600.0,0.0,782,Vehicle,1100000.0,48,1450000.0,Urban,1
LN2025102508,46,Male,Married,2,SEP,19,58800.0,113300.0,20700.0,764,Home,9290000.0,180,12190000.0,Urban,0
LN2025109694,24,Male,Single,0,SEP,0,70400.0,0.0,0.0,-1,Personal,580000.0,60,0.0,Urban,0
LN2025106602,39,Male,Single,2,Salaried,13,72000.0,0.0,0.0,806,Personal,580000.0,36,0.0,Urban,1
LN2025100607,30,Male,Single,0,SEP,0,45100.0,30600.0,22900.0,676,Home,2330000.0,120,3260000.0,Urban,0
LN2025105616,41,Male,Divorced,0,Salaried,16,42700.0,0.0,0.0,645,Home,1210000.0,180,1590000.0,Urban,0
LN2025105870,54,Male,Divorced,0,Salaried,31,90800.0,0.0,0.0,805,Vehicle,50000.0,12,50000.0,Semi-Urban,1
LN2025104872,41,Male,Married,3,SENP,14,37700.0,0.0,0.0,788,Vehicle,410000.0,84,550000.0,Semi-Urban,1
LN2025107812,27,Male,Single,0,SEP,0,31800.0,0.0,6500.0,585,Business,350000.0,48,470000.0,Rural,0
LN2025102594,29,Female,Single,0,Salaried,3,25400.0,0.0,0.0,683,Home,740000.0,360,1080000.0,Urban,1
LN2025107182,49,Female,Married,1,Salaried,28,27000.0,0.0,0.0,739,Personal,90000.0,48,0.0,Urban,1
LN2025107601,39,Female,Married,0,Salaried,16,22900.0,0.0,5300.0,698,Vehicle,150000.0,36,210000.0,Rural,1
LN2025106539,33,Male,Married,1,Salaried,8,16100.0,0.0,0.0,759,Vehicle,60000.0,12,70000.0,Rural,1
LN2025100641,20,Female,Single,0,Salaried,0,24400.0,0.0,8800.0,693,Personal,270000.0,60,0.0,Rural,0
LN2025100692,32,Female,Single,0,SENP,9,111900.0,23700.0,0.0,865,Home,3850000.0,240,5510000.0,Urban,1
LN2025105600,34,Male,Married,0,Salaried,10,48500.0,0.0,0.0,681,Vehicle,440000.0,60,500000.0,Urban,1
LN2025109235,31,Male,Married,1,SENP,3,19600.0,38400.0,0.0,723,Business,450000.0,48,0.0,Semi-Urban,1
LN2025108628,29,Male,Married,2,SENP,1,74200.0,0.0,0.0,740,Business,520000.0,48,1190000.0,Semi-Urban,0
LN2025107902,24,Male,Single,1,Salaried,6,47700.0,0.0,5900.0,830,Personal,350000.0,48,0.0,Urban,1
LN2025105885,42,Female,Married,1,SEP,11,46800.0,0.0,0.0,748,Home,2960000.0,240,3700000.0,Rural,0
LN2025104718,31,Male,Single,0,Salaried,5,26600.0,30600.0,0.0,692,Home,1400000.0,240,1830000.0,Semi-Urban,1
LN2025101082,29,Male,Single,0,Salaried,8,44800.0,0.0,0.0,720,Personal,250000.0,36,0.0,Urban,1
LN2025108885,41,Male,Married,2,Salaried,18,66300.0,28200.0,0.0,727,Vehicle,1320000.0,48,1380000.0,Rural,1
LN2025107568,24,Transgender,Single,3,Salaried,2,28300.0,0.0,0.0,583,Personal,140000.0,36,0.0,Semi-Urban,0
LN2025104361,59,Male,Married,0,SENP,30,202700.0,38800.0,12100.0,775,Business,2310000.0,60,0.0,Rural,1
LN2025109147,40,Female,Married,0,SEP,12,53800.0,51300.0,0.0,791,Vehicle,350000.0,48,390000.0,Semi-Urban,1
LN2025108687,52,Female,Married,3,SEP,23,90400.0,0.0,39900.0,691,Vehicle,90000.0,24,100000.0,Rural,1
LN2025100256,27,Male,Single,0,Salaried,5,35700.0,0.0,0.0,704,Personal,300000.0,24,0.0,Semi-Urban,0
LN2025100643,53,Male,Married,3,SEP,24,85500.0,0.0,0.0,893,Personal,360000.0,24,0.0,Urban,1
LN2025103002,31,Male,Married,1,SEP,1,75700.0,48700.0,0.0,625,Home,5240000.0,240,9310000.0,Urban,0
LN2025107201,32,Female,Married,2,Salaried,11,36300.0,0.0,0.0,743,Personal,170000.0,12,0.0,Semi-Urban,1
LN2025103697,34,Transgender,Married,3,Salaried,12,36900.0,0.0,2600.0,807,Personal,210000.0,36,0.0,Urban,1
LN2025103549,40,Male,Married,1,Salaried,19,140200.0,0.0,0.0,717,Personal,910000.0,24,0.0,Semi-Urban,1
LN2025109637,35,Male,Married,1,SEP,12,42700.0,66700.0,0.0,720,Business,290000.0,84,750000.0,Semi-Urban,1
LN2025100338,44,Female,Married,1,SENP,20,17200.0,71900.0,0.0,656,Vehicle,400000.0,60,470000.0,Rural,1
LN2025108188,49,Male,Married,3,Salaried,24,82800.0,29900.0,0.0,742,Home,5580000.0,120,7020000.0,Semi-Urban,1
LN2025109086,33,Female,Married,3,Salaried,11,40900.0,0.0,0.0,794,Personal,310000.0,36,0.0,Semi-Urban,1
LN2025109509,39,Male,Married,3,SENP,16,240400.0,0.0,0.0,737,Vehicle,80000.0,60,110000.0,Rural,1
LN2025101125,38,Male,Married,2,Salaried,13,58400.0,61200.0,0.0,709,Personal,350000.0,24,0.0,Semi-Urban,1
LN2025109432,37,Male,Married,1,Salaried,11,21000.0,0.0,0.0,621,Home,980000.0,180,1220000.0,Rural,0
LN2025106173,34,Female,Married,3,Salaried,14,37800.0,62800.0,0.0,-1,Home,1090000.0,240,1710000.0,Semi-Urban,1
LN2025108719,20,Female,Single,0,Salaried,0,16200.0,0.0,0.0,728,Home,500000.0,240,780000.0,Urban,0
LN2025105088,20,Male,Single,0,Salaried,0,26700.0,0.0,0.0,-1,Personal,140000.0,36,0.0,Rural,0
LN2025108360,29,Male,Married,1,Salaried,7,72600.0,0.0,0.0,744,Personal,340000.0,36,0.0,Urban,1
LN2025107202,45,Female,Widowed,1,Salaried,12,55100.0,0.0,1600.0,-1,Personal,230000.0,60,0.0,Rural,1
LN2025101276,33,Female,Married,2,Salaried,9,55700.0,51100.0,0.0,658,Vehicle,960000.0,84,1350000.0,Rural,0
LN2025102265,52,Male,Single,0,SENP,23,182300.0,0.0,0.0,715,Personal,530000.0,24,0.0,Urban,1
LN2025100427,31,Female,Unknown,1,SENP,2,29100.0,0.0,12900.0,633,Business,150000.0,60,0.0,Urban,0
LN2025104966,40,Female,Married,1,SENP,14,23100.0,0.0,0.0,807,Personal,180000.0,36,0.0,Rural,1
LN2025108440,33,Male,Married,2,Salaried,9,72700.0,0.0,16700.0,775,Personal,290000.0,36,0.0,Semi-Urban,1
LN2025105909,38,Male,Married,1,Salaried,18,91600.0,0.0,0.0,755,Personal,690000.0,24,0.0,Semi-Urban,1
LN2025100140,50,Female,Married,0,Salaried,24,70000.0,0.0,0.0,747,Home,3320000.0,120,4930000.0,Semi-Urban,0
LN2025102099,42,Unknown,Married,2,SENP,8,14800.0,0.0,0.0,-1,Personal,280000.0,24,0.0,Urban,0
LN2025103512,21,Male,Single,0,Salaried,0,61000.0,0.0,0.0,763,Home,2010000.0,240,3820000.0,Urban,0
LN2025104252,40,Male,Married,2,Salaried,17,72700.0,0.0,4200.0,754,Personal,340000.0,36,0.0,Urban,1
LN2025101681,27,Male,Single,0,Salaried,4,15800.0,0.0,0.0,753,Vehicle,250000.0,60,320000.0,Semi-Urban,1
LN2025107721,35,Male,Married,1,Salaried,11,60700.0,0.0,3300.0,696,Vehicle,970000.0,60,1300000.0,Urban,1
LN2025100422,45,Male,Married,3,Salaried,24,107100.0,0.0,17200.0,698,Vehicle,150000.0,24,190000.0,Semi-Urban,1
LN2025106807,32,Male,Single,0,Salaried,10,50600.0,14500.0,0.0,707,Home,1740000.0,300,2370000.0,Semi-Urban,1
LN2025102845,39,Male,Married,1,Salaried,15,109500.0,0.0,0.0,615,Vehicle,1220000.0,84,1710000.0,Semi-Urban,0
LN2025106772,37,Male,Married,2,Salaried,14,39900.0,0.0,9700.0,809,Home,2290000.0,240,3550000.0,Semi-Urban,0
LN2025102631,45,Male,Married,0,Salaried,23,49600.0,42900.0,16500.0,700,Personal,660000.0,36,0.0,Urban,0
LN2025100093,46,Male,Married,2,SENP,17,53700.0,0.0,0.0,660,Business,150000.0,24,320000.0,Urban,0
LN2025106217,36,Male,Married,3,Salaried,16,50400.0,0.0,14000.0,671,Vehicle,270000.0,60,290000.0,Semi-Urban,0
LN2025107153,42,Female,Married,0,SENP,23,102200.0,17600.0,19800.0,732,Home,2590000.0,180,4590000.0,Semi-Urban,1
LN2025100685,24,Male,Single,0,SENP,0,26200.0,0.0,2700.0,700,Vehicle,260000.0,60,310000.0,Urban,0
LN2025104434,41,Male,Married,2,SENP,20,69000.0,42200.0,8200.0,652,Home,4740000.0,240,6380000.0,Urban,1
LN2025108041,46,Male,Divorced,1,Salaried,26,41600.0,23100.0,0.0,741,Home,2260000.0,120,2750000.0,Rural,1
LN2025105704,26,Female,Single,0,Salaried,5,36000.0,0.0,3900.0,720,Vehicle,240000.0,60,280000.0,Urban,0
LN2025109343,27,Female,Married,0,SEP,0,105200.0,0.0,0.0,845,Home,3620000.0,360,6290000.0,Semi-Urban,0
LN2025107841,37,Male,Married,1,SEP,7,63000.0,28900.0,0.0,730,Vehicle,420000.0,60,1140000.0,Semi-Urban,1
LN2025103924,34,Female,Married,3,SEP,7,19300.0,44400.0,2300.0,747,Business,760000.0,48,0.0,Semi-Urban,1
LN2025103946,37,Male,Married,1,Salaried,13,60300.0,0.0,0.0,761,Personal,890000.0,24,0.0,Urban,0
LN2025107272,50,Male,Married,3,Salaried,26,72900.0,0.0,0.0,847,Home,2420000.0,120,3200000.0,Urban,1
LN2025105374,24,Male,Single,0,Salaried,0,23100.0,0.0,10200.0,691,Vehicle,100000.0,24,110000.0,Semi-Urban,0
LN2025106924,29,Male,Married,3,Salaried,6,31400.0,11100.0,0.0,696,Home,2230000.0,120,2920000.0,Semi-Urban,0
LN2025104041,33,Male,Married,3,SENP,11,26800.0,0.0,0.0,828,Personal,310000.0,12,0.0,Urban,0
LN2025107475,49,Male,Married,2,SENP,19,47100.0,0.0,0.0,769,Business,890000.0,24,0.0,Semi-Urban,0
LN2025103930,30,Male,Married,0,Salaried,8,45000.0,0.0,0.0,813,Personal,330000.0,24,0.0,Urban,1
LN2025109604,34,Male,Married,0,Salaried,13,47300.0,0.0,0.0,783,Personal,390000.0,36,0.0,Urban,1
LN2025106993,36,Male,Married,1,SENP,15,255700.0,29100.0,0.0,748,Home,8290000.0,180,11350000.0,Semi-Urban,1
LN2025102075,27,Female,Married,2,SEP,0,69900.0,0.0,0.0,695,Business,580000.0,24,890000.0,Urban,0
LN2025105664,35,Male,Married,1,Salaried,12,27900.0,0.0,8000.0,-1,Vehicle,310000.0,60,420000.0,Semi-Urban,0
LN2025107602,28,Male,Married,3,Salaried,4,61300.0,0.0,0.0,701,Vehicle,950000.0,60,1030000.0,Rural,0
LN2025102434,38,Male,Married,0,SENP,13,60500.0,0.0,0.0,770,Vehicle,840000.0,60,850000.0,Semi-Urban,1
LN2025102287,43,Female,Married,1,Salaried,19,77100.0,0.0,20100.0,704,Personal,650000.0,24,0.0,Semi-Urban,0
LN2025101896,50,Male,Married,1,SENP,30,99000.0,0.0,0.0,797,Personal,840000.0,48,0.0,Urban,1
LN2025103033,42,Female,Married,3,SENP,16,48000.0,0.0,0.0,652,Personal,430000.0,24,0.0,Semi-Urban,0
LN2025103133,35,Female,Married,1,Salaried,11,17000.0,19700.0,0.0,752,Vehicle,90000.0,24,110000.0,Rural,1
LN2025100248,41,Female,Married,1,SENP,17,85300.0,52100.0,48500.0,856,Business,420000.0,36,1140000.0,Semi-Urban,1
LN2025109631,43,Male,Married,3,SENP,13,272300.0,57100.0,50200.0,832,Business,630000.0,84,0.0,Urban,1
LN2025102142,44,Male,Married,1,SENP,18,195200.0,0.0,74100.0,718,Business,1660000.0,24,0.0,Urban,0
LN2025100060,25,Female,Single,0,Salaried,0,30800.0,0.0,4600.0,765,Personal,190000.0,48,0.0,Semi-Urban,0
LN2025102239,39,Male,Married,1,SEP,10,92600.0,57800.0,29900.0,607,Business,1700000.0,60,2630000.0,Urban,0
LN2025109534,22,Male,Single,0,Salaried,0,23000.0,0.0,0.0,853,Vehicle,260000.0,36,310000.0,Urban,0
LN2025102644,41,Male,Single,0,Salaried,19,38600.0,0.0,0.0,705,Personal,240000.0,24,0.0,Urban,1
LN2025102470,32,Female,Married,3,SENP,13,44300.0,20900.0,0.0,797,Business,340000.0,84,0.0,Rural,1
LN2025109375,50,Male,Married,1,Salaried,24,110500.0,48000.0,0.0,762,Personal,790000.0,12,0.0,Urban,1
LN2025105306,55,Female,Married,3,SENP,36,23000.0,20100.0,0.0,781,Business,200000.0,120,290000.0,Rural,1
LN2025105567,28,Male,Single,2,Salaried,3,38700.0,48100.0,7000.0,718,Vehicle,920000.0,60,1270000.0,Rural,0
LN2025107404,25,Female,Single,0,SENP,0,73400.0,34300.0,0.0,764,Home,3660000.0,300,9190000.0,Urban,0
LN2025101545,46,Male,Married,3,Salaried,22,111400.0,38200.0,0.0,743,Home,4790000.0,120,6680000.0,Semi-Urban,1
LN2025106878,31,Male,Single,0,SENP,9,50000.0,0.0,6800.0,-1,Home,1340000.0,180,2310000.0,Rural,1
LN2025102750,21,Male,Single,1,Salaried,0,75400.0,23200.0,0.0,748,Home,2950000.0,240,4030000.0,Urban,0
LN2025104165,36,Female,Married,0,Salaried,13,11500.0,28600.0,3000.0,761,Vehicle,60000.0,24,80000.0,Rural,1
LN2025108391,28,Female,Married,2,SENP,3,19000.0,0.0,0.0,757,Vehicle,240000.0,36,260000.0,Urban,1
LN2025103693,54,Male,Married,3,SENP,28,235800.0,55800.0,0.0,779,Business,1320000.0,24,2160000.0,Urban,0
LN2025105962,35,Unknown,Married,3,Salaried,12,44000.0,46900.0,9400.0,840,Personal,370000.0,24,0.0,Semi-Urban,1
LN2025109617,32,Male,Married,1,Salaried,11,59800.0,0.0,0.0,815,Personal,290000.0,24,0.0,Urban,1
LN2025100503,39,Female,Married,3,Salaried,18,20200.0,8000.0,1600.0,786,Vehicle,500000.0,60,690000.0,Rural,1
LN2025109545,36,Male,Married,2,Salaried,13,46500.0,115100.0,33700.0,720,Home,8600000.0,240,13200000.0,Urban,0
LN2025105340,30,Male,Married,3,SENP,3,75500.0,0.0,0.0,849,Business,280000.0,120,0.0,Semi-Urban,1
LN2025108798,26,Female,Single,0,SEP,0,37400.0,43100.0,0.0,759,Home,5180000.0,300,7480000.0,Urban,0
LN2025106671,58,Male,Single,0,Salaried,36,52200.0,0.0,0.0,729,Home,2550000.0,360,4840000.0,Rural,0
LN2025106531,22,Male,Single,0,Salaried,0,19900.0,0.0,0.0,596,Vehicle,110000.0,36,130000.0,Urban,0
LN2025100762,45,Male,Married,2,Salaried,24,207900.0,0.0,0.0,823,Personal,1740000.0,48,0.0,Urban,1
LN2025103440,27,Male,Single,0,Salaried,2,35000.0,0.0,0.0,783,Home,1410000.0,240,2550000.0,Urban,1
LN2025105976,38,Male,Married,1,SEP,11,55500.0,0.0,0.0,696,Personal,480000.0,24,0.0,Rural,1
LN2025109462,34,Male,Married,2,Salaried,9,19600.0,0.0,0.0,770,Personal,190000.0,36,0.0,Rural,1
LN2025105760,39,Male,Married,2,Salaried,14,49300.0,0.0,0.0,701,Personal,280000.0,36,0.0,Semi-Urban,1
LN2025106394,40,Unknown,Single,0,SENP,13,106100.0,0.0,0.0,814,Vehicle,870000.0,60,900000.0,Urban,1
LN2025104622,41,Male,Married,0,Salaried,17,51600.0,0.0,10200.0,649,Vehicle,790000.0,36,870000.0,Urban,0
LN2025107380,56,Female,Married,1,SENP,30,190100.0,0.0,0.0,773,Vehicle,130000.0,24,150000.0,Urban,1
LN2025101532,36,Male,Married,2,Salaried,14,52500.0,0.0,0.0,703,Vehicle,540000.0,84,600000.0,Urban,1
LN2025104879,30,Male,Married,3,Salaried,10,66300.0,0.0,0.0,787,Personal,760000.0,36,0.0,Urban,1
LN2025108706,49,Male,Married,2,SEP,21,66900.0,0.0,0.0,696,Home,2980000.0,180,4230000.0,Urban,0
LN2025108763,44,Male,Married,2,SENP,25,216400.0,75300.0,0.0,788,Business,2160000.0,60,0.0,Urban,1
LN2025106215,36,Male,Married,1,SENP,14,63700.0,0.0,0.0,727,Business,750000.0,60,0.0,Urban,1
LN2025102868,35,Male,Married,1,Salaried,12,35900.0,0.0,6100.0,722,Vehicle,60000.0,36,80000.0,Urban,0
LN2025105487,46,Male,Married,3,SENP,23,59200.0,45900.0,18400.0,704,Home,2780000.0,180,3880000.0,Urban,0
LN2025104029,48,Male,Married,0,SENP,23,46800.0,89300.0,51400.0,778,Business,300000.0,36,530000.0,Urban,1
LN2025109406,31,Female,Married,1,Salaried,10,36800.0,129900.0,0.0,688,Personal,840000.0,36,0.0,Urban,1
LN2025105046,36,Female,Married,0,Salaried,14,24500.0,23400.0,0.0,731,Home,2110000.0,240,2650000.0,Rural,0
LN2025100047,33,Male,Married,0,Salaried,8,87900.0,31800.0,0.0,762,Home,3240000.0,300,4260000.0,Urban,1
LN2025106590,35,Female,Married,2,SENP,15,97500.0,10400.0,0.0,685,Home,3490000.0,120,4520000.0,Semi-Urban,1
LN2025100431,41,Female,Married,2,SENP,11,41900.0,58100.0,0.0,802,Home,5220000.0,240,6870000.0,Urban,1
LN2025101251,43,Male,Married,2,Salaried,20,61600.0,42500.0,0.0,724,Vehicle,1050000.0,60,1240000.0,Semi-Urban,1
LN2025100874,23,Male,Single,0,Salaried,2,30100.0,42500.0,0.0,-1,Vehicle,140000.0,12,180000.0,Semi-Urban,1
LN2025106790,39,Female,Married,2,SEP,13,79500.0,90000.0,16300.0,805,Home,9330000.0,240,18550000.0,Urban,1
LN2025102929,37,Male,Married,2,SENP,11,233400.0,42800.0,0.0,691,Home,15610000.0,300,20960000.0,Urban,1
LN2025104624,40,Female,Married,1,Salaried,15,79400.0,0.0,0.0,696,Personal,440000.0,36,0.0,Semi-Urban,0
LN2025104056,44,Male,Married,0,SEP,16,51100.0,59400.0,0.0,768,Personal,620000.0,36,0.0,Semi-Urban,1
LN2025101215,38,Male,Married,3,Salaried,12,83400.0,52000.0,38100.0,751,Home,7720000.0,240,10740000.0,Urban,0
LN2025103191,34,Male,Single,2,Salaried,12,54700.0,0.0,0.0,709,Vehicle,260000.0,60,300000.0,Urban,0
LN2025107921,47,Male,Married,0,Salaried,21,62800.0,0.0,0.0,824,Home,2390000.0,120,3120000.0,Urban,1
LN2025102836,51,Female,Married,3,Salaried,27,45800.0,25400.0,13100.0,799,Personal,760000.0,36,0.0,Semi-Urban,0
LN2025104965,41,Male,Married,1,Salaried,15,101200.0,26200.0,12400.0,824,Home,4290000.0,180,7500000.0,Semi-Urban,1
LN2025100599,50,Male,Married,2,SENP,28,103500.0,17500.0,0.0,762,Vehicle,1520000.0,60,1700000.0,Urban,1
LN2025101656,42,Female,Married,2,SEP,14,91700.0,0.0,0.0,700,Home,2690000.0,240,3590000.0,Rural,1
LN2025101738,25,Male,Single,1,SENP,0,35200.0,0.0,0.0,725,Business,250000.0,84,420000.0,Urban,0
LN2025102212,34,Male,Married,3,SEP,6,74500.0,35700.0,0.0,770,Business,490000.0,48,1380000.0,Urban,1
LN2025101197,31,Female,Married,2,Salaried,8,30300.0,82200.0,26100.0,674,Home,4780000.0,240,7330000.0,Urban,0
LN2025102753,31,Female,Married,3,Salaried,7,50900.0,0.0,0.0,723,Home,1850000.0,240,2530000.0,Urban,1
LN2025108784,50,Male,Married,0,SENP,17,115500.0,92600.0,0.0,833,Home,5000000.0,180,6380000.0,Urban,1
LN2025105415,31,Transgender,Single,0,Salaried,8,34600.0,0.0,0.0,738,Personal,510000.0,12,0.0,Urban,0
LN2025107639,55,Male,Married,2,SENP,28,134500.0,45000.0,24400.0,630,Vehicle,2210000.0,60,2390000.0,Semi-Urban,0
LN2025108187,40,Male,Married,2,SENP,14,354100.0,0.0,17800.0,759,Vehicle,130000.0,36,150000.0,Urban,1
LN2025101618,28,Male,Married,1,SENP,5,99400.0,0.0,37000.0,695,Vehicle,120000.0,36,120000.0,Urban,0
LN2025101708,42,Male,Married,3,SENP,16,32900.0,11300.0,0.0,-1,Business,190000.0,24,0.0,Rural,1
LN2025105877,38,Unknown,Married,2,Salaried,14,58100.0,42000.0,0.0,799,Home,4600000.0,240,8250000.0,Urban,1
LN2025108438,33,Male,Married,1,Salaried,11,46900.0,51300.0,0.0,811,Personal,550000.0,60,0.0,Urban,1
LN2025109179,44,Male,Married,3,SENP,17,69000.0,0.0,0.0,721,Business,440000.0,60,960000.0,Urban,1
LN2025102228,41,Male,Widowed,1,Salaried,18,49200.0,47700.0,0.0,632,Home,7030000.0,360,10130000.0,Rural,0
LN2025108664,21,Male,Single,0,Salaried,0,54700.0,0.0,0.0,-1,Vehicle,630000.0,48,690000.0,Urban,0
LN2025103824,40,Male,Married,1,SENP,19,169400.0,0.0,74200.0,735,Personal,1410000.0,24,0.0,Semi-Urban,0
LN2025103704,41,Female,Married,3,SENP,20,21300.0,0.0,3500.0,693,Business,290000.0,48,410000.0,Rural,0
LN2025100993,35,Male,Married,3,SENP,5,73600.0,83800.0,0.0,519,Business,880000.0,36,0.0,Urban,0
LN2025104681,46,Female,Married,1,SENP,26,74900.0,0.0,4000.0,779,Business,580000.0,60,0.0,Urban,1
LN2025105202,45,Female,Married,1,Salaried,23,200100.0,51400.0,0.0,604,Home,15020000.0,180,22740000.0,Urban,0
LN2025102218,27,Female,Married,3,Salaried,2,43800.0,29600.0,11300.0,717,Home,2320000.0,180,6530000.0,Urban,0
LN2025100222,37,Female,Married,2,SEP,10,251600.0,0.0,44700.0,652,Vehicle,1500000.0,36,2060000.0,Urban,1
LN2025107312,35,Male,Single,0,Salaried,11,68900.0,0.0,13900.0,-1,Vehicle,750000.0,60,810000.0,Semi-Urban,0
LN2025108081,32,Male,Married,3,SEP,7,68800.0,57200.0,0.0,742,Home,9490000.0,240,23680000.0,Urban,0
LN2025105351,47,Male,Married,2,Salaried,25,149700.0,0.0,0.0,754,Vehicle,1400000.0,60,1650000.0,Rural,1
LN2025102127,32,Male,Married,2,Salaried,9,24400.0,0.0,0.0,741,Vehicle,310000.0,84,370000.0,Rural,1
LN2025109832,34,Male,Married,1,Salaried,13,53500.0,0.0,0.0,760,Home,1710000.0,240,2440000.0,Urban,1
LN2025106617,47,Female,Married,3,SEP,17,191000.0,24400.0,0.0,866,Personal,960000.0,36,0.0,Urban,1
LN2025101995,43,Male,Married,3,SEP,16,200800.0,0.0,0.0,852,Personal,1300000.0,60,0.0,Urban,1
LN2025101478,44,Female,Married,3,Salaried,23,76200.0,0.0,0.0,800,Personal,770000.0,48,0.0,Urban,1
LN2025109805,42,Male,Married,3,Salaried,16,74100.0,77100.0,0.0,780,Home,5960000.0,180,7970000.0,Rural,1
LN2025105822,25,Male,Single,0,Salaried,2,43300.0,0.0,0.0,747,Business,230000.0,36,0.0,Semi-Urban,1
LN2025101550,31,Unknown,Married,2,Salaried,8,44000.0,40700.0,21800.0,732,Personal,420000.0,24,0.0,Semi-Urban,0
LN2025104124,49,Female,Married,2,SEP,23,63500.0,0.0,6000.0,693,Home,2050000.0,180,3400000.0,Rural,1
LN2025102086,35,Male,Single,2,Salaried,13,86100.0,0.0,0.0,744,Home,3600000.0,300,4610000.0,Urban,1
LN2025102019,32,Male,Married,2,SENP,6,57200.0,0.0,0.0,831,Vehicle,1460000.0,36,1830000.0,Semi-Urban,0
LN2025101930,49,Unknown,Married,2,Salaried,29,77500.0,38400.0,0.0,521,Home,6830000.0,120,10340000.0,Urban,0
LN2025105354,46,Male,Married,3,SEP,17,94200.0,31300.0,0.0,-1,Home,8380000.0,180,13970000.0,Urban,0
LN2025102067,31,Female,Single,0,Salaried,8,8600.0,24100.0,7700.0,786,Home,1120000.0,300,1310000.0,Rural,0
LN2025101777,29,Male,Single,2,Salaried,3,13500.0,0.0,0.0,714,Home,710000.0,240,1060000.0,Rural,0
LN2025105152,31,Male,Married,1,Salaried,8,18700.0,0.0,1300.0,669,Vehicle,330000.0,60,390000.0,Rural,1
LN2025107359,32,Male,Married,2,Salaried,9,41400.0,0.0,5000.0,684,Personal,480000.0,36,0.0,Urban,0
LN2025103789,41,Male,Married,2,Salaried,17,66200.0,0.0,24400.0,741,Home,2750000.0,180,4860000.0,Semi-Urban,0
LN2025101712,31,Female,Single,0,SENP,4,13700.0,40300.0,0.0,582,Home,2170000.0,240,3590000.0,Rural,0
LN2025105932,44,Male,Married,0,Salaried,20,70300.0,0.0,0.0,691,Personal,1740000.0,48,0.0,Rural,0
LN2025102827,35,Male,Married,1,SEP,6,95400.0,129900.0,16300.0,826,Business,1500000.0,36,0.0,Semi-Urban,1
LN2025102795,31,Male,Married,3,Salaried,11,66300.0,0.0,0.0,791,Vehicle,100000.0,24,140000.0,Semi-Urban,1
LN2025107798,38,Male,Married,1,Salaried,15,23800.0,0.0,0.0,725,Vehicle,70000.0,36,80000.0,Rural,1
LN2025106130,33,Male,Married,1,Salaried,9,17100.0,18900.0,1400.0,-1,Vehicle,80000.0,24,110000.0,Rural,1
LN2025102628,36,Male,Married,0,Salaried,14,73500.0,0.0,27400.0,741,Personal,690000.0,36,0.0,Rural,0
LN2025103660,33,Male,Married,0,Salaried,12,47600.0,0.0,800.0,726,Personal,210000.0,24,0.0,Urban,1
LN2025104989,28,Male,Single,0,SEP,0,46800.0,17200.0,0.0,765,Vehicle,70000.0,24,90000.0,Semi-Urban,0
LN2025105231,35,Male,Married,3,Salaried,13,53700.0,0.0,0.0,704,Vehicle,390000.0,48,460000.0,Semi-Urban,1
LN2025102685,43,Male,Married,2,Salaried,19,28200.0,0.0,3400.0,802,Personal,180000.0,60,0.0,Semi-Urban,1
LN2025109216,38,Female,Married,1,Salaried,12,23700.0,0.0,0.0,836,Home,660000.0,240,980000.0,Rural,1
LN2025100102,36,Female,Married,3,SENP,14,76900.0,0.0,0.0,846,Home,5150000.0,240,7540000.0,Semi-Urban,0
LN2025102471,33,Male,Single,1,Salaried,9,90900.0,0.0,8300.0,692,Personal,390000.0,12,0.0,Urban,1
LN2025107113,32,Male,Married,2,SEP,3,106600.0,94100.0,19800.0,716,Vehicle,100000.0,24,120000.0,Urban,1
LN2025105310,34,Unknown,Married,3,SENP,11,47000.0,0.0,0.0,670,Vehicle,420000.0,36,430000.0,Semi-Urban,1
LN2025105367,42,Male,Married,2,SEP,13,33000.0,0.0,0.0,771,Home,810000.0,240,2310000.0,Semi-Urban,1
LN2025104436,32,Female,Married,3,SEP,2,50100.0,0.0,0.0,629,Personal,150000.0,48,0.0,Urban,0
LN2025104021,45,Female,Married,1,Salaried,24,39800.0,49700.0,0.0,871,Home,3230000.0,180,8920000.0,Urban,1
LN2025104166,41,Male,Married,1,Salaried,17,64200.0,34100.0,0.0,739,Personal,730000.0,24,0.0,Rural,1
LN2025101802,31,Male,Married,2,Salaried,10,33600.0,70800.0,0.0,641,Home,2805000.0,240,6800000.0,Urban,0
LN2025105029,24,Male,Married,2,Salaried,2,41800.0,0.0,0.0,786,Personal,590000.0,36,0.0,Rural,1
LN2025107815,23,Male,Single,1,Salaried,1,37100.0,0.0,0.0,762,Personal,150000.0,48,0.0,Semi-Urban,1
LN2025109173,38,Male,Married,1,Salaried,14,58300.0,0.0,0.0,739,Personal,610000.0,60,0.0,Semi-Urban,1
LN2025107834,33,Male,Married,1,Salaried,12,26900.0,0.0,0.0,825,Vehicle,230000.0,48,270000.0,Rural,1
LN2025100591,27,Male,Single,0,Salaried,5,41100.0,0.0,5200.0,722,Personal,740000.0,36,0.0,Urban,0
LN2025108704,39,Male,Married,3,Salaried,17,78600.0,0.0,17300.0,636,Personal,430000.0,60,0.0,Urban,0
LN2025103247,41,Female,Married,1,Salaried,18,83100.0,0.0,34400.0,745,Personal,1300000.0,36,0.0,Urban,0
LN2025101774,34,Male,Married,0,SEP,4,331700.0,0.0,0.0,740,Home,14280000.0,180,25690000.0,Urban,1
LN2025107071,38,Male,Married,0,Salaried,14,22800.0,49900.0,30500.0,-1,Home,1600000.0,240,2080000.0,Semi-Urban,0
LN2025109164,46,Male,Married,0,SENP,23,64200.0,0.0,11100.0,627,Vehicle,710000.0,48,900000.0,Semi-Urban,0
LN2025108573,60,Female,Married,2,SEP,32,262600.0,33200.0,0.0,717,Home,12920000.0,240,17560000.0,Urban,0
LN2025107199,47,Male,Married,1,SENP,26,116500.0,78900.0,37800.0,638,Business,1510000.0,36,2630000.0,Semi-Urban,0
LN2025102553,31,Female,Unknown,3,Salaried,9,55700.0,0.0,0.0,723,Personal,530000.0,24,0.0,Urban,1
LN2025103712,39,Female,Married,1,SENP,13,76400.0,0.0,0.0,797,Home,3760000.0,300,7270000.0,Urban,1
LN2025100569,40,Male,Married,1,SENP,20,69900.0,0.0,0.0,826,Home,1720000.0,180,3150000.0,Urban,1
LN2025103117,26,Male,Single,0,Salaried,2,62500.0,0.0,21900.0,705,Vehicle,700000.0,60,960000.0,Semi-Urban,0
LN2025101524,37,Male,Married,3,Salaried,16,40200.0,0.0,7600.0,753,Personal,700000.0,36,0.0,Urban,0
LN2025102825,51,Male,Married,2,SENP,28,117100.0,0.0,0.0,723,Business,930000.0,12,0.0,Semi-Urban,0
LN2025108868,24,Female,Single,0,Salaried,0,16300.0,0.0,0.0,752,Personal,100000.0,60,0.0,Rural,0
LN2025104221,30,Female,Married,1,Salaried,8,60500.0,0.0,0.0,651,Home,1080000.0,180,1760000.0,Urban,0
LN2025108459,28,Female,Single,0,Salaried,7,61600.0,0.0,5300.0,866,Home,950000.0,360,1050000.0,Urban,0
LN2025105228,41,Male,Married,2,Salaried,21,59000.0,56500.0,12800.0,796,Home,2410000.0,180,6080000.0,Urban,1
LN2025109555,31,Male,Married,0,Salaried,11,37700.0,23100.0,0.0,794,Home,1670000.0,120,1920000.0,Urban,1
LN2025106385,35,Male,Married,2,Salaried,11,57700.0,0.0,0.0,603,Personal,210000.0,48,0.0,Semi-Urban,0
LN2025108997,37,Male,Married,2,Salaried,17,74900.0,0.0,0.0,735,Personal,480000.0,36,0.0,Urban,1
LN2025105445,45,Unknown,Married,2,SEP,18,303100.0,0.0,0.0,745,Personal,1750000.0,60,0.0,Urban,1
LN2025104975,37,Male,Married,3,Salaried,12,61100.0,0.0,0.0,779,Vehicle,360000.0,60,410000.0,Semi-Urban,1
LN2025104176,53,Male,Married,0,SENP,29,107600.0,26200.0,0.0,852,Home,3900000.0,120,6410000.0,Semi-Urban,1
LN2025103269,31,Female,Single,0,Salaried,10,33800.0,28000.0,0.0,673,Home,1450000.0,180,2160000.0,Urban,1
LN2025108828,31,Female,Single,0,Salaried,8,34400.0,0.0,0.0,700,Personal,370000.0,48,0.0,Urban,1
LN2025107882,32,Female,Married,2,SENP,3,21000.0,0.0,0.0,767,Home,880000.0,240,1550000.0,Urban,1
LN2025101676,39,Male,Married,3,Salaried,19,112900.0,0.0,7600.0,817,Home,4280000.0,240,5340000.0,Urban,0
LN2025100750,40,Male,Married,3,SEP,14,108000.0,43500.0,0.0,781,Home,5200000.0,240,6260000.0,Urban,0
LN2025101839,28,Male,Married,3,SEP,0,145000.0,0.0,3800.0,-1,Business,820000.0,24,1360000.0,Rural,0
LN2025101787,27,Female,Single,0,Salaried,7,59000.0,0.0,0.0,784,Home,1000000.0,300,1400000.0,Urban,1
LN2025103986,23,Female,Single,0,SENP,0,13500.0,0.0,0.0,782,Business,100000.0,60,0.0,Rural,0
LN2025107638,27,Male,Single,0,Salaried,4,21800.0,0.0,2200.0,697,Vehicle,70000.0,12,80000.0,Rural,0
LN2025106919,40,Female,Married,3,Salaried,19,16100.0,39100.0,0.0,737,Vehicle,500000.0,48,520000.0,Semi-Urban,1
LN2025106866,26,Male,Married,1,Salaried,2,100300.0,29300.0,0.0,812,Vehicle,990000.0,48,1020000.0,Urban,1
LN2025109440,35,Male,Single,0,Salaried,11,56700.0,0.0,0.0,734,Business,390000.0,60,0.0,Urban,1
LN2025100152,33,Male,Married,2,Salaried,11,71200.0,24000.0,0.0,683,Home,2770000.0,300,3950000.0,Semi-Urban,1
LN2025106910,42,Male,Married,1,Salaried,20,78700.0,0.0,0.0,582,Personal,1240000.0,48,0.0,Urban,0
LN2025102353,36,Male,Married,1,Salaried,11,60100.0,0.0,1600.0,835,Personal,700000.0,48,0.0,Urban,1
LN2025100347,47,Male,Married,2,SEP,17,77300.0,0.0,6200.0,848,Personal,440000.0,48,0.0,Urban,1
LN2025104804,45,Male,Married,0,SEP,18,62100.0,20800.0,0.0,601,Business,330000.0,36,930000.0,Semi-Urban,0
LN2025109192,30,Male,Single,1,Salaried,9,53400.0,0.0,0.0,662,Vehicle,480000.0,48,480000.0,Urban,1
LN2025105525,35,Female,Married,1,Salaried,12,40600.0,63300.0,0.0,666,Home,2270000.0,240,3130000.0,Urban,1
LN2025106601,32,Female,Single,1,Salaried,12,36800.0,0.0,7100.0,662,Vehicle,510000.0,36,510000.0,Semi-Urban,0
LN2025100359,32,Male,Married,0,Salaried,8,39400.0,0.0,3100.0,804,Home,2060000.0,300,2830000.0,Urban,1
LN2025103571,41,Female,Married,1,Salaried,17,44100.0,0.0,0.0,816,Personal,790000.0,48,0.0,Semi-Urban,1
LN2025109676,49,Male,Married,2,SENP,21,40800.0,23400.0,14900.0,723,Home,1400000.0,180,1720000.0,Semi-Urban,1
LN2025102238,53,Male,Married,0,SEP,23,198400.0,21200.0,0.0,-1,Home,8260000.0,120,9830000.0,Urban,0
LN2025102343,45,Male,Married,2,SEP,20,149500.0,0.0,26800.0,632,Business,880000.0,120,1490000.0,Urban,0
LN2025109105,32,Male,Married,3,Salaried,6,34700.0,38800.0,0.0,780,Personal,440000.0,36,0.0,Urban,1
LN2025103762,23,Female,Single,1,Salaried,2,27800.0,57500.0,0.0,820,Home,2400000.0,180,4540000.0,Urban,1
LN2025101648,32,Female,Single,0,Salaried,8,41400.0,0.0,0.0,734,Home,860000.0,240,1180000.0,Urban,1
LN2025103790,29,Male,Married,1,Salaried,9,44000.0,0.0,0.0,641,Personal,430000.0,36,0.0,Urban,0
LN2025106264,54,Male,Married,2,Salaried,33,60600.0,0.0,9800.0,757,Personal,280000.0,60,0.0,Urban,0
LN2025103353,37,Male,Married,0,Salaried,14,72900.0,0.0,9400.0,723,Personal,310000.0,36,0.0,Urban,1
LN2025103940,51,Female,Married,1,Salaried,28,37800.0,0.0,5000.0,696,Personal,150000.0,48,0.0,Rural,1
LN2025103415,26,Male,Married,0,Salaried,4,45400.0,0.0,6600.0,561,Vehicle,370000.0,84,420000.0,Semi-Urban,0
LN2025103845,26,Female,Married,3,Salaried,4,37600.0,38800.0,24300.0,739,Home,2950000.0,300,4790000.0,Semi-Urban,0
LN2025104871,42,Male,Married,3,Salaried,18,78900.0,70900.0,17300.0,722,Personal,690000.0,60,0.0,Urban,1
LN2025101176,28,Male,Single,0,SEP,0,37100.0,0.0,0.0,726,Business,190000.0,24,430000.0,Semi-Urban,0
LN2025108957,27,Female,Single,0,Salaried,2,27700.0,0.0,0.0,780,Home,1140000.0,300,1700000.0,Urban,1
LN2025102457,33,Male,Married,2,Salaried,13,35300.0,0.0,1900.0,727,Personal,200000.0,36,0.0,Urban,1
LN2025109419,39,Female,Married,3,SENP,16,82400.0,0.0,0.0,737,Business,100000.0,36,0.0,Urban,0
LN2025102294,50,Male,Married,1,Salaried,28,107100.0,67900.0,0.0,726,Personal,1080000.0,60,0.0,Urban,1
LN2025107271,28,Female,Married,2,Salaried,3,45900.0,0.0,0.0,675,Personal,270000.0,36,0.0,Urban,1
LN2025107358,33,Male,Married,1,Salaried,10,57700.0,0.0,0.0,789,Personal,260000.0,60,0.0,Urban,1
LN2025109028,29,Female,Single,1,Salaried,6,25500.0,0.0,0.0,653,Personal,320000.0,36,0.0,Rural,0
LN2025109097,54,Female,Married,2,SENP,32,372300.0,0.0,0.0,815,Vehicle,90000.0,24,120000.0,Urban,1
LN2025107820,46,Female,Married,0,Salaried,22,99100.0,0.0,0.0,727,Vehicle,2050000.0,84,2140000.0,Urban,0
LN2025109359,35,Male,Married,1,Salaried,12,44000.0,26700.0,7500.0,680,Home,1370000.0,240,2700000.0,Semi-Urban,0
LN2025100488,25,Male,Single,0,Salaried,0,39400.0,0.0,0.0,816,Personal,430000.0,36,0.0,Urban,0
LN2025107985,39,Male,Married,2,SENP,18,132200.0,0.0,0.0,569,Home,4260000.0,240,7160000.0,Semi-Urban,0
LN2025107980,51,Male,Married,2,SENP,24,165800.0,0.0,27400.0,715,Business,2180000.0,84,3090000.0,Semi-Urban,1
LN2025106911,36,Female,Married,0,Salaried,11,35200.0,49400.0,0.0,792,Home,2800000.0,240,4100000.0,Semi-Urban,1
LN2025102255,52,Male,Married,2,Salaried,29,186100.0,49700.0,10500.0,772,Personal,2140000.0,12,0.0,Urban,0
LN2025109144,35,Male,Married,2,SEP,6,56200.0,59200.0,0.0,657,Business,420000.0,36,0.0,Urban,1
LN2025100316,35,Male,Married,3,Salaried,10,65800.0,57100.0,0.0,694,Home,4180000.0,300,6460000.0,Semi-Urban,1
LN2025101907,49,Male,Widowed,1,Salaried,28,131000.0,27700.0,73800.0,725,Home,7570000.0,120,10830000.0,Urban,0
LN2025108781,35,Male,Married,2,Salaried,12,35300.0,47300.0,0.0,695,Home,2140000.0,300,2770000.0,Semi-Urban,1
LN2025109766,39,Male,Married,0,Salaried,17,34000.0,0.0,3700.0,726,Personal,400000.0,24,0.0,Semi-Urban,0
LN2025106960,31,Male,Single,0,Salaried,8,48400.0,94100.0,0.0,784,Vehicle,1510000.0,60,1610000.0,Urban,1
LN2025106282,32,Male,Married,1,Salaried,9,28900.0,0.0,0.0,711,Personal,120000.0,48,0.0,Urban,1
LN2025109497,28,Male,Single,0,Salaried,6,41200.0,0.0,3800.0,734,Vehicle,360000.0,84,430000.0,Urban,1
LN2025108819,22,Male,Single,0,Salaried,1,30100.0,0.0,0.0,854,Personal,170000.0,48,0.0,Urban,1
LN2025102275,32,Female,Married,2,SEP,4,130000.0,0.0,0.0,698,Business,780000.0,48,1760000.0,Urban,1
LN2025108285,44,Female,Married,2,SENP,17,11900.0,38200.0,4700.0,748,Business,340000.0,60,670000.0,Urban,1
LN2025105025,28,Female,Married,0,Salaried,2,25700.0,0.0,0.0,816,Personal,120000.0,36,0.0,Urban,1
LN2025103952,43,Male,Married,1,Salaried,19,40100.0,29100.0,0.0,726,Home,2410000.0,180,6890000.0,Urban,1
LN2025104183,41,Male,Married,3,SEP,11,38500.0,0.0,3700.0,756,Personal,130000.0,24,0.0,Semi-Urban,1
LN2025104430,47,Female,Unknown,1,Salaried,23,37300.0,0.0,0.0,729,Personal,300000.0,12,0.0,Semi-Urban,0
LN2025109765,44,Female,Married,1,Salaried,19,29800.0,0.0,4200.0,757,Home,1030000.0,180,1530000.0,Rural,1
LN2025105360,22,Male,Single,0,Salaried,0,46600.0,0.0,0.0,547,Personal,320000.0,36,0.0,Urban,0
LN2025108514,43,Unknown,Married,3,Salaried,19,61500.0,0.0,17900.0,751,Personal,510000.0,36,0.0,Urban,0
LN2025108624,42,Male,Married,3,Salaried,20,125700.0,0.0,21400.0,678,Vehicle,1260000.0,48,1470000.0,Urban,1
LN2025106279,20,Male,Single,2,Salaried,0,66200.0,0.0,0.0,743,Vehicle,1030000.0,60,1240000.0,Urban,0
LN2025103759,51,Male,Married,2,SENP,29,133200.0,30300.0,25500.0,744,Business,1120000.0,36,2190000.0,Semi-Urban,1
LN2025105314,58,Female,Married,1,SENP,17,47900.0,0.0,0.0,719,Vehicle,140000.0,24,150000.0,Semi-Urban,0
LN2025104203,33,Male,Married,3,Salaried,13,21300.0,0.0,0.0,775,Personal,240000.0,60,0.0,Rural,1
LN2025109029,33,Male,Married,3,Salaried,11,81600.0,0.0,0.0,792,Home,4470000.0,240,6650000.0,Urban,1
LN2025102217,40,Male,Married,3,SENP,12,14200.0,27200.0,0.0,-1,Vehicle,50000.0,36,70000.0,Urban,1
LN2025109591,31,Male,Married,1,Salaried,6,35600.0,0.0,0.0,627,Home,1070000.0,240,1460000.0,Semi-Urban,0
LN2025105579,21,Male,Single,1,Salaried,0,48000.0,72900.0,0.0,783,Home,4280000.0,240,11130000.0,Urban,0
LN2025109242,49,Female,Married,2,SEP,19,38200.0,0.0,0.0,558,Business,200000.0,48,0.0,Rural,0
LN2025108130,37,Male,Unknown,2,Salaried,12,38800.0,29300.0,0.0,785,Home,2400000.0,240,5950000.0,Rural,1
LN2025106383,27,Male,Married,0,Salaried,7,48900.0,0.0,0.0,735,Personal,1030000.0,48,0.0,Urban,0
LN2025107059,48,Male,Married,0,SEP,18,44000.0,0.0,0.0,760,Vehicle,110000.0,12,110000.0,Semi-Urban,1
LN2025109129,21,Male,Single,0,SENP,0,108600.0,0.0,0.0,813,Personal,1510000.0,60,0.0,Semi-Urban,0
LN2025102015,49,Male,Married,1,Salaried,26,89200.0,0.0,0.0,588,Vehicle,1350000.0,60,1590000.0,Semi-Urban,0
LN2025105834,43,Female,Married,2,Salaried,22,65300.0,52800.0,0.0,733,Home,4050000.0,180,8160000.0,Urban,1
LN2025108953,42,Female,Married,1,Salaried,18,51100.0,0.0,9300.0,675,Vehicle,1060000.0,48,1400000.0,Rural,0
LN2025100415,35,Male,Married,2,Salaried,13,37600.0,0.0,7500.0,798,Personal,320000.0,36,0.0,Urban,1
LN2025105056,43,Male,Married,1,Salaried,19,93600.0,46100.0,18600.0,804,Home,8980000.0,180,12620000.0,Urban,0
LN2025105729,34,Male,Married,1,SENP,9,95600.0,25800.0,8700.0,743,Vehicle,1060000.0,36,1310000.0,Rural,1
LN2025109108,49,Male,Married,3,SENP,23,68600.0,0.0,0.0,838,Business,690000.0,60,1090000.0,Semi-Urban,1
LN2025101718,42,Female,Married,2,SEP,15,110700.0,0.0,0.0,728,Personal,1080000.0,24,0.0,Urban,1
LN2025103403,40,Male,Married,0,Salaried,19,47700.0,0.0,5900.0,581,Personal,120000.0,36,0.0,Semi-Urban,0
LN2025103938,28,Male,Married,0,Salaried,7,87100.0,14300.0,0.0,679,Home,4760000.0,180,6270000.0,Semi-Urban,0
LN2025103392,35,Male,Married,3,SENP,10,114800.0,0.0,26100.0,769,Vehicle,1930000.0,60,2390000.0,Urban,1
LN2025100668,30,Male,Single,3,Salaried,5,29500.0,0.0,2200.0,746,Personal,390000.0,12,0.0,Rural,0
LN2025109070,32,Male,Married,3,SENP,7,63400.0,0.0,0.0,821,Vehicle,410000.0,84,490000.0,Rural,1
LN2025104249,32,Female,Single,0,Salaried,10,52300.0,0.0,0.0,695,Personal,230000.0,48,0.0,Urban,0
LN2025108246,38,Unknown,Single,3,SEP,9,88700.0,0.0,0.0,795,Business,1470000.0,84,0.0,Rural,1
LN2025107523,70,Female,Married,0,SENP,41,46100.0,32500.0,37900.0,657,Business,920000.0,84,0.0,Rural,1
LN2025107823,58,Male,Married,1,SENP,32,229800.0,0.0,0.0,668,Business,1080000.0,12,0.0,Semi-Urban,0
LN2025105690,46,Male,Married,2,Salaried,21,90900.0,0.0,0.0,763,Home,3070000.0,120,4860000.0,Urban,1
LN2025106333,30,Male,Single,0,Salaried,8,112600.0,0.0,13400.0,795,Personal,740000.0,12,0.0,Urban,0
LN2025105750,52,Female,Married,1,SENP,24,17500.0,9800.0,10800.0,735,Business,160000.0,12,0.0,Rural,0
LN2025101031,44,Male,Married,1,Salaried,22,138600.0,0.0,0.0,858,Personal,680000.0,60,0.0,Urban,1
LN2025100364,43,Female,Divorced,0,Salaried,23,38800.0,0.0,0.0,723,Home,1300000.0,180,1570000.0,Urban,1
LN2025103049,54,Male,Married,3,SENP,33,150200.0,0.0,50100.0,822,Home,2805000.0,240,13350000.0,Urban,0
LN2025107585,39,Male,Unknown,0,SENP,14,21400.0,30600.0,0.0,599,Business,140000.0,60,0.0,Urban,0
LN2025104360,53,Male,Married,1,Salaried,30,91900.0,0.0,0.0,756,Personal,430000.0,60,0.0,Urban,1
LN2025109031,36,Male,Married,1,Salaried,13,114700.0,0.0,0.0,739,Vehicle,750000.0,48,930000.0,Urban,1
LN2025101389,42,Male,Married,1,SENP,18,60400.0,99900.0,0.0,-1,Home,3920000.0,180,7580000.0,Rural,1
LN2025104827,31,Female,Single,0,Salaried,9,72000.0,0.0,40500.0,608,Personal,380000.0,24,0.0,Urban,1
LN2025105239,51,Male,Married,1,Salaried,29,147100.0,40400.0,24600.0,800,Personal,2200000.0,48,0.0,Urban,1
LN2025104724,51,Male,Married,2,SEP,21,393200.0,0.0,78400.0,811,Personal,2740000.0,24,0.0,Semi-Urban,1
LN2025105280,22,Male,Single,0,Salaried,4,26200.0,0.0,0.0,-1,Vehicle,120000.0,12,140000.0,Semi-Urban,0
LN2025101235,30,Male,Married,0,Salaried,8,97700.0,0.0,0.0,-1,Vehicle,150000.0,36,170000.0,Urban,1
LN2025104931,30,Female,Married,3,SEP,2,43200.0,34600.0,0.0,743,Business,740000.0,60,1400000.0,Rural,0
LN2025105668,24,Male,Single,0,Salaried,2,47700.0,28000.0,0.0,742,Home,2710000.0,360,4350000.0,Semi-Urban,1
LN2025100546,31,Male,Single,0,SENP,8,30100.0,0.0,0.0,747,Vehicle,460000.0,84,520000.0,Rural,1
LN2025101347,45,Male,Single,2,SEP,14,65500.0,0.0,19700.0,738,Business,570000.0,60,0.0,Rural,1
LN2025102329,34,Female,Married,3,Salaried,13,79600.0,0.0,0.0,728,Vehicle,3570000.0,84,4640000.0,Urban,0
LN2025101702,45,Male,Married,1,SEP,17,325100.0,0.0,0.0,683,Business,850000.0,48,1480000.0,Urban,1
LN2025104131,34,Female,Single,0,SEP,6,64000.0,0.0,0.0,720,Personal,240000.0,24,0.0,Semi-Urban,0
LN2025101280,28,Male,Single,0,Salaried,3,27400.0,0.0,7500.0,-1,Personal,370000.0,36,0.0,Urban,0
LN2025106301,44,Female,Married,3,Salaried,22,64000.0,23600.0,500.0,790,Vehicle,870000.0,48,920000.0,Rural,1
LN2025106625,41,Male,Single,0,SEP,13,115100.0,18700.0,5900.0,723,Business,1280000.0,60,0.0,Semi-Urban,1
LN2025109240,39,Male,Unknown,0,SEP,11,140200.0,0.0,0.0,716,Home,3630000.0,300,4790000.0,Semi-Urban,1
LN2025106077,52,Female,Married,2,SEP,27,98100.0,29700.0,27300.0,719,Business,400000.0,36,560000.0,Urban,1
LN2025103547,38,Female,Married,1,Salaried,13,47600.0,32300.0,16100.0,673,Home,3150000.0,240,4270000.0,Rural,1
LN2025102581,29,Male,Single,0,SENP,8,69300.0,41400.0,0.0,783,Business,460000.0,36,0.0,Urban,1
LN2025107818,44,Male,Married,1,SEP,16,148300.0,0.0,0.0,829,Business,5620000.0,48,11200000.0,Rural,0
LN2025105954,41,Male,Married,3,Salaried,21,40200.0,0.0,7400.0,751,Vehicle,570000.0,36,810000.0,Rural,0
LN2025100253,32,Male,Married,1,SEP,5,51800.0,21100.0,0.0,758,Home,1650000.0,240,2150000.0,Semi-Urban,1
LN2025109030,53,Male,Married,2,SEP,27,300200.0,0.0,52000.0,716,Business,3070000.0,36,7050000.0,Semi-Urban,1
LN2025106403,33,Male,Married,3,Salaried,8,49000.0,29700.0,0.0,762,Vehicle,260000.0,60,350000.0,Semi-Urban,1
LN2025101698,33,Male,Married,0,SENP,8,69400.0,107900.0,0.0,663,Home,6540000.0,360,10600000.0,Semi-Urban,1
LN2025108821,43,Female,Married,3,Salaried,19,64500.0,0.0,0.0,773,Vehicle,790000.0,48,870000.0,Semi-Urban,1
LN2025102002,40,Male,Married,1,Salaried,18,235600.0,0.0,28500.0,837,Personal,1180000.0,60,0.0,Urban,1
LN2025100864,25,Male,Single,0,Salaried,4,49900.0,0.0,0.0,735,Personal,340000.0,48,0.0,Semi-Urban,0
LN2025107115,41,Male,Single,0,Salaried,16,50000.0,0.0,0.0,750,Personal,370000.0,12,0.0,Rural,0
LN2025102945,34,Male,Married,1,SEP,6,180500.0,0.0,0.0,791,Personal,790000.0,60,0.0,Urban,1
LN2025104880,46,Male,Married,0,SEP,18,117800.0,52500.0,49400.0,767,Business,1830000.0,60,0.0,Urban,1
LN2025103896,42,Female,Married,0,SEP,14,170300.0,0.0,40000.0,686,Personal,930000.0,48,0.0,Semi-Urban,0
LN2025104296,37,Male,Married,3,SENP,11,51100.0,34900.0,1700.0,788,Business,340000.0,84,0.0,Urban,1
LN2025106439,43,Male,Married,1,Salaried,21,62000.0,29600.0,0.0,698,Personal,920000.0,60,0.0,Semi-Urban,1
LN2025100252,37,Female,Married,2,Salaried,14,29800.0,0.0,3800.0,736,Personal,110000.0,48,0.0,Semi-Urban,1
LN2025102413,53,Male,Married,2,SENP,26,72300.0,0.0,0.0,625,Personal,760000.0,36,0.0,Semi-Urban,0
LN2025108806,37,Male,Married,3,SEP,7,122200.0,0.0,38500.0,831,Business,650000.0,60,0.0,Semi-Urban,1
LN2025100416,27,Male,Single,3,Salaried,4,23700.0,0.0,0.0,-1,Personal,210000.0,36,0.0,Semi-Urban,1
LN2025107047,30,Male,Married,1,Salaried,8,39200.0,0.0,300.0,786,Home,2150000.0,240,3210000.0,Semi-Urban,1
LN2025108374,28,Male,Single,0,Salaried,5,121300.0,0.0,0.0,807,Vehicle,90000.0,36,110000.0,Urban,1
LN2025106926,51,Male,Divorced,0,SEP,26,74400.0,0.0,0.0,723,Business,410000.0,36,600000.0,Rural,1
LN2025102969,37,Male,Married,2,SENP,10,51700.0,17200.0,0.0,705,Vehicle,970000.0,60,1120000.0,Urban,1
LN2025102299,47,Male,Married,2,SENP,23,64400.0,76000.0,33000.0,829,Business,520000.0,84,0.0,Urban,1
LN2025105423,41,Female,Married,2,Salaried,21,109400.0,0.0,0.0,609,Vehicle,90000.0,36,110000.0,Urban,0
LN2025107160,43,Female,Married,1,SEP,14,109900.0,0.0,21800.0,769,Business,160000.0,36,240000.0,Urban,1
LN2025109515,51,Male,Married,3,SENP,26,77400.0,49600.0,0.0,761,Business,830000.0,60,0.0,Semi-Urban,1
LN2025102312,37,Male,Married,3,SENP,8,25700.0,0.0,3500.0,806,Vehicle,270000.0,60,270000.0,Semi-Urban,1
LN2025107336,34,Male,Single,0,SENP,7,15700.0,0.0,0.0,678,Personal,110000.0,36,0.0,Rural,0
LN2025105635,20,Male,Single,0,Salaried,0,51800.0,0.0,0.0,837,Vehicle,380000.0,48,450000.0,Urban,0
LN2025109780,24,Male,Single,0,Salaried,0,38200.0,0.0,1400.0,794,Personal,510000.0,36,0.0,Urban,0
LN2025100612,39,Male,Married,1,Salaried,17,19000.0,0.0,5600.0,693,Home,520000.0,240,760000.0,Urban,0
LN2025103107,39,Male,Married,3,Salaried,17,71800.0,0.0,16200.0,-1,Personal,210000.0,36,0.0,Rural,0
LN2025102872,39,Male,Married,1,SENP,19,72200.0,16200.0,10700.0,630,Personal,640000.0,24,0.0,Rural,0
LN2025107229,31,Male,Single,0,Salaried,10,53600.0,0.0,6600.0,842,Personal,350000.0,36,0.0,Urban,1
LN2025106560,39,Female,Married,3,Salaried,17,64900.0,0.0,0.0,683,Vehicle,1150000.0,84,1250000.0,Urban,1
LN2025106487,57,Male,Married,1,SENP,31,59700.0,0.0,0.0,693,Personal,200000.0,24,0.0,Semi-Urban,1
LN2025103045,33,Male,Single,0,Salaried,11,51100.0,0.0,0.0,882,Personal,430000.0,36,0.0,Semi-Urban,1
LN2025104895,50,Male,Married,2,Salaried,27,62800.0,0.0,0.0,740,Personal,640000.0,60,0.0,Rural,1
LN2025104133,35,Male,Married,1,Salaried,14,86800.0,60600.0,0.0,780,Home,9160000.0,180,14240000.0,Urban,1
LN2025101059,44,Female,Married,1,SEP,17,84100.0,43400.0,23700.0,622,Business,1530000.0,36,3170000.0,Semi-Urban,0
LN2025102104,37,Male,Married,1,Salaried,14,58400.0,0.0,0.0,749,Home,2250000.0,120,2880000.0,Urban,1
LN2025106902,52,Male,Married,2,SEP,21,105600.0,0.0,15000.0,843,Personal,1910000.0,36,0.0,Urban,0
LN2025106247,40,Male,Married,2,SEP,10,94300.0,96200.0,0.0,747,Home,6580000.0,300,7570000.0,Semi-Urban,0
LN2025100215,42,Male,Married,1,SENP,20,281300.0,55000.0,0.0,763,Home,8720000.0,240,17360000.0,Urban,1
LN2025106788,41,Male,Married,2,Salaried,18,74300.0,0.0,21100.0,714,Personal,340000.0,48,0.0,Urban,0
LN2025104492,21,Male,Single,0,SENP,0,35900.0,0.0,3400.0,768,Home,1090000.0,300,2600000.0,Semi-Urban,0
LN2025102326,39,Female,Married,2,SENP,14,33200.0,19800.0,12500.0,719,Home,2805000.0,180,3740000.0,Semi-Urban,1
LN2025100097,30,Male,Married,3,Salaried,5,12700.0,0.0,0.0,761,Personal,120000.0,12,0.0,Rural,0
LN2025109322,37,Male,Married,1,Salaried,12,58200.0,0.0,0.0,758,Personal,420000.0,12,0.0,Urban,0
LN2025108122,39,Female,Married,2,Salaried,14,39300.0,0.0,0.0,819,Personal,450000.0,24,0.0,Rural,0
LN2025105653,39,Male,Married,2,SENP,17,29600.0,0.0,2300.0,707,Personal,200000.0,36,0.0,Rural,1
LN2025102495,41,Female,Married,3,Salaried,15,62300.0,0.0,0.0,512,Personal,470000.0,36,0.0,Urban,0
LN2025104466,30,Male,Single,0,Salaried,8,33100.0,0.0,3000.0,634,Vehicle,390000.0,48,410000.0,Urban,0
LN2025103856,45,Female,Married,2,SENP,25,177000.0,19300.0,60200.0,750,Business,930000.0,36,0.0,Urban,1
LN2025103130,46,Female,Married,0,SENP,23,88500.0,11800.0,26600.0,821,Vehicle,110000.0,36,140000.0,Rural,1
LN2025105688,46,Male,Married,3,Salaried,24,53600.0,22300.0,0.0,745,Home,2220000.0,120,3610000.0,Semi-Urban,1
LN2025109308,41,Male,Married,0,Salaried,19,115100.0,0.0,0.0,685,Vehicle,1240000.0,60,1270000.0,Rural,1
LN2025103077,44,Male,Married,2,Salaried,22,63600.0,0.0,0.0,645,Vehicle,860000.0,60,1000000.0,Rural,0
LN2025104283,30,Female,Married,1,SENP,4,48700.0,0.0,0.0,667,Vehicle,70000.0,36,70000.0,Urban,0
LN2025105759,50,Male,Married,0,SENP,20,79100.0,0.0,0.0,727,Home,3020000.0,180,4410000.0,Rural,1
LN2025100147,34,Male,Married,3,SEP,7,19400.0,49700.0,23600.0,706,Business,210000.0,60,320000.0,Semi-Urban,0
LN2025100956,41,Female,Married,2,SEP,14,86400.0,0.0,0.0,793,Business,390000.0,24,0.0,Urban,1
LN2025109068,20,Female,Single,1,Salaried,0,18900.0,0.0,0.0,695,Home,530000.0,180,710000.0,Urban,0
LN2025103953,45,Male,Married,1,SENP,18,29800.0,0.0,0.0,761,Business,110000.0,24,180000.0,Urban,1
LN2025108614,39,Male,Married,2,Salaried,15,78700.0,0.0,0.0,810,Personal,470000.0,60,0.0,Urban,1
LN2025100893,28,Male,Married,2,Salaried,4,23700.0,0.0,0.0,738,Business,120000.0,60,300000.0,Urban,1
LN2025109479,38,Male,Single,1,Salaried,15,57800.0,0.0,0.0,773,Personal,370000.0,48,0.0,Urban,1
LN2025107068,32,Male,Single,0,Salaried,10,20700.0,0.0,0.0,663,Vehicle,140000.0,12,200000.0,Rural,0
LN2025102163,38,Male,Married,2,SEP,9,52800.0,0.0,4000.0,714,Personal,550000.0,24,0.0,Rural,0
LN2025103483,41,Female,Married,1,Salaried,17,51900.0,0.0,0.0,764,Home,1650000.0,180,2500000.0,Rural,1
LN2025102028,37,Male,Married,3,Salaried,15,36000.0,0.0,0.0,640,Personal,290000.0,36,0.0,Rural,0
LN2025106304,48,Male,Single,1,Salaried,26,33900.0,0.0,10500.0,594,Personal,300000.0,12,0.0,Rural,0
LN2025108258,40,Male,Married,0,Salaried,15,30200.0,0.0,0.0,-1,Personal,270000.0,60,0.0,Urban,0
LN2025100536,37,Male,Married,2,SEP,9,143800.0,0.0,44000.0,810,Home,4540000.0,300,6440000.0,Urban,1
LN2025105368,49,Male,Single,0,SENP,25,43900.0,0.0,4800.0,663,Vehicle,620000.0,84,730000.0,Semi-Urban,0
LN2025101813,37,Male,Married,1,SENP,7,65300.0,38500.0,0.0,738,Home,2800000.0,240,4080000.0,Semi-Urban,1
LN2025101144,46,Male,Married,0,SENP,17,34800.0,0.0,0.0,741,Personal,230000.0,60,0.0,Semi-Urban,1
LN2025106521,53,Female,Married,3,Salaried,31,52400.0,34400.0,0.0,663,Vehicle,530000.0,84,580000.0,Semi-Urban,1
LN2025109438,39,Male,Married,1,Salaried,16,86800.0,0.0,0.0,704,Vehicle,2190000.0,48,2280000.0,Semi-Urban,0
LN2025100910,23,Male,Single,0,Salaried,0,90300.0,0.0,3200.0,735,Vehicle,1810000.0,48,2100000.0,Urban,0
LN2025103351,22,Male,Single,1,Salaried,4,40500.0,0.0,14800.0,805,Home,1910000.0,180,2700000.0,Urban,0
LN2025106873,36,Male,Married,2,SENP,8,28900.0,0.0,0.0,-1,Business,310000.0,120,490000.0,Rural,0
LN2025108177,32,Male,Married,2,Salaried,12,32200.0,66900.0,0.0,739,Home,2480000.0,300,3050000.0,Urban,1
LN2025108131,45,Male,Married,3,Salaried,22,97600.0,0.0,0.0,807,Personal,1210000.0,60,0.0,Urban,1
LN2025108037,21,Female,Single,0,SENP,0,22200.0,0.0,0.0,735,Business,200000.0,36,0.0,Urban,0
LN2025107364,36,Male,Married,2,Salaried,14,23100.0,0.0,2100.0,674,Vehicle,210000.0,36,230000.0,Semi-Urban,0
LN2025106987,33,Male,Single,0,Salaried,9,70600.0,0.0,0.0,747,Vehicle,620000.0,48,740000.0,Urban,1
LN2025103827,37,Male,Married,2,Salaried,12,132200.0,0.0,0.0,766,Vehicle,1190000.0,60,1460000.0,Urban,1
LN2025108709,37,Male,Married,2,Salaried,16,32000.0,0.0,0.0,812,Home,2140000.0,240,4260000.0,Rural,1
LN2025105034,46,Male,Married,1,SENP,27,92600.0,46300.0,0.0,834,Personal,770000.0,36,0.0,Semi-Urban,1
LN2025106876,39,Male,Married,1,Salaried,17,68500.0,13700.0,0.0,742,Home,1510000.0,360,2210000.0,Rural,0
LN2025102281,52,Male,Married,3,SENP,31,79200.0,30600.0,0.0,785,Home,3760000.0,120,4880000.0,Rural,1
LN2025103758,44,Male,Married,3,SEP,18,155500.0,24600.0,0.0,699,Home,9090000.0,240,18120000.0,Semi-Urban,1
LN2025104266,35,Male,Married,2,Salaried,13,77100.0,0.0,0.0,744,Personal,590000.0,60,0.0,Semi-Urban,1
LN2025106024,39,Male,Married,0,Salaried,15,80100.0,0.0,11700.0,780,Personal,430000.0,36,0.0,Urban,1
LN2025104905,32,Female,Married,3,Salaried,10,74600.0,19500.0,0.0,709,Home,6700000.0,180,10030000.0,Urban,0
LN2025101908,45,Male,Married,0,Salaried,22,57600.0,27900.0,0.0,691,Personal,440000.0,24,0.0,Semi-Urban,1
LN2025108891,27,Male,Single,1,Salaried,4,142300.0,0.0,0.0,826,Vehicle,130000.0,36,180000.0,Urban,1
LN2025103150,30,Male,Married,1,Salaried,9,45500.0,0.0,0.0,682,Personal,230000.0,48,0.0,Urban,1
LN2025104265,39,Female,Married,2,Salaried,18,37300.0,75600.0,0.0,702,Personal,410000.0,48,0.0,Urban,1
LN2025109326,38,Male,Married,3,Salaried,13,53700.0,34600.0,2600.0,722,Vehicle,1020000.0,60,1020000.0,Urban,0
LN2025104867,34,Male,Married,3,Salaried,11,67900.0,0.0,0.0,787,Personal,570000.0,36,0.0,Urban,1
LN2025101110,49,Male,Married,0,SEP,21,246600.0,0.0,60500.0,802,Vehicle,2390000.0,48,3090000.0,Urban,1
LN2025106416,35,Male,Married,3,Salaried,13,41000.0,0.0,3900.0,698,Vehicle,260000.0,60,340000.0,Urban,1
LN2025106829,35,Male,Single,0,Salaried,14,53600.0,21000.0,5300.0,796,Home,2640000.0,300,3420000.0,Rural,1
LN2025107516,37,Male,Married,1,SENP,10,44500.0,0.0,0.0,716,Business,720000.0,60,0.0,Semi-Urban,1
LN2025104048,38,Male,Married,1,SENP,13,26000.0,58400.0,0.0,685,Business,2260000.0,60,4040000.0,Semi-Urban,0
LN2025101193,43,Female,Married,3,Salaried,18,37300.0,0.0,0.0,754,Home,2380000.0,180,4670000.0,Semi-Urban,0
LN2025105941,58,Female,Married,2,SEP,30,197000.0,48000.0,17500.0,706,Business,2720000.0,48,3980000.0,Rural,1
LN2025105972,41,Female,Married,2,SEP,12,115500.0,0.0,0.0,720,Vehicle,1280000.0,48,1810000.0,Rural,1
LN2025104772,36,Male,Single,0,Salaried,10,41600.0,0.0,0.0,728,Home,1100000.0,240,1540000.0,Semi-Urban,1
LN2025106492,30,Female,Single,0,SENP,7,27500.0,0.0,2600.0,701,Personal,110000.0,24,0.0,Urban,1
LN2025107898,39,Male,Married,1,SENP,12,68100.0,0.0,22700.0,714,Business,760000.0,60,0.0,Semi-Urban,0
LN2025101805,37,Male,Single,0,Salaried,15,37900.0,0.0,0.0,651,Personal,130000.0,36,0.0,Urban,1
LN2025106000,40,Male,Married,1,Salaried,17,35600.0,0.0,9400.0,635,Personal,280000.0,60,0.0,Rural,0
LN2025108420,36,Male,Married,3,SEP,11,89600.0,48800.0,40600.0,795,Business,720000.0,36,1840000.0,Urban,1
LN2025109388,54,Male,Married,2,SENP,34,78300.0,53900.0,0.0,829,Business,760000.0,60,1740000.0,Urban,1
LN2025109851,32,Female,Unknown,3,Salaried,6,25700.0,0.0,5400.0,710,Personal,190000.0,36,0.0,Rural,0
LN2025103671,36,Female,Married,1,Salaried,14,32300.0,0.0,0.0,794,Personal,190000.0,48,0.0,Semi-Urban,1
LN2025105000,51,Male,Married,3,Salaried,31,132500.0,0.0,0.0,661,Personal,750000.0,36,0.0,Urban,1
LN2025103233,34,Male,Married,2,Salaried,12,81200.0,0.0,23200.0,748,Vehicle,1180000.0,60,1650000.0,Urban,1
LN2025101659,54,Male,Married,2,SENP,33,54300.0,48900.0,9900.0,749,Business,570000.0,60,0.0,Semi-Urban,1
LN2025102333,50,Male,Married,1,SENP,29,135200.0,0.0,18100.0,740,Business,1180000.0,60,0.0,Urban,1
LN2025104442,51,Male,Married,1,SENP,25,194300.0,0.0,0.0,796,Personal,1080000.0,48,0.0,Urban,1
LN2025108198,45,Male,Widowed,1,SEP,12,59100.0,0.0,0.0,792,Home,2260000.0,180,3570000.0,Rural,1
LN2025105657,57,Male,Married,3,SENP,31,223100.0,0.0,0.0,747,Business,1060000.0,36,2040000.0,Urban,1
LN2025101334,33,Male,Married,1,SENP,7,50300.0,26400.0,0.0,716,Business,1910000.0,36,4180000.0,Urban,0
LN2025104839,39,Male,Married,2,SEP,9,100600.0,0.0,9800.0,822,Personal,1150000.0,24,0.0,Urban,1
LN2025108733,38,Male,Married,2,Salaried,14,78200.0,0.0,0.0,736,Personal,290000.0,36,0.0,Urban,1
LN2025105904,59,Male,Widowed,0,SENP,37,70500.0,0.0,0.0,761,Personal,240000.0,60,0.0,Urban,1
LN2025109383,21,Male,Single,1,SENP,0,82400.0,0.0,0.0,734,Vehicle,680000.0,36,690000.0,Urban,0
LN2025106005,29,Male,Single,0,Salaried,3,26900.0,0.0,0.0,791,Personal,260000.0,36,0.0,Rural,1
LN2025105517,38,Female,Married,2,Salaried,15,21500.0,0.0,700.0,739,Personal,200000.0,36,0.0,Semi-Urban,0
LN2025109298,29,Female,Married,2,Salaried,4,58800.0,0.0,11500.0,781,Personal,230000.0,36,0.0,Rural,1
LN2025106063,30,Male,Married,2,Salaried,6,22000.0,27500.0,1700.0,786,Home,1340000.0,180,1580000.0,Semi-Urban,1
LN2025103082,32,Male,Married,0,Salaried,7,51800.0,0.0,4000.0,743,Personal,330000.0,24,0.0,Semi-Urban,1
LN2025102839,45,Female,Married,3,Salaried,12,140700.0,0.0,50400.0,615,Personal,1130000.0,12,0.0,Urban,0
LN2025105717,30,Male,Married,2,SENP,5,74600.0,0.0,0.0,776,Personal,540000.0,36,0.0,Urban,1
LN2025105187,35,Male,Married,2,SENP,13,138500.0,19900.0,0.0,625,Vehicle,2820000.0,84,3820000.0,Semi-Urban,0
LN2025107974,49,Male,Married,2,SEP,22,106300.0,0.0,0.0,717,Business,520000.0,12,1350000.0,Urban,0
LN2025106520,29,Female,Single,2,Salaried,5,76000.0,0.0,0.0,635,Home,2540000.0,300,3240000.0,Urban,0
LN2025101205,36,Female,Married,2,SENP,17,119600.0,0.0,0.0,739,Personal,1420000.0,36,0.0,Rural,0
LN2025109057,49,Male,Married,2,SEP,20,212900.0,0.0,64700.0,711,Personal,1680000.0,24,0.0,Urban,0
LN2025106362,27,Male,Single,0,Salaried,3,30900.0,0.0,1700.0,675,Personal,200000.0,36,0.0,Urban,1
LN2025106256,35,Male,Single,0,Salaried,12,50700.0,0.0,0.0,724,Personal,380000.0,48,0.0,Urban,0
LN2025109581,43,Female,Married,2,SEP,16,109200.0,0.0,0.0,692,Home,4390000.0,240,9650000.0,Semi-Urban,1
LN2025107006,43,Female,Married,2,SENP,21,83000.0,0.0,10800.0,765,Business,680000.0,48,0.0,Semi-Urban,1
LN2025109747,35,Female,Married,0,Salaried,14,52800.0,0.0,11200.0,658,Personal,360000.0,60,0.0,Rural,0
LN2025106849,22,Male,Single,3,Salaried,0,42000.0,40400.0,0.0,739,Home,2530000.0,300,2920000.0,Urban,0
LN2025107161,24,Male,Married,2,Salaried,2,17700.0,0.0,0.0,854,Personal,110000.0,60,0.0,Semi-Urban,1
LN2025100528,33,Male,Single,0,Salaried,11,33500.0,36300.0,11800.0,792,Home,2730000.0,300,3760000.0,Rural,1
LN2025105738,50,Female,Married,3,SEP,22,161500.0,0.0,0.0,686,Home,6410000.0,120,10910000.0,Urban,1
LN2025109589,28,Male,Single,0,Salaried,6,51300.0,0.0,16100.0,834,Personal,500000.0,12,0.0,Semi-Urban,0
LN2025100534,41,Male,Married,3,SENP,19,207500.0,15200.0,47500.0,774,Vehicle,70000.0,12,80000.0,Urban,1
LN2025107555,38,Male,Married,2,Salaried,17,87600.0,10600.0,34800.0,751,Personal,770000.0,36,0.0,Rural,0
LN2025104485,26,Female,Single,1,Salaried,8,17300.0,0.0,0.0,795,Vehicle,190000.0,60,220000.0,Urban,1
LN2025108425,40,Male,Married,2,SENP,13,97200.0,0.0,9000.0,-1,Vehicle,1430000.0,60,1860000.0,Urban,0
LN2025109061,41,Male,Widowed,0,Salaried,19,72500.0,0.0,0.0,789,Personal,230000.0,24,0.0,Semi-Urban,1
LN2025104533,33,Male,Single,1,SEP,6,154500.0,0.0,0.0,686,Home,3990000.0,120,5060000.0,Semi-Urban,1
LN2025106892,43,Male,Married,1,SENP,20,125600.0,0.0,0.0,674,Vehicle,120000.0,12,140000.0,Semi-Urban,1
LN2025106307,53,Female,Married,2,SENP,32,82000.0,45300.0,10600.0,746,Vehicle,1080000.0,60,1160000.0,Urban,1
LN2025109330,41,Male,Single,2,Salaried,21,87700.0,0.0,32800.0,655,Personal,1230000.0,48,0.0,Rural,0
LN2025104020,43,Male,Married,1,Salaried,20,38300.0,35000.0,0.0,789,Personal,450000.0,60,0.0,Urban,1
LN2025102543,35,Male,Married,2,Salaried,10,75100.0,42200.0,0.0,708,Home,3200000.0,300,4280000.0,Urban,1
LN2025107403,52,Male,Married,2,SENP,32,86800.0,0.0,25100.0,696,Business,1490000.0,24,2510000.0,Urban,1
LN2025107328,41,Male,Married,0,Salaried,17,66700.0,22700.0,0.0,775,Home,4730000.0,180,7060000.0,Urban,1
LN2025109156,33,Male,Married,1,Salaried,10,89900.0,0.0,10000.0,739,Home,1570000.0,240,2220000.0,Urban,1
LN2025107654,38,Male,Married,2,Salaried,16,48900.0,0.0,11800.0,722,Personal,210000.0,24,0.0,Rural,0
LN2025101535,29,Male,Single,0,SEP,0,122000.0,0.0,2800.0,711,Home,2800000.0,240,6330000.0,Urban,0
LN2025103030,39,Male,Married,0,SEP,10,49200.0,27600.0,0.0,716,Business,1030000.0,36,0.0,Semi-Urban,1
LN2025108286,36,Male,Married,3,Salaried,15,44300.0,0.0,0.0,711,Home,1510000.0,180,2270000.0,Urban,1
LN2025108909,39,Female,Married,3,Salaried,15,64200.0,0.0,0.0,854,Personal,180000.0,48,0.0,Urban,1
LN2025106431,52,Male,Married,2,SENP,26,70600.0,54800.0,32900.0,838,Vehicle,1210000.0,60,1360000.0,Urban,1
LN2025105544,55,Unknown,Married,3,SENP,29,45400.0,0.0,9000.0,806,Business,210000.0,24,0.0,Rural,1
LN2025109614,45,Male,Married,2,Salaried,25,35400.0,0.0,0.0,715,Personal,250000.0,24,0.0,Urban,1
LN2025108597,34,Male,Single,0,Salaried,8,14800.0,0.0,2500.0,790,Personal,50000.0,60,0.0,Semi-Urban,0
LN2025106679,37,Male,Single,3,Salaried,15,63000.0,11400.0,0.0,-1,Home,2430000.0,120,3670000.0,Rural,1
LN2025108579,36,Female,Married,2,SENP,14,46200.0,0.0,7000.0,740,Vehicle,140000.0,24,160000.0,Rural,1
LN2025103023,44,Male,Divorced,2,SEP,13,225300.0,36500.0,9900.0,662,Home,5370000.0,240,7690000.0,Urban,1
LN2025104011,30,Male,Married,3,Salaried,7,34500.0,0.0,5800.0,801,Vehicle,50000.0,12,70000.0,Rural,1
LN2025101809,36,Female,Married,1,Salaried,10,25600.0,0.0,0.0,715,Personal,90000.0,36,0.0,Semi-Urban,0
LN2025105172,25,Male,Single,0,Salaried,1,50400.0,0.0,0.0,790,Personal,860000.0,24,0.0,Urban,0
LN2025109640,20,Male,Single,1,Salaried,0,25600.0,0.0,0.0,736,Personal,160000.0,60,0.0,Rural,0
LN2025109309,41,Female,Married,2,Salaried,15,54300.0,34400.0,0.0,772,Vehicle,760000.0,36,880000.0,Semi-Urban,1
LN2025104974,46,Male,Married,1,Salaried,23,113100.0,0.0,0.0,561,Personal,730000.0,48,0.0,Urban,0
LN2025100646,45,Female,Married,0,Salaried,25,32000.0,0.0,0.0,718,Vehicle,140000.0,36,170000.0,Rural,1
LN2025100353,51,Male,Married,2,SENP,22,23300.0,0.0,0.0,563,Business,240000.0,60,380000.0,Semi-Urban,0
LN2025104460,36,Male,Married,0,SENP,17,55700.0,50700.0,2400.0,859,Business,1330000.0,36,0.0,Semi-Urban,1
LN2025103950,26,Male,Single,0,SENP,3,29500.0,0.0,0.0,661,Personal,280000.0,60,0.0,Semi-Urban,0
LN2025101621,48,Male,Married,2,Salaried,26,40100.0,14200.0,0.0,708,Vehicle,600000.0,84,640000.0,Semi-Urban,1
LN2025104590,33,Male,Married,2,SEP,7,86400.0,131400.0,27400.0,671,Home,9700000.0,240,20250000.0,Urban,1
LN2025100896,39,Male,Married,1,Salaried,18,80800.0,27700.0,0.0,643,Home,4250000.0,120,7270000.0,Urban,0
LN2025101929,46,Female,Divorced,0,SENP,21,40200.0,0.0,0.0,540,Business,440000.0,60,0.0,Semi-Urban,0
LN2025108713,27,Female,Single,0,SENP,3,13600.0,0.0,4600.0,770,Business,130000.0,36,0.0,Semi-Urban,0
LN2025101581,48,Male,Married,1,SENP,21,136700.0,0.0,0.0,707,Personal,1420000.0,36,0.0,Urban,0
LN2025109842,48,Male,Married,1,SENP,28,30900.0,33200.0,6500.0,777,Home,2050000.0,180,2650000.0,Urban,1
LN2025106551,40,Male,Married,2,SENP,15,169900.0,0.0,0.0,876,Business,3400000.0,48,6050000.0,Urban,1
LN2025106900,34,Male,Married,2,Salaried,9,76000.0,0.0,7000.0,739,Personal,1190000.0,48,0.0,Semi-Urban,0
LN2025108453,47,Female,Single,0,SENP,27,139000.0,0.0,12000.0,758,Personal,1490000.0,60,0.0,Urban,1
LN2025102952,20,Male,Single,0,Salaried,0,13400.0,55500.0,0.0,752,Home,1470000.0,300,3170000.0,Semi-Urban,0
LN2025106485,47,Male,Single,0,Salaried,25,125700.0,0.0,25400.0,524,Vehicle,120000.0,12,120000.0,Semi-Urban,0
LN2025101143,33,Female,Married,2,Salaried,8,57600.0,0.0,6200.0,789,Vehicle,580000.0,60,640000.0,Semi-Urban,0
LN2025108547,37,Male,Married,0,Salaried,13,56900.0,48200.0,22800.0,640,Home,3080000.0,240,7050000.0,Urban,0
LN2025104782,42,Male,Married,1,Salaried,18,42600.0,16100.0,4100.0,890,Home,4750000.0,240,8140000.0,Semi-Urban,0
LN2025100857,35,Male,Married,3,Salaried,10,40200.0,60100.0,0.0,773,Home,2950000.0,180,4780000.0,Semi-Urban,1
LN2025107064,40,Female,Married,2,Salaried,18,70800.0,44500.0,0.0,739,Home,3300000.0,120,5090000.0,Urban,0
LN2025109630,47,Female,Married,2,Salaried,23,101400.0,58400.0,0.0,791,Home,7820000.0,120,10350000.0,Urban,1
LN2025107954,40,Male,Married,2,Salaried,14,21800.0,0.0,9000.0,753,Personal,200000.0,48,0.0,Rural,0
LN2025104347,49,Male,Married,2,SEP,24,199200.0,10900.0,38700.0,804,Home,5740000.0,180,9300000.0,Semi-Urban,1
LN2025101150,30,Female,Married,2,SEP,2,173000.0,19900.0,0.0,787,Home,6860000.0,240,9590000.0,Urban,0
LN2025108388,40,Female,Married,2,SEP,12,79100.0,14800.0,0.0,811,Home,3330000.0,360,5040000.0,Urban,0
LN2025104744,40,Male,Married,2,Salaried,16,20500.0,0.0,3100.0,679,Vehicle,80000.0,12,110000.0,Semi-Urban,1
LN2025106871,39,Female,Married,0,SENP,18,30800.0,0.0,2700.0,670,Business,180000.0,48,280000.0,Semi-Urban,1
LN2025105141,26,Male,Single,0,SEP,0,79600.0,29200.0,0.0,735,Home,3080000.0,240,5520000.0,Rural,0
LN2025107825,45,Female,Married,1,SEP,20,43600.0,0.0,0.0,749,Personal,210000.0,36,0.0,Semi-Urban,1
LN2025107595,38,Female,Married,2,SENP,8,65400.0,0.0,0.0,740,Personal,200000.0,60,0.0,Urban,1
LN2025107608,46,Male,Married,3,Salaried,21,36900.0,32700.0,0.0,680,Home,1720000.0,120,2830000.0,Rural,1
LN2025102070,39,Male,Married,0,SENP,20,276700.0,0.0,81200.0,745,Home,14060000.0,240,18900000.0,Rural,0
LN2025104807,43,Male,Married,2,SENP,14,105900.0,0.0,16700.0,837,Personal,290000.0,60,0.0,Rural,1
LN2025102001,31,Male,Married,1,Salaried,7,50600.0,0.0,0.0,830,Vehicle,610000.0,48,800000.0,Urban,1
LN2025105083,34,Male,Married,3,Salaried,8,77800.0,39700.0,18300.0,754,Vehicle,760000.0,60,1050000.0,Urban,1
LN2025103378,34,Male,Married,1,SENP,8,73100.0,132700.0,0.0,876,Home,8140000.0,360,11760000.0,Semi-Urban,1
LN2025103838,39,Female,Single,0,Salaried,15,59400.0,0.0,0.0,769,Vehicle,220000.0,60,240000.0,Rural,1
LN2025102548,32,Male,Single,0,SENP,2,102800.0,0.0,51600.0,826,Vehicle,1070000.0,36,1370000.0,Semi-Urban,0
LN2025105498,34,Female,Married,1,SENP,11,25800.0,18500.0,0.0,663,Personal,390000.0,60,0.0,Rural,1
LN2025106377,44,Female,Married,3,SENP,16,16600.0,43200.0,4400.0,743,Business,310000.0,36,710000.0,Urban,1
LN2025106737,46,Male,Married,0,Salaried,25,34600.0,0.0,17000.0,742,Personal,480000.0,60,0.0,Rural,0
LN2025104935,48,Male,Married,2,Salaried,26,78800.0,76000.0,0.0,720,Vehicle,2000000.0,60,2100000.0,Semi-Urban,0
LN2025105674,32,Male,Married,0,Salaried,10,16800.0,0.0,0.0,701,Personal,100000.0,24,0.0,Semi-Urban,0
LN2025106906,28,Female,Single,0,Salaried,4,33300.0,0.0,0.0,746,Vehicle,280000.0,48,350000.0,Urban,1
LN2025104110,27,Male,Single,0,Salaried,6,85800.0,0.0,0.0,826,Personal,520000.0,48,0.0,Urban,1
LN2025107600,30,Male,Single,0,Salaried,8,43300.0,0.0,0.0,739,Home,1810000.0,360,2140000.0,Urban,0
LN2025105018,39,Male,Married,1,Salaried,12,40900.0,0.0,0.0,-1,Personal,250000.0,36,0.0,Semi-Urban,1
LN2025107194,44,Male,Married,2,SENP,18,97200.0,0.0,14300.0,724,Home,7450000.0,180,12530000.0,Rural,1
LN2025108626,32,Male,Married,1,Salaried,8,46100.0,0.0,10000.0,786,Personal,220000.0,60,0.0,Urban,1
LN2025106771,38,Female,Married,2,Salaried,16,85900.0,0.0,10300.0,791,Personal,630000.0,24,0.0,Urban,1
LN2025107106,48,Male,Married,3,SEP,20,65600.0,71200.0,4800.0,701,Home,3140000.0,180,4310000.0,Semi-Urban,1
LN2025108698,45,Male,Widowed,0,SEP,15,386000.0,0.0,0.0,-1,Home,7230000.0,240,12710000.0,Urban,1
LN2025100887,27,Female,Single,1,SEP,0,34600.0,0.0,8800.0,737,Business,160000.0,24,330000.0,Urban,0
LN2025108033,55,Male,Married,3,SENP,32,82400.0,0.0,0.0,832,Business,850000.0,120,1520000.0,Urban,1
LN2025100999,30,Female,Married,1,Salaried,4,11800.0,0.0,200.0,683,Home,570000.0,240,1000000.0,Semi-Urban,0
LN2025108711,28,Male,Single,0,Salaried,5,28900.0,0.0,0.0,700,Personal,230000.0,36,0.0,Rural,1
LN2025104628,46,Female,Married,2,SENP,17,80800.0,52600.0,31100.0,664,Business,1570000.0,60,2730000.0,Urban,1
LN2025109012,36,Male,Married,1,SEP,7,282300.0,0.0,0.0,716,Vehicle,90000.0,36,110000.0,Urban,1
LN2025106668,46,Male,Married,3,Salaried,20,33900.0,101400.0,24100.0,789,Home,4380000.0,120,5960000.0,Urban,1
LN2025100992,43,Male,Married,3,Salaried,18,59100.0,0.0,13700.0,572,Personal,360000.0,36,0.0,Rural,0
LN2025108493,48,Male,Married,3,Salaried,25,74300.0,43600.0,44500.0,717,Vehicle,840000.0,60,860000.0,Urban,1
LN2025103432,38,Male,Married,1,Salaried,14,66300.0,0.0,0.0,679,Personal,1020000.0,60,0.0,Urban,0
LN2025100259,45,Female,Married,2,SEP,18,52500.0,0.0,0.0,787,Personal,370000.0,24,0.0,Rural,1
LN2025109482,39,Male,Single,0,SENP,12,35700.0,0.0,0.0,811,Home,2140000.0,300,3360000.0,Urban,1
LN2025100092,32,Female,Single,0,Salaried,10,50300.0,0.0,0.0,760,Personal,220000.0,48,0.0,Semi-Urban,1
LN2025102885,21,Male,Single,0,Salaried,0,36700.0,0.0,0.0,741,Vehicle,260000.0,84,350000.0,Semi-Urban,0
LN2025107621,35,Male,Married,3,Salaried,14,95800.0,0.0,0.0,743,Vehicle,610000.0,48,720000.0,Urban,1
LN2025100824,26,Male,Single,0,SEP,0,25900.0,0.0,0.0,767,Home,1300000.0,240,1450000.0,Rural,0
LN2025104189,43,Male,Married,1,Salaried,23,54700.0,0.0,0.0,715,Vehicle,540000.0,60,760000.0,Urban,1
LN2025108762,53,Male,Married,1,SENP,29,67400.0,36000.0,12200.0,679,Personal,640000.0,24,0.0,Rural,1
LN2025109602,36,Male,Married,2,SENP,12,132700.0,53500.0,0.0,873,Home,5810000.0,240,9210000.0,Semi-Urban,1
LN2025107337,29,Male,Single,1,SEP,1,94700.0,79500.0,51300.0,688,Home,8360000.0,300,12590000.0,Urban,0
LN2025103600,48,Male,Married,2,SEP,20,127100.0,0.0,32100.0,777,Business,410000.0,36,0.0,Semi-Urban,1
LN2025107450,42,Male,Married,3,Salaried,22,60000.0,0.0,0.0,718,Personal,320000.0,36,0.0,Rural,1
LN2025100231,46,Male,Married,3,Salaried,20,158200.0,0.0,9100.0,696,Vehicle,940000.0,60,1290000.0,Urban,1
LN2025102675,35,Male,Married,3,Salaried,11,14900.0,0.0,0.0,755,Personal,120000.0,24,0.0,Semi-Urban,0
LN2025102406,38,Male,Married,3,SEP,10,97300.0,0.0,0.0,784,Personal,400000.0,48,0.0,Urban,1
LN2025108554,32,Female,Married,1,Salaried,7,15400.0,0.0,0.0,701,Personal,140000.0,12,0.0,Rural,0
LN2025105506,47,Male,Married,2,Salaried,22,25100.0,0.0,0.0,695,Personal,240000.0,48,0.0,Rural,1
LN2025107128,41,Male,Single,0,SEP,16,129000.0,0.0,0.0,710,Vehicle,140000.0,24,200000.0,Semi-Urban,1
LN2025102250,39,Transgender,Married,3,Salaried,12,35400.0,0.0,0.0,775,Personal,260000.0,36,0.0,Urban,1
LN2025102602,35,Female,Married,0,Salaried,10,23500.0,14300.0,0.0,738,Home,810000.0,300,1080000.0,Urban,1
LN2025108087,38,Male,Married,2,SENP,11,36100.0,0.0,2300.0,769,Personal,140000.0,60,0.0,Urban,1
LN2025109658,34,Unknown,Married,1,SEP,7,60100.0,17500.0,13400.0,726,Business,210000.0,60,0.0,Rural,1
LN2025109827,41,Male,Married,2,SEP,11,145700.0,0.0,12200.0,716,Business,1740000.0,12,3320000.0,Semi-Urban,0
LN2025108263,37,Male,Married,1,SEP,7,85500.0,0.0,0.0,740,Home,2630000.0,120,4780000.0,Rural,1
LN2025107748,34,Male,Married,0,SENP,14,53400.0,0.0,0.0,682,Vehicle,340000.0,36,480000.0,Rural,1
LN2025100352,24,Male,Single,0,SENP,2,13700.0,0.0,0.0,739,Business,120000.0,60,0.0,Rural,0
LN2025106211,52,Male,Married,2,SENP,29,128800.0,0.0,24000.0,655,Vehicle,740000.0,60,810000.0,Semi-Urban,0
LN2025105145,49,Male,Married,0,SENP,22,510200.0,0.0,53800.0,629,Business,2320000.0,36,6450000.0,Urban,0
LN2025100119,48,Male,Married,2,SENP,21,46200.0,29200.0,0.0,817,Business,250000.0,36,440000.0,Semi-Urban,1
LN2025103394,39,Female,Married,2,SENP,17,79500.0,0.0,0.0,739,Business,630000.0,84,0.0,Urban,1
LN2025103029,29,Male,Married,2,Salaried,9,54500.0,0.0,0.0,746,Vehicle,230000.0,48,270000.0,Urban,1
LN2025106033,35,Male,Married,1,Salaried,12,61300.0,0.0,17900.0,765,Home,1490000.0,240,2500000.0,Semi-Urban,1
LN2025101914,38,Male,Married,3,Salaried,15,88900.0,0.0,0.0,761,Personal,1160000.0,48,0.0,Urban,1
LN2025104604,38,Male,Married,3,Salaried,14,37900.0,0.0,15500.0,599,Vehicle,850000.0,60,1150000.0,Urban,0
LN2025109161,37,Male,Married,2,SENP,11,23600.0,36600.0,2400.0,746,Home,2110000.0,120,3380000.0,Urban,1
LN2025104990,31,Male,Single,0,Salaried,9,25400.0,0.0,0.0,687,Personal,190000.0,36,0.0,Semi-Urban,1
LN2025106622,48,Male,Single,0,SENP,26,70000.0,66600.0,24300.0,659,Business,490000.0,84,1060000.0,Urban,1
LN2025104218,31,Female,Single,0,Salaried,9,38600.0,21500.0,0.0,863,Home,2440000.0,300,3630000.0,Rural,1
LN2025105881,20,Male,Single,1,Salaried,0,12800.0,15200.0,0.0,-1,Home,760000.0,360,950000.0,Rural,0
LN2025108064,45,Male,Married,1,SEP,12,57500.0,0.0,0.0,763,Vehicle,130000.0,36,160000.0,Semi-Urban,1
LN2025100946,45,Male,Single,0,Salaried,21,70200.0,0.0,22100.0,766,Personal,330000.0,36,0.0,Urban,1
LN2025106652,36,Male,Married,2,Salaried,10,49800.0,105100.0,0.0,832,Vehicle,110000.0,12,130000.0,Semi-Urban,1
LN2025106004,45,Female,Married,3,Salaried,23,53200.0,31400.0,9600.0,685,Home,3990000.0,180,10080000.0,Urban,0
LN2025104825,45,Male,Married,1,SENP,23,416400.0,0.0,28600.0,822,Business,2080000.0,48,3480000.0,Urban,1
LN2025102291,46,Male,Married,3,SENP,25,32700.0,14900.0,3300.0,760,Business,110000.0,60,170000.0,Rural,1
LN2025101237,26,Male,Single,0,Salaried,0,50300.0,0.0,0.0,723,Home,2100000.0,240,3620000.0,Semi-Urban,0
LN2025108747,53,Male,Married,2,SENP,29,42500.0,23700.0,0.0,702,Home,2870000.0,120,3500000.0,Urban,0
LN2025101479,34,Female,Married,3,Salaried,9,67700.0,0.0,4900.0,755,Home,3530000.0,240,4370000.0,Urban,0
LN2025105775,25,Female,Single,1,Salaried,1,37400.0,0.0,0.0,896,Home,1190000.0,360,1660000.0,Urban,1
LN2025102134,41,Male,Married,2,Salaried,19,65500.0,0.0,0.0,766,Vehicle,1110000.0,60,1120000.0,Urban,1
LN2025105494,42,Female,Married,2,Salaried,20,23400.0,0.0,0.0,709,Vehicle,110000.0,36,150000.0,Rural,0
LN2025103609,28,Female,Married,2,Salaried,2,12200.0,31300.0,0.0,733,Home,3170000.0,180,4850000.0,Semi-Urban,0
LN2025100375,36,Female,Married,2,SEP,10,102300.0,50300.0,8600.0,652,Home,7450000.0,300,13720000.0,Urban,0
LN2025107184,34,Male,Married,3,Salaried,12,50800.0,0.0,20300.0,714,Personal,790000.0,36,0.0,Rural,0
LN2025106150,44,Male,Single,0,SENP,17,51600.0,0.0,6200.0,635,Business,320000.0,36,530000.0,Semi-Urban,0
LN2025100109,53,Male,Married,2,SEP,24,84100.0,46200.0,0.0,-1,Home,3180000.0,120,5270000.0,Semi-Urban,1
LN2025107134,31,Male,Married,2,Salaried,10,100900.0,32500.0,0.0,726,Vehicle,550000.0,84,580000.0,Urban,1
LN2025101699,20,Male,Single,0,Salaried,0,33700.0,0.0,0.0,720,Vehicle,550000.0,36,570000.0,Urban,0
LN2025102926,42,Male,Married,1,SEP,13,44800.0,0.0,0.0,692,Vehicle,1220000.0,60,1630000.0,Semi-Urban,0
LN2025108751,65,Male,Married,1,SENP,44,85000.0,59300.0,0.0,662,Home,4120000.0,180,5470000.0,Urban,0
LN2025101665,41,Male,Married,2,SENP,21,114100.0,25500.0,0.0,860,Home,9110000.0,240,12080000.0,Semi-Urban,0
LN2025104711,35,Male,Married,1,Salaried,11,49000.0,0.0,0.0,804,Personal,250000.0,36,0.0,Urban,1
LN2025106034,34,Male,Married,1,Salaried,9,54500.0,0.0,21500.0,723,Personal,290000.0,48,0.0,Urban,0
LN2025100657,35,Male,Married,2,Salaried,13,50200.0,0.0,13700.0,805,Home,1590000.0,360,1950000.0,Semi-Urban,0
LN2025109290,51,Female,Unknown,2,SEP,24,197600.0,10400.0,0.0,739,Vehicle,3510000.0,48,4060000.0,Semi-Urban,1
LN2025105134,49,Male,Single,0,SEP,21,486300.0,0.0,0.0,731,Home,19340000.0,180,21680000.0,Semi-Urban,0
LN2025102259,40,Male,Married,3,Salaried,18,60300.0,0.0,0.0,699,Home,5120000.0,180,6690000.0,Semi-Urban,0
LN2025108400,32,Male,Married,3,SEP,2,129900.0,0.0,49500.0,679,Vehicle,690000.0,36,880000.0,Semi-Urban,1
LN2025100967,44,Female,Married,3,SENP,18,98100.0,0.0,14700.0,736,Vehicle,100000.0,24,140000.0,Urban,1
LN2025105554,35,Female,Married,1,Salaried,12,56100.0,0.0,5500.0,789,Vehicle,510000.0,60,660000.0,Urban,1
LN2025106978,46,Male,Unknown,2,Salaried,24,294600.0,0.0,40500.0,706,Personal,1390000.0,12,0.0,Urban,1
LN2025109486,37,Male,Married,1,Salaried,15,41900.0,53700.0,0.0,714,Home,3250000.0,180,4080000.0,Semi-Urban,1
LN2025103286,47,Male,Married,1,SENP,17,154000.0,0.0,21100.0,820,Business,2090000.0,84,0.0,Semi-Urban,1
LN2025103502,45,Male,Married,1,SENP,16,119900.0,174400.0,0.0,864,Vehicle,100000.0,36,110000.0,Urban,1
LN2025103617,46,Male,Married,2,Salaried,25,53700.0,0.0,0.0,730,Personal,320000.0,24,0.0,Semi-Urban,1
LN2025103467,30,Male,Married,1,Salaried,9,33700.0,0.0,0.0,769,Personal,300000.0,36,0.0,Rural,1
LN2025102462,26,Male,Single,0,Salaried,8,40500.0,0.0,0.0,800,Business,210000.0,24,580000.0,Urban,1
LN2025106177,46,Male,Married,2,Salaried,23,45900.0,17000.0,4600.0,712,Vehicle,740000.0,84,1010000.0,Semi-Urban,1
LN2025102927,30,Female,Single,0,SEP,1,40600.0,0.0,0.0,-1,Personal,980000.0,36,0.0,Urban,0
LN2025103810,39,Female,Married,2,SENP,14,40600.0,45100.0,6600.0,711,Business,380000.0,24,0.0,Urban,1
LN2025107590,32,Male,Married,3,Salaried,6,49000.0,0.0,6900.0,770,Personal,370000.0,60,0.0,Urban,1
LN2025103615,42,Male,Married,3,SEP,12,277600.0,0.0,64200.0,624,Personal,1930000.0,48,0.0,Urban,0
LN2025103232,24,Male,Married,3,Salaried,0,14800.0,35500.0,12200.0,751,Home,1130000.0,180,1900000.0,Semi-Urban,0
LN2025108390,29,Male,Married,2,Salaried,7,50500.0,26100.0,0.0,783,Vehicle,1730000.0,48,2070000.0,Urban,0
LN2025107752,42,Male,Unknown,3,SEP,16,131200.0,37100.0,88900.0,876,Business,750000.0,60,0.0,Semi-Urban,1
LN2025107567,21,Male,Single,1,Salaried,0,18100.0,0.0,0.0,-1,Personal,220000.0,48,0.0,Urban,0
LN2025101953,47,Male,Married,2,Salaried,25,82500.0,0.0,0.0,781,Personal,650000.0,48,0.0,Semi-Urban,1
LN2025100148,32,Male,Married,0,SEP,6,193200.0,67800.0,0.0,721,Business,910000.0,120,1270000.0,Urban,1
LN2025104582,30,Male,Single,0,Salaried,8,54800.0,0.0,0.0,820,Personal,370000.0,12,0.0,Urban,0
LN2025101315,27,Female,Single,0,SEP,0,67700.0,0.0,0.0,764,Business,310000.0,36,0.0,Urban,0
LN2025103954,39,Male,Married,2,SEP,10,139300.0,0.0,0.0,770,Vehicle,2110000.0,48,2480000.0,Urban,1
LN2025104038,24,Male,Single,0,Salaried,1,22500.0,0.0,0.0,-1,Personal,200000.0,36,0.0,Rural,0
LN2025102399,40,Male,Married,2,Salaried,16,60300.0,0.0,16100.0,650,Personal,280000.0,12,0.0,Urban,0
LN2025102911,30,Male,Married,3,Salaried,7,46200.0,0.0,0.0,731,Vehicle,1030000.0,48,1230000.0,Urban,0
LN2025104007,46,Male,Married,2,SEP,19,40500.0,85700.0,0.0,900,Business,620000.0,24,0.0,Semi-Urban,1
LN2025104127,35,Female,Married,3,Salaried,10,64300.0,0.0,20000.0,597,Vehicle,150000.0,24,180000.0,Urban,0
LN2025105200,36,Male,Married,1,Salaried,16,66800.0,0.0,0.0,-1,Vehicle,750000.0,60,810000.0,Urban,0
LN2025106308,40,Male,Single,1,Salaried,16,60700.0,0.0,10900.0,797,Home,2350000.0,240,3330000.0,Urban,1
LN2025105332,51,Male,Single,0,Salaried,27,47000.0,0.0,6900.0,798,Vehicle,280000.0,60,300000.0,Urban,1
LN2025101405,20,Male,Single,0,Salaried,0,19000.0,59200.0,7100.0,-1,Home,3370000.0,360,4710000.0,Semi-Urban,0
LN2025101395,41,Male,Married,1,Salaried,18,80800.0,0.0,0.0,746,Personal,390000.0,24,0.0,Semi-Urban,1
LN2025109139,39,Male,Married,1,Salaried,18,46100.0,59200.0,10300.0,670,Home,2420000.0,240,3430000.0,Urban,1
LN2025108643,42,Female,Single,1,Salaried,18,27700.0,0.0,10400.0,781,Home,600000.0,180,1020000.0,Semi-Urban,0
LN2025106557,32,Male,Married,0,SEP,4,158100.0,0.0,0.0,697,Business,390000.0,24,830000.0,Urban,1
LN2025106382,49,Female,Married,1,SENP,24,383700.0,40300.0,38500.0,798,Business,2640000.0,60,0.0,Urban,1
LN2025101003,27,Female,Single,0,Salaried,6,42500.0,0.0,0.0,736,Vehicle,240000.0,36,290000.0,Semi-Urban,1
LN2025107634,37,Female,Married,1,Salaried,14,65500.0,0.0,7900.0,702,Personal,450000.0,12,0.0,Rural,1
LN2025107837,60,Male,Married,3,SENP,40,41800.0,27100.0,14400.0,756,Home,1370000.0,240,1710000.0,Semi-Urban,0
LN2025101196,33,Male,Married,0,SEP,4,76400.0,0.0,0.0,848,Vehicle,1530000.0,36,2080000.0,Urban,0
LN2025107458,29,Female,Married,1,SENP,4,15200.0,0.0,0.0,779,Business,110000.0,24,240000.0,Rural,1
LN2025100192,49,Male,Married,3,Salaried,26,43300.0,0.0,0.0,-1,Personal,330000.0,36,0.0,Rural,0
LN2025105388,41,Male,Married,1,Salaried,17,90700.0,0.0,22800.0,804,Personal,2120000.0,60,0.0,Rural,0
LN2025103748,53,Female,Married,1,SENP,24,54800.0,0.0,0.0,795,Home,1700000.0,120,2700000.0,Semi-Urban,1
LN2025100124,27,Male,Married,0,Salaried,6,59600.0,0.0,0.0,733,Personal,120000.0,60,0.0,Urban,1
LN2025107094,43,Male,Married,0,Salaried,19,53200.0,0.0,3700.0,797,Vehicle,480000.0,48,640000.0,Urban,1
LN2025101543,33,Male,Married,3,Salaried,10,44800.0,17700.0,0.0,643,Home,4830000.0,180,7140000.0,Rural,0
LN2025108101,43,Male,Married,3,SENP,19,62600.0,0.0,0.0,730,Business,470000.0,12,690000.0,Rural,0
LN2025103961,40,Female,Single,0,SENP,19,62500.0,0.0,0.0,718,Vehicle,430000.0,48,440000.0,Semi-Urban,1
LN2025105953,32,Male,Married,2,SEP,3,30900.0,0.0,0.0,759,Vehicle,280000.0,48,360000.0,Rural,1
LN2025101268,28,Female,Married,2,Salaried,2,30600.0,0.0,1400.0,818,Personal,190000.0,24,0.0,Urban,1
LN2025100944,39,Male,Married,1,Salaried,18,112600.0,0.0,0.0,694,Personal,780000.0,60,0.0,Urban,1
LN2025102451,37,Male,Single,2,Salaried,13,29200.0,0.0,1100.0,-1,Vehicle,270000.0,60,320000.0,Semi-Urban,0
LN2025101977,29,Male,Single,1,SEP,0,263200.0,0.0,42000.0,748,Vehicle,4000000.0,60,5290000.0,Semi-Urban,0
LN2025108229,42,Male,Married,1,Salaried,12,63100.0,40600.0,27100.0,706,Vehicle,850000.0,84,870000.0,Semi-Urban,0
LN2025101742,50,Female,Married,2,SEP,21,18500.0,0.0,0.0,734,Home,1090000.0,180,1530000.0,Semi-Urban,0
LN2025103556,35,Female,Married,3,Salaried,11,19400.0,0.0,1700.0,726,Personal,370000.0,48,0.0,Rural,0
LN2025109394,41,Unknown,Unknown,3,SENP,17,132400.0,0.0,0.0,702,Business,620000.0,12,0.0,Semi-Urban,1
LN2025104620,34,Male,Single,2,SENP,8,12900.0,0.0,0.0,645,Business,100000.0,36,150000.0,Rural,0
LN2025101834,27,Female,Single,0,Salaried,1,25300.0,0.0,0.0,811,Personal,260000.0,36,0.0,Semi-Urban,1
LN2025107889,37,Male,Married,2,SENP,14,44500.0,0.0,6100.0,804,Vehicle,1480000.0,48,1800000.0,Semi-Urban,0
LN2025103355,34,Male,Married,2,Salaried,10,108100.0,34800.0,27900.0,775,Personal,1380000.0,12,0.0,Urban,0
LN2025109669,36,Male,Single,2,Salaried,11,29200.0,0.0,0.0,739,Vehicle,130000.0,24,130000.0,Semi-Urban,1
LN2025107876,37,Male,Single,0,Salaried,15,46000.0,0.0,0.0,694,Personal,750000.0,60,0.0,Urban,1
LN2025101840,36,Male,Married,3,Salaried,11,54200.0,37300.0,0.0,699,Personal,360000.0,48,0.0,Semi-Urban,1
LN2025107169,40,Male,Married,3,Salaried,19,95700.0,22900.0,0.0,721,Home,5810000.0,240,8510000.0,Urban,1
LN2025105551,36,Male,Single,0,Salaried,14,38100.0,0.0,6800.0,725,Vehicle,250000.0,60,340000.0,Urban,1
LN2025108552,24,Unknown,Married,1,SEP,0,65900.0,0.0,0.0,-1,Business,240000.0,84,440000.0,Rural,0
LN2025101640,24,Female,Married,0,SEP,0,170800.0,0.0,31800.0,741,Home,9470000.0,120,15000000.0,Urban,0
LN2025107379,36,Male,Married,3,SEP,7,74600.0,0.0,22900.0,665,Vehicle,710000.0,60,840000.0,Rural,0
LN2025101831,55,Male,Married,2,SENP,29,101200.0,27900.0,29700.0,617,Personal,1060000.0,12,0.0,Rural,0
LN2025101482,41,Male,Married,3,Salaried,16,64300.0,0.0,0.0,717,Personal,360000.0,24,0.0,Urban,1
LN2025101788,24,Male,Single,0,SEP,0,76500.0,0.0,0.0,754,Business,1270000.0,48,0.0,Rural,0
LN2025104770,48,Male,Married,0,SEP,21,87800.0,0.0,0.0,561,Home,2120000.0,180,3820000.0,Semi-Urban,0
LN2025105346,42,Male,Married,2,Salaried,19,20500.0,0.0,0.0,720,Personal,130000.0,60,0.0,Urban,1
LN2025102232,40,Male,Married,0,Salaried,15,75700.0,69700.0,0.0,742,Vehicle,930000.0,36,1030000.0,Urban,1
LN2025109649,38,Male,Married,3,Salaried,13,46100.0,0.0,16500.0,690,Personal,210000.0,36,0.0,Rural,0
LN2025100138,26,Male,Single,0,SENP,0,46400.0,0.0,9700.0,769,Business,330000.0,12,490000.0,Semi-Urban,0
LN2025102035,33,Male,Married,2,Salaried,12,32000.0,0.0,0.0,-1,Personal,210000.0,36,0.0,Rural,1
LN2025104321,35,Male,Married,3,Salaried,13,48100.0,45500.0,3000.0,521,Home,3800000.0,300,5090000.0,Urban,0
LN2025100302,55,Male,Divorced,0,SEP,28,168100.0,21400.0,52200.0,874,Home,8820000.0,120,13370000.0,Semi-Urban,0
LN2025101700,24,Male,Single,2,Salaried,3,44100.0,45700.0,0.0,773,Home,4250000.0,240,5110000.0,Urban,0
LN2025103219,36,Male,Married,2,SENP,11,116700.0,42700.0,5900.0,803,Home,7910000.0,240,11060000.0,Urban,1
LN2025100908,22,Female,Married,3,Salaried,0,27700.0,0.0,0.0,-1,Personal,370000.0,60,0.0,Semi-Urban,0
LN2025103227,32,Male,Married,3,Salaried,6,33000.0,74300.0,0.0,777,Home,6690000.0,300,8830000.0,Urban,1
LN2025103765,30,Male,Married,2,Salaried,12,37300.0,0.0,9600.0,579,Personal,270000.0,60,0.0,Urban,0
LN2025106344,34,Male,Married,2,SEP,4,27500.0,45300.0,12100.0,721,Home,1770000.0,360,3190000.0,Semi-Urban,1
LN2025103382,42,Male,Married,3,Salaried,20,159400.0,35400.0,0.0,771,Home,4760000.0,240,6550000.0,Semi-Urban,0
LN2025108622,26,Female,Single,0,Salaried,8,75800.0,0.0,14800.0,834,Personal,840000.0,24,0.0,Urban,0
LN2025102113,47,Male,Married,2,Salaried,25,45600.0,29500.0,0.0,745,Home,1780000.0,120,2080000.0,Rural,1
LN2025104985,49,Male,Married,1,SEP,18,102200.0,33900.0,0.0,635,Home,5100000.0,180,5810000.0,Rural,0
LN2025103569,33,Male,Married,1,Salaried,13,49600.0,0.0,7300.0,564,Personal,250000.0,60,0.0,Semi-Urban,0
LN2025109628,39,Female,Married,1,SEP,10,52600.0,0.0,0.0,623,Home,1320000.0,240,1920000.0,Rural,0
LN2025108754,46,Female,Married,1,SENP,17,131300.0,25400.0,19200.0,723,Home,3600000.0,120,5270000.0,Semi-Urban,1
LN2025100492,45,Male,Single,0,SENP,23,80400.0,0.0,0.0,803,Vehicle,570000.0,84,660000.0,Semi-Urban,1
LN2025101512,23,Male,Single,0,SENP,0,100400.0,67600.0,30600.0,766,Vehicle,1570000.0,60,1970000.0,Urban,0
LN2025108523,27,Female,Single,0,Salaried,5,30600.0,68600.0,0.0,718,Home,3570000.0,240,4320000.0,Urban,0
LN2025106351,42,Transgender,Married,2,Salaried,18,29800.0,0.0,0.0,760,Personal,200000.0,60,0.0,Semi-Urban,1
LN2025105598,39,Male,Married,3,Salaried,16,37700.0,63500.0,0.0,607,Vehicle,770000.0,36,990000.0,Urban,0
LN2025107265,34,Female,Single,1,Salaried,12,40300.0,0.0,8100.0,739,Home,970000.0,240,1270000.0,Urban,1
LN2025105744,21,Female,Single,0,SENP,0,46000.0,0.0,0.0,-1,Vehicle,690000.0,48,810000.0,Semi-Urban,0
LN2025104097,42,Male,Married,2,SEP,14,111600.0,33800.0,0.0,853,Business,690000.0,60,1160000.0,Urban,1
LN2025109049,45,Male,Married,3,Salaried,20,45800.0,0.0,20400.0,769,Personal,170000.0,24,0.0,Rural,0
LN2025108019,55,Male,Married,1,SEP,29,187500.0,64400.0,0.0,760,Business,1380000.0,24,0.0,Urban,1
LN2025101092,41,Female,Married,2,Salaried,18,120900.0,0.0,0.0,712,Personal,1200000.0,24,0.0,Semi-Urban,0
LN2025100990,35,Male,Single,0,SEP,5,144200.0,66600.0,0.0,790,Business,1350000.0,36,2400000.0,Urban,1
LN2025103858,42,Male,Married,3,Salaried,21,28700.0,0.0,0.0,791,Personal,170000.0,60,0.0,Rural,1
LN2025105343,32,Male,Married,2,Salaried,10,33300.0,21500.0,8200.0,795,Home,3730000.0,300,4870000.0,Semi-Urban,0
LN2025100313,42,Female,Married,1,Salaried,17,42400.0,23200.0,8800.0,636,Home,3360000.0,180,4960000.0,Semi-Urban,0
LN2025104004,28,Male,Single,0,Salaried,4,27500.0,61000.0,0.0,709,Home,2320000.0,240,2970000.0,Urban,1
LN2025105628,39,Female,Married,3,Salaried,14,44000.0,0.0,4400.0,751,Personal,320000.0,36,0.0,Urban,1
LN2025101240,24,Female,Single,1,Salaried,3,104600.0,0.0,0.0,714,Vehicle,1490000.0,48,2110000.0,Urban,1
LN2025100424,38,Female,Married,1,Salaried,15,29900.0,20700.0,400.0,739,Home,1030000.0,240,1470000.0,Rural,1
LN2025100542,39,Female,Married,3,Salaried,17,65000.0,0.0,0.0,676,Personal,500000.0,60,0.0,Urban,1
LN2025104775,41,Male,Married,3,SEP,15,103300.0,23600.0,0.0,773,Vehicle,620000.0,60,630000.0,Urban,1
LN2025105027,26,Male,Single,0,SENP,0,46800.0,0.0,0.0,683,Home,1460000.0,300,2780000.0,Urban,0
LN2025105198,43,Male,Married,3,SEP,14,39200.0,0.0,13000.0,834,Business,270000.0,60,0.0,Semi-Urban,1
LN2025105047,28,Female,Single,3,Salaried,7,48200.0,0.0,0.0,721,Vehicle,730000.0,60,820000.0,Semi-Urban,1
LN2025101029,37,Male,Married,2,Salaried,14,15400.0,20300.0,19800.0,697,Home,1290000.0,240,2400000.0,Rural,0
LN2025109751,20,Male,Single,0,Salaried,0,12500.0,0.0,0.0,688,Home,500000.0,240,670000.0,Semi-Urban,0
LN2025109020,25,Male,Single,1,Salaried,0,36700.0,0.0,7300.0,701,Vehicle,680000.0,36,960000.0,Urban,0
LN2025109858,36,Male,Married,0,Salaried,14,34500.0,0.0,7700.0,743,Vehicle,100000.0,24,110000.0,Urban,1
LN2025102058,27,Male,Married,2,Salaried,3,13800.0,0.0,0.0,773,Personal,150000.0,60,0.0,Rural,0
LN2025109681,31,Male,Married,2,Salaried,9,26900.0,0.0,10400.0,721,Vehicle,300000.0,36,410000.0,Urban,0
LN2025105167,48,Male,Married,2,SEP,17,46500.0,11500.0,0.0,668,Vehicle,470000.0,48,590000.0,Rural,1
LN2025102345,34,Female,Married,0,Salaried,9,39500.0,0.0,4200.0,621,Vehicle,770000.0,60,940000.0,Semi-Urban,0
LN2025105097,48,Male,Married,2,SENP,21,45400.0,0.0,0.0,699,Personal,230000.0,36,0.0,Rural,0
LN2025103869,29,Unknown,Married,2,Salaried,3,18700.0,0.0,0.0,795,Vehicle,80000.0,36,110000.0,Semi-Urban,0
LN2025102785,26,Male,Married,1,Salaried,5,37300.0,64600.0,0.0,713,Home,3060000.0,240,3740000.0,Rural,0
LN2025109445,39,Male,Single,1,Salaried,18,58100.0,60100.0,0.0,672,Home,4940000.0,240,9730000.0,Rural,1
LN2025103066,46,Female,Married,3,SENP,17,27400.0,19600.0,0.0,740,Personal,440000.0,36,0.0,Rural,0
LN2025103804,31,Female,Married,1,Salaried,8,79500.0,39700.0,0.0,796,Home,4470000.0,300,6650000.0,Urban,1
LN2025100770,33,Male,Married,1,Salaried,7,33000.0,0.0,0.0,769,Personal,240000.0,60,0.0,Urban,1
LN2025103417,51,Female,Married,2,SENP,24,77100.0,0.0,22900.0,651,Business,530000.0,48,1120000.0,Urban,1
LN2025100220,40,Male,Married,1,Salaried,16,55200.0,0.0,0.0,734,Personal,560000.0,24,0.0,Semi-Urban,1
LN2025109850,42,Male,Married,3,Salaried,21,22800.0,0.0,900.0,834,Personal,340000.0,60,0.0,Rural,1
LN2025103864,42,Male,Married,2,Salaried,21,68700.0,0.0,0.0,771,Vehicle,750000.0,36,920000.0,Semi-Urban,1
LN2025102956,33,Female,Married,2,Salaried,8,108100.0,0.0,0.0,738,Personal,430000.0,60,0.0,Urban,1
LN2025108067,29,Female,Single,2,Salaried,6,36200.0,0.0,0.0,-1,Personal,140000.0,60,0.0,Semi-Urban,0
LN2025106273,25,Male,Single,0,Salaried,2,26600.0,0.0,0.0,787,Home,1040000.0,240,1720000.0,Rural,1
LN2025107479,35,Male,Married,0,Salaried,13,25300.0,0.0,0.0,707,Personal,160000.0,12,0.0,Semi-Urban,0
LN2025109024,35,Male,Married,3,SEP,7,45400.0,0.0,0.0,783,Personal,500000.0,36,0.0,Urban,1
LN2025109163,57,Male,Unknown,1,SENP,30,185500.0,0.0,0.0,757,Business,1730000.0,24,3070000.0,Urban,1
LN2025107070,44,Male,Married,0,Salaried,22,102200.0,0.0,0.0,718,Business,610000.0,48,1050000.0,Urban,1
LN2025102114,35,Female,Married,3,Salaried,13,21200.0,14000.0,0.0,-1,Home,1840000.0,240,2640000.0,Rural,1
LN2025109064,34,Male,Married,0,SENP,9,29400.0,0.0,0.0,802,Personal,140000.0,36,0.0,Urban,1
LN2025105203,41,Male,Married,2,SEP,12,138100.0,0.0,0.0,639,Personal,950000.0,36,0.0,Semi-Urban,0
LN2025103037,36,Female,Married,0,SEP,9,52400.0,0.0,16800.0,870,Vehicle,420000.0,48,480000.0,Semi-Urban,1
LN2025104892,34,Male,Married,3,Salaried,8,35500.0,29800.0,0.0,732,Home,5200000.0,120,7860000.0,Semi-Urban,0
LN2025105058,25,Male,Single,0,Salaried,1,13800.0,0.0,3100.0,701,Home,600000.0,180,710000.0,Rural,0
LN2025103329,41,Male,Married,3,Salaried,18,70700.0,57000.0,19100.0,747,Home,2805000.0,180,2870000.0,Urban,1
LN2025101138,43,Unknown,Single,0,SENP,23,311200.0,0.0,42400.0,730,Business,3870000.0,48,0.0,Semi-Urban,1
LN2025101688,28,Female,Single,0,Salaried,2,24500.0,0.0,0.0,692,Home,1110000.0,120,1670000.0,Semi-Urban,0
LN2025107108,44,Male,Married,3,SEP,18,292700.0,0.0,10900.0,798,Personal,1900000.0,48,0.0,Urban,1
LN2025100435,26,Female,Married,2,SEP,0,42500.0,0.0,0.0,-1,Personal,230000.0,24,0.0,Semi-Urban,0
LN2025100417,38,Male,Married,2,Salaried,17,65900.0,0.0,0.0,754,Personal,220000.0,48,0.0,Semi-Urban,1
LN2025104275,29,Male,Single,0,Salaried,9,51400.0,0.0,5700.0,835,Personal,100000.0,36,0.0,Urban,1
LN2025106568,31,Male,Married,2,Salaried,7,98800.0,0.0,12200.0,712,Personal,720000.0,36,0.0,Urban,1
LN2025107172,39,Male,Married,3,SENP,17,102400.0,56500.0,0.0,733,Home,6620000.0,300,11060000.0,Semi-Urban,1
LN2025100533,48,Male,Married,1,SENP,22,90400.0,0.0,0.0,656,Home,3800000.0,120,5870000.0,Urban,0
LN2025104524,33,Female,Married,2,Salaried,9,30400.0,86000.0,22900.0,662,Home,4350000.0,300,6070000.0,Urban,1
LN2025106868,32,Male,Single,0,Salaried,10,40800.0,0.0,9000.0,726,Personal,210000.0,36,0.0,Urban,1
LN2025109627,36,Female,Single,3,SENP,15,68300.0,94600.0,0.0,-1,Business,1650000.0,84,0.0,Semi-Urban,0
LN2025107684,39,Male,Married,0,Salaried,17,127700.0,0.0,33900.0,755,Vehicle,1800000.0,60,2060000.0,Urban,0
LN2025102198,37,Female,Married,1,Salaried,13,60800.0,0.0,3900.0,579,Home,1630000.0,240,1930000.0,Semi-Urban,0
LN2025102630,31,Female,Single,0,SENP,9,31400.0,0.0,0.0,620,Business,210000.0,36,0.0,Urban,0
LN2025107487,36,Male,Married,3,Salaried,13,38400.0,13100.0,0.0,763,Home,1970000.0,180,2930000.0,Urban,1
LN2025105199,37,Male,Married,3,SENP,17,90000.0,28700.0,0.0,-1,Home,3660000.0,300,7450000.0,Urban,1
LN2025106241,28,Female,Married,2,Salaried,8,28300.0,0.0,0.0,679,Personal,370000.0,36,0.0,Urban,0
LN2025108414,41,Female,Married,2,SEP,15,23600.0,0.0,0.0,608,Personal,300000.0,24,0.0,Semi-Urban,0
LN2025104855,32,Male,Married,3,Salaried,8,32300.0,0.0,0.0,732,Vehicle,240000.0,60,280000.0,Urban,1
LN2025101957,51,Male,Married,1,SENP,30,226000.0,21900.0,0.0,764,Home,12010000.0,120,34310000.0,Semi-Urban,1
LN2025100434,25,Female,Single,1,Salaried,0,49100.0,0.0,0.0,767,Vehicle,720000.0,60,790000.0,Urban,0
LN2025108326,39,Male,Married,1,Salaried,18,123900.0,34900.0,74000.0,766,Home,3190000.0,240,4660000.0,Urban,1
LN2025101562,36,Female,Single,1,SEP,7,61700.0,0.0,10700.0,622,Vehicle,470000.0,36,590000.0,Urban,0
LN2025106373,32,Female,Single,0,Salaried,10,42300.0,0.0,11000.0,670,Personal,690000.0,60,0.0,Rural,0
LN2025107037,26,Female,Married,3,Salaried,0,43800.0,55000.0,0.0,747,Home,5500000.0,360,8720000.0,Urban,0
LN2025102010,45,Male,Married,1,SENP,25,244900.0,0.0,60300.0,763,Business,2220000.0,60,0.0,Urban,1
LN2025103538,48,Male,Divorced,0,Salaried,26,58300.0,0.0,3300.0,682,Vehicle,450000.0,48,610000.0,Urban,1
LN2025100389,43,Female,Single,0,Salaried,19,163800.0,0.0,0.0,592,Personal,1720000.0,36,0.0,Urban,0
LN2025101950,35,Female,Married,1,Salaried,13,53400.0,0.0,0.0,777,Personal,1180000.0,36,0.0,Urban,0
LN2025107122,38,Male,Married,2,Salaried,16,54700.0,68200.0,0.0,739,Home,2570000.0,240,4070000.0,Urban,1
LN2025105176,30,Male,Married,2,Salaried,7,30700.0,0.0,0.0,768,Personal,330000.0,36,0.0,Urban,1
LN2025106136,38,Female,Married,3,Salaried,15,53700.0,0.0,7400.0,682,Vehicle,570000.0,60,710000.0,Semi-Urban,1
LN2025101067,53,Male,Married,3,SEP,27,594300.0,0.0,0.0,786,Vehicle,3100000.0,48,3350000.0,Urban,1
LN2025101008,59,Male,Married,0,SEP,28,124600.0,0.0,23900.0,734,Personal,1140000.0,36,0.0,Urban,1
LN2025104088,48,Male,Married,1,SENP,20,180500.0,48300.0,0.0,750,Business,3060000.0,60,4110000.0,Urban,1
LN2025107994,45,Female,Married,0,Salaried,21,73500.0,0.0,0.0,822,Home,1670000.0,180,2610000.0,Semi-Urban,1
LN2025108989,24,Female,Single,0,Salaried,0,46500.0,0.0,4700.0,-1,Home,1260000.0,240,2530000.0,Urban,0
LN2025107065,53,Female,Divorced,0,Salaried,32,26300.0,0.0,0.0,826,Personal,190000.0,36,0.0,Rural,1
LN2025107274,38,Male,Married,1,Salaried,16,68100.0,43800.0,0.0,799,Home,2980000.0,240,5350000.0,Semi-Urban,1
LN2025101049,38,Male,Married,0,SENP,11,62200.0,20000.0,400.0,760,Business,720000.0,60,0.0,Rural,1
LN2025100568,39,Male,Married,3,Salaried,18,188500.0,0.0,0.0,723,Personal,960000.0,36,0.0,Urban,1
LN2025108417,46,Male,Married,0,SENP,23,34300.0,0.0,0.0,767,Business,270000.0,12,410000.0,Semi-Urban,0
LN2025105785,35,Male,Married,0,Salaried,14,22300.0,0.0,0.0,691,Home,1260000.0,240,1370000.0,Urban,0
LN2025104806,30,Male,Married,0,Salaried,9,47200.0,0.0,0.0,685,Personal,190000.0,24,0.0,Urban,1
LN2025104862,44,Male,Married,2,SENP,24,46400.0,18500.0,0.0,732,Business,640000.0,60,920000.0,Rural,1
LN2025102072,48,Male,Married,1,SEP,21,503200.0,77200.0,0.0,900,Vehicle,4000000.0,60,4130000.0,Urban,1
LN2025104886,39,Male,Married,1,SEP,8,276900.0,49600.0,77100.0,773,Home,8050000.0,180,18650000.0,Semi-Urban,1
LN2025107080,41,Female,Married,3,Salaried,20,49600.0,87200.0,0.0,784,Home,5800000.0,180,8100000.0,Urban,1
LN2025109814,34,Male,Married,1,Salaried,10,46100.0,0.0,0.0,749,Home,1160000.0,300,1750000.0,Urban,1
LN2025104826,41,Male,Married,0,Salaried,18,81400.0,0.0,0.0,744,Personal,700000.0,60,0.0,Urban,1
LN2025108870,59,Male,Married,2,SENP,37,76000.0,0.0,0.0,799,Personal,760000.0,24,0.0,Semi-Urban,1
LN2025107860,22,Female,Single,0,Salaried,0,81700.0,0.0,0.0,771,Personal,480000.0,24,0.0,Urban,0
LN2025109791,45,Male,Married,3,SEP,17,146200.0,36900.0,28900.0,789,Business,1300000.0,84,0.0,Rural,1
LN2025105180,42,Male,Unknown,3,Salaried,18,68600.0,40800.0,9700.0,719,Home,4760000.0,240,9450000.0,Urban,0
LN2025104721,29,Unknown,Married,1,SEP,2,87300.0,57600.0,0.0,712,Home,9080000.0,180,10750000.0,Rural,0
LN2025100847,23,Male,Single,0,Salaried,0,15800.0,39900.0,0.0,-1,Personal,230000.0,60,0.0,Rural,0
LN2025105645,46,Female,Married,3,SENP,22,111700.0,25300.0,0.0,741,Business,710000.0,36,0.0,Semi-Urban,1
LN2025101297,34,Female,Single,1,Salaried,10,73000.0,0.0,0.0,773,Vehicle,1480000.0,48,1990000.0,Semi-Urban,0
LN2025100867,23,Female,Married,3,Salaried,0,35700.0,0.0,0.0,759,Home,1460000.0,360,2830000.0,Semi-Urban,0
LN2025101105,47,Female,Married,1,SENP,25,111500.0,108000.0,0.0,644,Business,430000.0,48,0.0,Urban,0
LN2025104379,44,Male,Married,3,SENP,22,56600.0,0.0,0.0,852,Business,330000.0,48,0.0,Urban,1
LN2025104774,37,Male,Married,1,Salaried,12,62100.0,0.0,0.0,814,Home,3850000.0,180,5730000.0,Semi-Urban,0
LN2025101726,33,Male,Married,2,Salaried,9,56300.0,25500.0,0.0,796,Home,1900000.0,240,3600000.0,Urban,1
LN2025102761,43,Male,Married,2,SEP,15,224100.0,0.0,25300.0,620,Vehicle,2450000.0,60,2480000.0,Semi-Urban,0
LN2025100266,36,Female,Single,1,SENP,11,25700.0,0.0,0.0,734,Business,270000.0,24,580000.0,Urban,1
LN2025106329,36,Male,Single,0,SENP,13,282700.0,0.0,0.0,756,Business,3130000.0,60,0.0,Semi-Urban,1
LN2025101234,43,Male,Single,0,SEP,14,259700.0,0.0,0.0,806,Business,2230000.0,24,0.0,Urban,1
LN2025109044,51,Male,Married,2,SENP,23,361700.0,0.0,84400.0,714,Business,4580000.0,48,13010000.0,Urban,1
LN2025106043,39,Male,Married,2,SEP,10,55900.0,0.0,19400.0,735,Home,3330000.0,300,4610000.0,Urban,1
LN2025105428,30,Male,Unknown,0,Salaried,5,38200.0,0.0,0.0,811,Vehicle,600000.0,60,760000.0,Urban,1
LN2025103846,32,Male,Married,1,Salaried,9,34700.0,0.0,0.0,717,Personal,340000.0,36,0.0,Urban,1
LN2025109284,22,Male,Single,1,Salaried,0,52100.0,0.0,0.0,615,Personal,470000.0,60,0.0,Semi-Urban,0
LN2025108716,27,Male,Single,0,Salaried,4,32500.0,26300.0,0.0,787,Personal,390000.0,12,0.0,Rural,0
LN2025109592,41,Female,Divorced,0,SEP,12,76000.0,45700.0,35900.0,753,Home,3220000.0,240,4050000.0,Semi-Urban,1
LN2025108854,37,Male,Married,2,Salaried,12,42500.0,0.0,3800.0,733,Vehicle,140000.0,12,180000.0,Urban,1
LN2025103676,52,Female,Married,0,SEP,25,260300.0,0.0,0.0,626,Personal,1140000.0,36,0.0,Rural,0
LN2025108703,33,Male,Married,0,Salaried,10,52800.0,0.0,0.0,738,Vehicle,730000.0,48,760000.0,Rural,1
LN2025105078,42,Female,Married,3,SENP,15,83700.0,45800.0,12700.0,808,Business,690000.0,24,1760000.0,Urban,1
LN2025105257,31,Male,Married,0,SEP,12,97500.0,0.0,23500.0,-1,Personal,450000.0,12,0.0,Urban,0
LN2025106640,24,Male,Single,0,SEP,0,76500.0,0.0,0.0,793,Personal,910000.0,60,0.0,Semi-Urban,0
LN2025105192,43,Female,Single,0,Salaried,23,63800.0,0.0,0.0,655,Home,6100000.0,180,13170000.0,Semi-Urban,0
LN2025103546,47,Male,Married,2,Salaried,27,33800.0,0.0,8000.0,-1,Vehicle,270000.0,36,320000.0,Rural,0
LN2025105961,49,Female,Single,0,SEP,22,161400.0,0.0,38500.0,767,Personal,1380000.0,48,0.0,Urban,1
LN2025106356,41,Female,Married,0,Salaried,18,48200.0,26100.0,12500.0,724,Home,3980000.0,180,5060000.0,Semi-Urban,0
LN2025108045,33,Male,Married,0,SEP,5,178100.0,16500.0,0.0,728,Business,1070000.0,60,0.0,Urban,1
LN2025105872,26,Female,Married,2,Salaried,3,40500.0,0.0,0.0,752,Personal,110000.0,48,0.0,Urban,1
LN2025105328,30,Male,Single,0,SENP,2,62000.0,21500.0,5000.0,723,Home,3930000.0,240,7880000.0,Urban,0
LN2025108699,37,Male,Married,2,SEP,7,85700.0,35600.0,8000.0,678,Business,720000.0,84,0.0,Urban,0
LN2025108717,40,Male,Married,3,SENP,11,209300.0,0.0,0.0,728,Home,9370000.0,180,13940000.0,Urban,0
LN2025108001,30,Female,Married,0,Salaried,5,18800.0,0.0,0.0,-1,Vehicle,130000.0,36,170000.0,Urban,1
LN2025104693,49,Female,Married,3,Salaried,29,66300.0,0.0,0.0,894,Personal,620000.0,36,0.0,Semi-Urban,1
LN2025101061,35,Male,Married,2,Salaried,14,36000.0,17900.0,0.0,678,Home,2090000.0,240,3320000.0,Semi-Urban,1
LN2025108248,38,Male,Single,0,Salaried,16,84300.0,0.0,3400.0,721,Home,2150000.0,240,2920000.0,Urban,1
LN2025101884,38,Male,Married,2,SENP,8,53800.0,0.0,11900.0,689,Business,400000.0,24,560000.0,Urban,0
LN2025100031,44,Female,Married,1,Salaried,24,56400.0,0.0,0.0,731,Vehicle,670000.0,60,790000.0,Semi-Urban,1
LN2025105629,27,Male,Married,2,Salaried,2,24400.0,0.0,9000.0,636,Personal,330000.0,60,0.0,Semi-Urban,0
LN2025100688,30,Male,Single,1,Salaried,6,41800.0,74300.0,8800.0,820,Home,4690000.0,360,10260000.0,Urban,1
LN2025104602,27,Male,Single,0,Salaried,1,59200.0,0.0,0.0,862,Vehicle,50000.0,12,50000.0,Urban,1
LN2025109761,39,Female,Married,3,Salaried,14,221200.0,0.0,12700.0,691,Personal,1230000.0,24,0.0,Urban,1
LN2025103783,35,Male,Single,1,Salaried,9,160700.0,0.0,0.0,-1,Personal,1510000.0,48,0.0,Urban,1
LN2025108795,43,Male,Married,2,Salaried,19,103600.0,0.0,0.0,681,Personal,780000.0,36,0.0,Urban,1
LN2025104318,20,Male,Single,2,Salaried,0,38800.0,0.0,4100.0,752,Personal,200000.0,36,0.0,Semi-Urban,0
LN2025104403,38,Male,Married,2,Salaried,16,37100.0,0.0,0.0,703,Personal,270000.0,60,0.0,Urban,1
LN2025104654,41,Male,Single,2,SENP,17,22000.0,0.0,0.0,725,Business,120000.0,120,0.0,Rural,0
LN2025100566,41,Female,Married,0,SENP,20,86900.0,50200.0,48200.0,-1,Business,1150000.0,24,1730000.0,Urban,0
LN2025106526,36,Male,Married,2,Salaried,10,43900.0,14200.0,11000.0,653,Vehicle,140000.0,36,140000.0,Semi-Urban,0
LN2025102263,34,Male,Married,1,Salaried,14,50800.0,0.0,0.0,737,Personal,210000.0,36,0.0,Urban,1
LN2025101735,32,Female,Married,3,Salaried,8,50000.0,23900.0,5900.0,668,Vehicle,60000.0,12,90000.0,Semi-Urban,0
LN2025103743,45,Female,Unknown,2,SENP,19,40600.0,0.0,0.0,727,Home,940000.0,120,1450000.0,Semi-Urban,1
LN2025105533,48,Male,Married,2,SENP,18,66900.0,0.0,0.0,708,Home,2750000.0,180,4090000.0,Urban,1
LN2025101211,20,Male,Single,2,Salaried,0,56300.0,0.0,0.0,803,Vehicle,60000.0,12,80000.0,Semi-Urban,0
LN2025100061,28,Male,Single,0,SEP,10,52800.0,0.0,0.0,626,Vehicle,60000.0,24,90000.0,Rural,0
LN2025105858,43,Male,Married,1,Salaried,12,104500.0,18200.0,16600.0,824,Home,5980000.0,180,9040000.0,Semi-Urban,1
LN2025101798,47,Male,Married,3,Salaried,22,109900.0,26100.0,12000.0,739,Personal,820000.0,48,0.0,Urban,0
LN2025109271,41,Male,Married,3,Salaried,17,42000.0,57700.0,6900.0,549,Home,3130000.0,240,3830000.0,Semi-Urban,0
LN2025106499,35,Male,Married,1,SENP,13,51200.0,0.0,13000.0,728,Business,510000.0,24,0.0,Urban,0
LN2025104333,25,Unknown,Single,0,Salaried,2,22000.0,0.0,0.0,721,Personal,100000.0,12,0.0,Urban,1
LN2025106083,39,Male,Married,1,Salaried,12,44200.0,0.0,3100.0,693,Vehicle,430000.0,60,550000.0,Urban,0
LN2025100131,41,Male,Married,1,Salaried,17,26900.0,0.0,5100.0,678,Home,500000.0,180,840000.0,Rural,1
LN2025109415,34,Unknown,Married,1,Salaried,11,25700.0,0.0,9700.0,706,Personal,240000.0,24,0.0,Rural,0
LN2025107365,41,Male,Married,0,Salaried,19,51100.0,0.0,0.0,655,Home,2560000.0,180,2700000.0,Urban,0
LN2025104181,44,Male,Married,3,Salaried,20,37600.0,35400.0,0.0,-1,Personal,340000.0,60,0.0,Semi-Urban,1
LN2025109230,30,Female,Married,0,Salaried,8,59900.0,22200.0,0.0,813,Vehicle,960000.0,48,1050000.0,Urban,1
LN2025101421,38,Male,Married,2,SENP,15,58800.0,28900.0,20400.0,788,Vehicle,770000.0,84,910000.0,Semi-Urban,1
LN2025109101,41,Male,Married,1,SEP,15,75600.0,0.0,0.0,800,Personal,910000.0,36,0.0,Urban,1
LN2025101013,31,Female,Married,2,Salaried,5,35700.0,0.0,0.0,754,Personal,270000.0,24,0.0,Urban,1
LN2025102624,31,Male,Single,0,Salaried,6,38400.0,0.0,13000.0,783,Personal,330000.0,12,0.0,Urban,0
LN2025105383,32,Male,Married,1,Salaried,8,23100.0,0.0,2900.0,604,Personal,150000.0,12,0.0,Urban,0
LN2025106411,39,Male,Married,2,Salaried,18,32100.0,0.0,3700.0,737,Personal,190000.0,12,0.0,Rural,0
LN2025105773,24,Male,Single,0,Salaried,4,50400.0,79000.0,0.0,-1,Home,6100000.0,180,6650000.0,Urban,0
LN2025109852,44,Male,Married,3,Salaried,12,92200.0,0.0,24100.0,675,Vehicle,760000.0,84,770000.0,Urban,1
LN2025102100,53,Male,Married,0,SENP,26,134800.0,0.0,0.0,783,Business,550000.0,60,0.0,Urban,1
LN2025104243,37,Male,Married,3,Salaried,12,45000.0,60000.0,3500.0,667,Home,3400000.0,240,6080000.0,Urban,1
LN2025103249,36,Female,Unknown,3,Salaried,13,38200.0,22100.0,14600.0,562,Home,1650000.0,240,2270000.0,Semi-Urban,0
LN2025108063,32,Male,Married,2,Salaried,6,30500.0,0.0,0.0,826,Personal,400000.0,48,0.0,Semi-Urban,1
LN2025106468,37,Female,Married,1,Salaried,17,52600.0,0.0,0.0,616,Vehicle,730000.0,36,900000.0,Rural,0
LN2025108512,23,Male,Single,0,Salaried,2,31700.0,0.0,5100.0,743,Vehicle,120000.0,36,170000.0,Urban,1
LN2025101909,33,Male,Married,2,Salaried,9,23700.0,0.0,0.0,700,Personal,220000.0,36,0.0,Rural,1
LN2025105120,34,Male,Married,1,Salaried,11,51700.0,51300.0,0.0,842,Personal,830000.0,24,0.0,Urban,1
LN2025100759,40,Unknown,Married,3,Salaried,14,147700.0,0.0,0.0,820,Home,7360000.0,180,10560000.0,Urban,1
LN2025102710,40,Female,Married,2,Salaried,12,81600.0,0.0,5000.0,791,Personal,350000.0,60,0.0,Urban,1
LN2025101847,30,Female,Single,0,Salaried,9,65300.0,0.0,0.0,812,Vehicle,60000.0,24,60000.0,Semi-Urban,1
LN2025102033,32,Male,Married,2,Salaried,8,22300.0,16600.0,0.0,803,Home,1050000.0,300,1330000.0,Rural,1
LN2025107179,34,Male,Married,2,Salaried,9,57300.0,0.0,0.0,758,Vehicle,100000.0,12,100000.0,Semi-Urban,1
LN2025101004,50,Female,Married,2,Salaried,29,37900.0,46400.0,0.0,-1,Personal,690000.0,36,0.0,Rural,1
LN2025107989,31,Male,Married,1,Salaried,9,36100.0,0.0,0.0,744,Vehicle,130000.0,12,170000.0,Urban,1
LN2025108195,26,Male,Single,0,Salaried,3,65000.0,0.0,0.0,788,Personal,430000.0,36,0.0,Urban,1
LN2025102586,36,Male,Married,1,Salaried,11,68200.0,82100.0,16700.0,671,Home,3050000.0,120,8600000.0,Urban,1
LN2025107221,45,Male,Widowed,1,Salaried,23,92600.0,0.0,0.0,778,Vehicle,1610000.0,84,1960000.0,Urban,1
LN2025102233,40,Male,Married,3,SENP,19,27700.0,0.0,0.0,698,Business,100000.0,36,0.0,Rural,1
LN2025107401,43,Female,Married,1,Salaried,20,51800.0,0.0,0.0,820,Personal,1510000.0,36,0.0,Urban,0
LN2025106268,44,Male,Married,2,Salaried,19,40200.0,0.0,7700.0,671,Home,1500000.0,180,2360000.0,Semi-Urban,0
LN2025109367,49,Male,Married,2,SENP,23,52600.0,0.0,0.0,-1,Business,450000.0,84,690000.0,Rural,1
LN2025100711,34,Male,Married,1,Salaried,10,52600.0,0.0,0.0,743,Personal,270000.0,48,0.0,Urban,1
LN2025101113,28,Female,Single,0,SENP,6,8000.0,0.0,4200.0,667,Vehicle,50000.0,60,50000.0,Semi-Urban,0
LN2025101452,43,Female,Married,1,Salaried,20,26200.0,0.0,8800.0,733,Personal,140000.0,60,0.0,Urban,1
LN2025105639,41,Unknown,Married,2,Salaried,18,58300.0,0.0,0.0,805,Personal,370000.0,24,0.0,Urban,1
LN2025104636,54,Male,Married,2,SENP,35,57800.0,0.0,8100.0,784,Vehicle,410000.0,48,430000.0,Rural,1
LN2025106075,35,Male,Married,3,Salaried,9,48400.0,0.0,26400.0,771,Personal,290000.0,24,0.0,Urban,0
LN2025102152,40,Unknown,Married,2,Salaried,17,66400.0,0.0,0.0,748,Vehicle,590000.0,36,740000.0,Urban,1
LN2025104079,36,Male,Married,2,Salaried,11,58100.0,26400.0,0.0,603,Home,3840000.0,180,6540000.0,Semi-Urban,0
LN2025108311,42,Female,Married,0,SENP,22,58600.0,18800.0,7400.0,720,Home,5210000.0,240,6650000.0,Urban,0
LN2025101167,35,Male,Married,2,SEP,9,38200.0,33400.0,0.0,812,Vehicle,90000.0,12,110000.0,Urban,1
LN2025109238,59,Female,Married,2,SENP,36,32900.0,13200.0,2100.0,706,Business,740000.0,48,1210000.0,Semi-Urban,1
LN2025107955,34,Male,Married,2,SENP,14,71900.0,0.0,0.0,705,Personal,890000.0,36,0.0,Urban,1
LN2025108718,32,Male,Married,1,Salaried,8,32900.0,0.0,0.0,773,Home,2805000.0,300,1630000.0,Rural,1
LN2025108270,57,Male,Married,0,Salaried,35,69300.0,23900.0,25800.0,731,Personal,230000.0,36,0.0,Urban,1
LN2025103202,35,Male,Married,2,Salaried,15,58500.0,0.0,0.0,831,Vehicle,350000.0,60,480000.0,Semi-Urban,1
LN2025104144,37,Male,Married,0,Salaried,16,37400.0,30300.0,6700.0,757,Personal,320000.0,48,0.0,Semi-Urban,1
LN2025100279,29,Female,Single,1,SEP,2,59200.0,0.0,18000.0,755,Business,450000.0,12,0.0,Urban,0
LN2025104844,40,Male,Married,0,Salaried,18,25600.0,0.0,0.0,742,Personal,90000.0,12,0.0,Rural,1
LN2025107829,31,Female,Married,2,Salaried,8,14700.0,0.0,0.0,664,Home,500000.0,180,660000.0,Rural,0
LN2025104798,53,Male,Widowed,1,Salaried,32,73100.0,0.0,15300.0,742,Home,3440000.0,180,5280000.0,Semi-Urban,0
LN2025104274,39,Female,Married,1,SENP,18,100500.0,78900.0,0.0,615,Business,570000.0,84,0.0,Urban,0
LN2025109583,47,Female,Married,3,Salaried,26,133900.0,0.0,0.0,795,Personal,1730000.0,24,0.0,Urban,1
LN2025107757,30,Female,Single,0,SEP,4,31600.0,43000.0,14100.0,743,Home,3580000.0,360,6230000.0,Semi-Urban,0
LN2025102891,35,Male,Married,2,SEP,5,21600.0,0.0,0.0,-1,Personal,130000.0,48,0.0,Rural,0
LN2025100799,38,Female,Married,2,Salaried,15,71500.0,0.0,4500.0,654,Personal,310000.0,36,0.0,Urban,0
LN2025106409,33,Male,Married,1,Salaried,11,26900.0,31300.0,2400.0,762,Home,1610000.0,180,2170000.0,Rural,1
LN2025102579,40,Male,Married,1,SENP,12,131400.0,0.0,0.0,840,Home,5560000.0,240,10260000.0,Rural,1
LN2025101112,28,Female,Single,0,SENP,0,12100.0,0.0,0.0,724,Business,100000.0,36,170000.0,Urban,1
LN2025104489,42,Female,Married,3,SEP,12,67200.0,0.0,18700.0,739,Business,490000.0,24,670000.0,Urban,0
LN2025107159,46,Male,Married,2,SENP,18,261400.0,50000.0,0.0,657,Vehicle,3330000.0,60,4740000.0,Rural,1
LN2025103335,31,Male,Married,1,SENP,6,37700.0,61700.0,0.0,788,Business,900000.0,48,0.0,Semi-Urban,0
LN2025101370,50,Male,Married,1,Salaried,29,43400.0,64800.0,0.0,786,Home,3350000.0,120,4910000.0,Semi-Urban,1
LN2025107285,30,Male,Married,3,SENP,0,59100.0,0.0,0.0,723,Business,280000.0,24,670000.0,Semi-Urban,0
LN2025105721,34,Male,Married,1,SEP,3,75200.0,0.0,0.0,-1,Business,1220000.0,36,0.0,Urban,0
LN2025108649,36,Female,Married,2,Salaried,12,35500.0,0.0,0.0,788,Personal,690000.0,36,0.0,Urban,0
LN2025105037,40,Male,Married,3,SENP,20,126100.0,0.0,0.0,739,Vehicle,870000.0,60,890000.0,Rural,1
LN2025107031,28,Male,Married,3,Salaried,3,24500.0,0.0,2100.0,660,Personal,190000.0,36,0.0,Semi-Urban,0
LN2025106952,35,Male,Married,3,Salaried,9,74900.0,0.0,34700.0,723,Personal,880000.0,24,0.0,Urban,0
LN2025107140,40,Female,Married,2,Salaried,18,33400.0,25300.0,19700.0,654,Home,2730000.0,180,3360000.0,Rural,0
LN2025104093,51,Male,Married,3,SENP,31,232000.0,29600.0,0.0,705,Business,1420000.0,84,2140000.0,Urban,1
LN2025103951,45,Male,Married,3,Salaried,19,61100.0,0.0,0.0,830,Personal,920000.0,12,0.0,Rural,0
LN2025101870,31,Male,Married,0,Salaried,9,42200.0,19600.0,0.0,690,Home,2960000.0,300,4480000.0,Rural,1
LN2025104267,25,Female,Single,1,SENP,0,54200.0,0.0,0.0,787,Vehicle,60000.0,24,70000.0,Rural,0
LN2025104983,35,Female,Married,2,Salaried,14,37400.0,34400.0,0.0,742,Home,3370000.0,180,7390000.0,Urban,1
LN2025102500,34,Male,Married,2,Salaried,13,28500.0,0.0,0.0,759,Vehicle,210000.0,60,270000.0,Semi-Urban,1
LN2025101556,32,Male,Married,1,Salaried,7,23000.0,0.0,0.0,783,Personal,120000.0,36,0.0,Urban,1
LN2025102107,46,Male,Married,3,Salaried,24,27900.0,43700.0,12000.0,783,Personal,490000.0,12,0.0,Semi-Urban,0
LN2025109401,31,Male,Married,2,Salaried,7,57900.0,0.0,30500.0,759,Vehicle,540000.0,84,670000.0,Semi-Urban,0
LN2025108757,35,Male,Married,2,SENP,11,24900.0,0.0,9700.0,701,Business,190000.0,84,0.0,Urban,0
LN2025106929,34,Female,Single,0,Salaried,14,62800.0,0.0,2200.0,867,Personal,350000.0,36,0.0,Urban,1
LN2025106405,46,Female,Single,1,Salaried,22,62300.0,23000.0,0.0,706,Home,2270000.0,240,3270000.0,Rural,1
LN2025105676,50,Male,Married,0,SENP,23,25300.0,0.0,3700.0,781,Home,2920000.0,240,4170000.0,Rural,0
LN2025102045,31,Male,Single,1,Salaried,6,69600.0,0.0,0.0,731,Home,4100000.0,180,7170000.0,Urban,0
LN2025108376,31,Male,Married,0,Salaried,7,64000.0,0.0,0.0,670,Home,1770000.0,300,2470000.0,Urban,1
LN2025107915,39,Male,Married,2,Salaried,15,59300.0,0.0,0.0,699,Home,1690000.0,240,1960000.0,Urban,1
LN2025108942,28,Male,Single,1,SEP,0,21600.0,0.0,2600.0,804,Personal,110000.0,24,0.0,Urban,0
LN2025102598,40,Male,Married,0,Salaried,16,59800.0,60600.0,0.0,748,Home,4020000.0,120,5540000.0,Urban,1
LN2025106419,35,Male,Married,2,Salaried,9,23700.0,0.0,4800.0,706,Personal,140000.0,48,0.0,Rural,1
LN2025107941,52,Female,Married,1,SENP,28,82400.0,19700.0,17000.0,687,Home,2280000.0,120,3030000.0,Urban,0
LN2025107154,59,Male,Married,3,SENP,39,57000.0,29600.0,0.0,739,Home,3300000.0,180,6070000.0,Urban,0
LN2025103356,35,Male,Single,0,Salaried,9,48200.0,0.0,9400.0,704,Personal,590000.0,60,0.0,Semi-Urban,0
LN2025108642,36,Male,Married,1,Salaried,14,54100.0,0.0,0.0,766,Vehicle,330000.0,84,340000.0,Semi-Urban,1
LN2025104631,28,Unknown,Single,3,Salaried,8,80500.0,0.0,0.0,-1,Personal,490000.0,60,0.0,Semi-Urban,1
LN2025109474,25,Male,Single,0,Salaried,5,35300.0,0.0,0.0,-1,Personal,130000.0,12,0.0,Rural,0
LN2025107209,24,Female,Single,0,SEP,0,24100.0,0.0,0.0,793,Business,120000.0,36,160000.0,Semi-Urban,0
LN2025101369,48,Male,Single,0,SENP,25,97600.0,0.0,6700.0,732,Vehicle,730000.0,48,930000.0,Semi-Urban,1
LN2025100925,43,Male,Married,2,SENP,19,222500.0,0.0,14100.0,-1,Business,2180000.0,120,3450000.0,Rural,1
LN2025105193,32,Male,Married,0,SEP,3,25400.0,35100.0,0.0,-1,Business,270000.0,12,760000.0,Urban,1
LN2025103632,41,Male,Married,1,SEP,12,67100.0,0.0,0.0,732,Vehicle,880000.0,84,1240000.0,Semi-Urban,1
LN2025102545,38,Female,Married,2,SEP,9,384300.0,0.0,0.0,790,Personal,4000000.0,48,0.0,Semi-Urban,1
LN2025102615,43,Male,Married,0,Salaried,19,39400.0,31800.0,0.0,721,Home,2500000.0,180,3870000.0,Semi-Urban,1
LN2025104606,24,Male,Single,2,Salaried,0,41400.0,0.0,0.0,822,Personal,260000.0,24,0.0,Urban,0
LN2025106756,33,Male,Married,3,Salaried,9,54700.0,0.0,0.0,781,Personal,680000.0,60,0.0,Urban,1
LN2025108310,34,Female,Married,3,Salaried,11,118400.0,0.0,0.0,683,Home,6680000.0,180,13990000.0,Urban,1
LN2025105164,33,Female,Married,0,Salaried,7,38800.0,0.0,0.0,779,Business,230000.0,36,0.0,Rural,1
LN2025100108,40,Male,Married,2,Salaried,20,69000.0,45500.0,12700.0,714,Vehicle,1460000.0,48,1810000.0,Urban,0
LN2025108588,37,Male,Married,0,Salaried,12,34800.0,0.0,8500.0,750,Vehicle,200000.0,60,200000.0,Semi-Urban,1
LN2025105081,21,Male,Single,0,SENP,0,141000.0,0.0,40000.0,749,Personal,930000.0,60,0.0,Urban,0
LN2025104034,45,Male,Married,0,Salaried,20,64900.0,0.0,3800.0,786,Home,2260000.0,180,3540000.0,Semi-Urban,1
LN2025105421,39,Female,Married,0,Salaried,16,53900.0,0.0,0.0,755,Personal,140000.0,48,0.0,Urban,1
LN2025101174,37,Female,Married,2,SEP,9,29500.0,13700.0,0.0,698,Home,830000.0,300,1110000.0,Rural,1
LN2025102667,22,Female,Single,0,Salaried,1,46800.0,0.0,0.0,732,Vehicle,50000.0,36,60000.0,Urban,1
LN2025105357,38,Male,Married,3,Salaried,14,54300.0,51600.0,0.0,787,Vehicle,60000.0,24,60000.0,Urban,1
LN2025109278,30,Male,Married,2,SENP,1,41800.0,28700.0,14100.0,634,Business,520000.0,84,1170000.0,Rural,0
LN2025102148,42,Male,Married,1,Salaried,19,51900.0,0.0,0.0,784,Business,370000.0,84,700000.0,Rural,1
LN2025103213,51,Male,Married,0,Salaried,28,57600.0,0.0,0.0,735,Personal,420000.0,24,0.0,Urban,1
LN2025100225,34,Male,Married,2,Salaried,10,63400.0,34800.0,0.0,761,Vehicle,750000.0,60,830000.0,Urban,1
LN2025102584,42,Male,Married,1,Salaried,20,50000.0,20600.0,0.0,742,Home,3970000.0,120,5430000.0,Urban,0
LN2025105695,22,Female,Single,0,Salaried,0,25600.0,0.0,0.0,612,Home,940000.0,240,1310000.0,Rural,0
LN2025106811,23,Female,Single,3,Salaried,0,33600.0,0.0,0.0,691,Personal,120000.0,60,0.0,Semi-Urban,0
LN2025109836,49,Female,Married,2,SENP,25,152700.0,0.0,0.0,592,Home,5450000.0,120,7390000.0,Semi-Urban,0
LN2025100458,29,Female,Single,1,Salaried,5,30600.0,0.0,11700.0,682,Vehicle,240000.0,60,330000.0,Semi-Urban,0
LN2025106069,42,Female,Married,3,SEP,16,196800.0,38200.0,0.0,742,Business,2440000.0,48,4490000.0,Urban,1
LN2025104592,47,Female,Married,1,SENP,20,197400.0,0.0,0.0,773,Business,910000.0,36,2040000.0,Urban,1
LN2025107203,35,Male,Married,0,Salaried,11,54900.0,0.0,0.0,698,Home,960000.0,240,1500000.0,Semi-Urban,1
LN2025107155,52,Male,Married,3,SENP,31,92600.0,12800.0,11000.0,724,Home,4630000.0,120,5060000.0,Urban,0
LN2025102144,28,Male,Single,0,Salaried,6,51100.0,0.0,0.0,725,Personal,140000.0,60,0.0,Urban,1
LN2025105521,42,Male,Married,0,Salaried,12,126200.0,0.0,17100.0,677,Vehicle,2570000.0,84,2770000.0,Urban,0
LN2025108621,30,Male,Single,2,Salaried,5,79800.0,0.0,0.0,744,Home,2550000.0,180,3360000.0,Urban,1
LN2025108683,54,Male,Married,2,SEP,26,233300.0,0.0,0.0,783,Business,1090000.0,36,0.0,Urban,1
LN2025104633,29,Male,Married,3,Salaried,4,29500.0,27800.0,0.0,731,Vehicle,70000.0,24,80000.0,Urban,1
LN2025100032,39,Male,Married,2,Salaried,12,38500.0,0.0,0.0,739,Personal,490000.0,36,0.0,Rural,1
LN2025100467,30,Male,Married,2,Salaried,9,58200.0,0.0,6100.0,734,Home,2920000.0,180,4200000.0,Urban,0
LN2025104490,20,Female,Married,1,Salaried,0,35900.0,0.0,1600.0,723,Personal,370000.0,36,0.0,Urban,0
LN2025100233,26,Female,Single,0,Salaried,0,22600.0,0.0,0.0,665,Vehicle,220000.0,36,240000.0,Urban,0
LN2025100913,52,Male,Divorced,1,Salaried,31,60000.0,0.0,18200.0,671,Personal,350000.0,24,0.0,Rural,0
LN2025106869,36,Male,Married,1,SEP,7,97700.0,0.0,12100.0,805,Business,570000.0,24,1200000.0,Urban,1
LN2025107297,33,Male,Married,1,Salaried,11,112000.0,76900.0,50600.0,672,Home,4480000.0,240,6480000.0,Urban,1
LN2025104068,30,Male,Single,0,Salaried,7,78200.0,44000.0,0.0,692,Home,3630000.0,180,4900000.0,Semi-Urban,1
LN2025102503,50,Male,Married,0,SENP,26,213700.0,0.0,11000.0,825,Personal,930000.0,12,0.0,Urban,1
LN2025104032,45,Male,Divorced,0,SEP,12,188600.0,0.0,0.0,900,Personal,1390000.0,60,0.0,Urban,1
LN2025100426,30,Male,Married,1,Salaried,5,61400.0,22900.0,22300.0,694,Vehicle,680000.0,48,710000.0,Urban,1
LN2025109048,21,Female,Single,3,SENP,0,25900.0,0.0,0.0,840,Vehicle,80000.0,24,90000.0,Urban,0
LN2025108746,34,Male,Married,3,SEP,6,65800.0,0.0,0.0,728,Vehicle,750000.0,48,840000.0,Urban,1
LN2025106011,35,Male,Married,2,Salaried,10,26400.0,0.0,0.0,663,Home,1290000.0,300,1980000.0,Urban,0
LN2025104374,36,Male,Married,1,SENP,17,91800.0,51400.0,0.0,811,Home,3760000.0,120,5600000.0,Semi-Urban,1
LN2025101936,45,Male,Married,0,SEP,15,70800.0,0.0,0.0,656,Vehicle,1270000.0,84,1560000.0,Semi-Urban,1
LN2025100634,29,Male,Single,0,Salaried,5,75300.0,41400.0,0.0,850,Home,2810000.0,180,3610000.0,Urban,1
LN2025100881,44,Unknown,Single,1,SENP,17,25000.0,0.0,0.0,633,Business,250000.0,24,0.0,Rural,0
LN2025104749,30,Male,Married,2,Salaried,7,28200.0,0.0,0.0,696,Home,720000.0,360,890000.0,Semi-Urban,1
LN2025100519,55,Male,Married,1,SENP,36,164900.0,0.0,28500.0,620,Business,1240000.0,24,0.0,Semi-Urban,0
LN2025104118,34,Male,Single,0,SEP,5,87500.0,0.0,22100.0,702,Business,1480000.0,48,3110000.0,Urban,0
LN2025103217,35,Male,Married,2,SENP,6,25600.0,26200.0,3100.0,827,Home,910000.0,240,1970000.0,Semi-Urban,1
LN2025108271,30,Transgender,Single,0,Salaried,7,80900.0,0.0,0.0,642,Personal,620000.0,24,0.0,Semi-Urban,0
LN2025108132,31,Male,Married,0,SENP,5,32200.0,0.0,0.0,788,Business,260000.0,60,0.0,Rural,1
LN2025106433,36,Male,Married,1,Salaried,11,26000.0,0.0,3500.0,570,Home,1130000.0,180,3230000.0,Rural,0
LN2025104875,36,Male,Married,0,Salaried,16,39600.0,23200.0,0.0,699,Home,2650000.0,240,3700000.0,Rural,1
LN2025109092,24,Male,Single,0,SEP,0,96600.0,0.0,6000.0,679,Personal,1260000.0,48,0.0,Urban,0
LN2025102158,49,Male,Married,1,SENP,23,258800.0,0.0,0.0,824,Business,3390000.0,12,6320000.0,Semi-Urban,0
LN2025101797,47,Female,Married,0,SENP,19,17900.0,0.0,0.0,798,Business,190000.0,84,0.0,Rural,1
LN2025108044,36,Male,Married,2,Salaried,10,25900.0,41000.0,0.0,742,Vehicle,470000.0,60,590000.0,Urban,1
LN2025109596,47,Female,Unknown,3,Salaried,26,167300.0,0.0,0.0,842,Vehicle,3480000.0,84,4030000.0,Urban,1
LN2025109034,38,Male,Single,0,Salaried,15,32100.0,0.0,0.0,751,Personal,120000.0,12,0.0,Rural,1
LN2025107958,30,Male,Married,1,SEP,1,74700.0,0.0,13400.0,826,Vehicle,130000.0,36,170000.0,Urban,0
LN2025103866,35,Male,Married,2,Salaried,11,27400.0,0.0,5200.0,735,Personal,130000.0,48,0.0,Urban,1
LN2025104256,55,Male,Married,2,SENP,27,61900.0,0.0,17100.0,815,Business,350000.0,120,0.0,Rural,1
LN2025102276,33,Female,Married,2,SENP,7,110000.0,0.0,0.0,800,Personal,880000.0,36,0.0,Semi-Urban,1
LN2025103805,33,Female,Married,1,Salaried,9,53900.0,13400.0,7100.0,751,Vehicle,420000.0,36,440000.0,Urban,1
LN2025104447,38,Female,Married,0,SENP,15,133200.0,0.0,25500.0,750,Vehicle,1420000.0,60,1560000.0,Urban,1
LN2025100678,53,Female,Married,1,SENP,30,38200.0,0.0,0.0,772,Home,1120000.0,120,1610000.0,Semi-Urban,1
LN2025105938,41,Female,Married,1,Salaried,17,54600.0,0.0,0.0,662,Vehicle,730000.0,60,780000.0,Urban,1
LN2025104456,55,Male,Married,2,SENP,29,621900.0,48000.0,212900.0,798,Business,630000.0,24,10510000.0,Urban,0
LN2025100094,41,Male,Widowed,0,SEP,15,71000.0,0.0,0.0,775,Personal,440000.0,60,0.0,Semi-Urban,1
LN2025105133,46,Male,Married,1,Salaried,23,188700.0,0.0,0.0,749,Personal,1030000.0,36,0.0,Urban,1
LN2025109682,43,Male,Widowed,0,Salaried,20,32500.0,0.0,2700.0,823,Personal,100000.0,48,0.0,Rural,1
LN2025108574,41,Male,Married,2,SEP,14,76700.0,52800.0,2500.0,721,Personal,1120000.0,48,0.0,Rural,1
LN2025102915,37,Female,Married,2,Salaried,13,69500.0,38300.0,0.0,698,Home,4960000.0,240,12550000.0,Rural,1
LN2025109299,43,Male,Married,3,Salaried,20,58300.0,0.0,0.0,784,Vehicle,530000.0,48,570000.0,Rural,1
LN2025108858,33,Male,Married,1,Salaried,12,25600.0,0.0,7700.0,701,Personal,150000.0,24,0.0,Urban,0
LN2025108875,33,Female,Married,3,SENP,13,54900.0,25900.0,0.0,809,Business,1050000.0,60,0.0,Semi-Urban,1
LN2025107972,37,Male,Married,1,SENP,13,48300.0,0.0,16600.0,704,Vehicle,420000.0,48,440000.0,Semi-Urban,0
LN2025100694,37,Male,Married,3,Salaried,13,63200.0,35500.0,0.0,683,Home,4130000.0,240,5740000.0,Urban,1
LN2025100064,37,Male,Married,2,Salaried,15,112900.0,0.0,0.0,817,Vehicle,50000.0,24,50000.0,Semi-Urban,1
LN2025100636,38,Male,Married,2,Salaried,16,48500.0,0.0,4700.0,865,Vehicle,380000.0,36,430000.0,Semi-Urban,1
LN2025109705,26,Male,Single,0,Salaried,1,36700.0,46100.0,18200.0,659,Vehicle,1090000.0,60,1300000.0,Urban,0
LN2025109477,31,Male,Married,3,Salaried,8,34600.0,26000.0,23200.0,677,Home,1460000.0,300,3260000.0,Semi-Urban,0
LN2025108255,47,Male,Married,3,SEP,18,358400.0,50900.0,0.0,766,Business,4880000.0,36,13460000.0,Urban,1
LN2025109320,44,Female,Married,3,Salaried,23,23900.0,0.0,0.0,652,Vehicle,70000.0,24,90000.0,Urban,1
LN2025109038,43,Male,Married,3,Salaried,19,55700.0,0.0,0.0,693,Vehicle,50000.0,12,50000.0,Semi-Urban,1
LN2025100339,35,Male,Married,3,Salaried,11,64700.0,0.0,0.0,782,Personal,150000.0,48,0.0,Urban,1
LN2025105864,46,Unknown,Married,3,SENP,23,99900.0,37500.0,0.0,765,Business,850000.0,36,0.0,Semi-Urban,1
LN2025102515,44,Female,Married,1,Salaried,20,51900.0,31200.0,10200.0,606,Personal,640000.0,60,0.0,Urban,0
LN2025100365,55,Female,Married,3,SEP,28,105500.0,0.0,0.0,685,Home,2560000.0,120,5040000.0,Rural,1
LN2025105765,25,Male,Single,2,Salaried,3,52800.0,0.0,0.0,730,Vehicle,270000.0,48,290000.0,Urban,1
LN2025109711,37,Male,Married,3,SEP,9,126400.0,57500.0,0.0,758,Home,5890000.0,240,6840000.0,Rural,0
LN2025109510,31,Male,Married,1,Salaried,10,28700.0,0.0,6200.0,783,Personal,200000.0,48,0.0,Semi-Urban,1
LN2025103333,42,Female,Married,0,SEP,13,57500.0,0.0,0.0,774,Personal,660000.0,36,0.0,Urban,1
LN2025102587,28,Male,Single,0,Salaried,3,50500.0,0.0,0.0,-1,Vehicle,460000.0,60,520000.0,Rural,0
LN2025107826,36,Male,Married,2,Salaried,16,70400.0,42700.0,0.0,663,Home,3750000.0,240,4740000.0,Urban,1
LN2025105973,46,Male,Married,2,Salaried,24,75800.0,0.0,18500.0,719,Home,3060000.0,120,3340000.0,Urban,0
LN2025106001,49,Male,Married,2,SENP,23,45500.0,0.0,0.0,698,Personal,200000.0,24,0.0,Urban,0
LN2025109247,40,Male,Married,1,Salaried,17,61500.0,0.0,0.0,585,Home,2310000.0,240,2970000.0,Urban,0
LN2025101427,29,Female,Single,1,Salaried,8,23600.0,0.0,0.0,-1,Home,1260000.0,300,1770000.0,Semi-Urban,0
LN2025105984,46,Female,Married,2,SENP,20,95600.0,16700.0,21300.0,788,Vehicle,70000.0,24,70000.0,Rural,1
LN2025100974,59,Female,Married,2,SENP,39,57800.0,0.0,15300.0,739,Personal,280000.0,60,0.0,Rural,0
LN2025107368,34,Female,Married,0,Salaried,13,26100.0,31000.0,0.0,623,Home,1820000.0,240,1930000.0,Urban,0
LN2025100746,41,Male,Married,2,SEP,13,118100.0,0.0,32900.0,706,Personal,1860000.0,36,0.0,Urban,0
LN2025105786,33,Male,Married,3,Salaried,9,35200.0,26200.0,0.0,727,Vehicle,380000.0,60,520000.0,Urban,1
LN2025102288,32,Female,Married,3,Salaried,8,72600.0,0.0,20300.0,694,Personal,540000.0,36,0.0,Urban,0
LN2025109316,24,Male,Single,0,Salaried,2,54300.0,0.0,0.0,789,Vehicle,50000.0,12,70000.0,Semi-Urban,1
LN2025102907,28,Female,Single,0,Salaried,5,20000.0,0.0,0.0,607,Home,630000.0,180,1390000.0,Urban,0
LN2025108911,34,Male,Married,2,Salaried,12,44100.0,0.0,3700.0,741,Vehicle,300000.0,60,410000.0,Urban,1
LN2025107905,35,Male,Married,1,Salaried,12,62200.0,33700.0,0.0,886,Home,4710000.0,180,7310000.0,Urban,1
LN2025108139,43,Male,Married,1,Salaried,20,116100.0,0.0,0.0,795,Home,5690000.0,180,8470000.0,Urban,1
LN2025106452,50,Male,Married,0,SENP,29,89200.0,0.0,0.0,716,Home,2910000.0,180,3860000.0,Urban,1
LN2025108589,35,Male,Married,3,Salaried,13,66900.0,9800.0,0.0,752,Vehicle,1410000.0,60,1480000.0,Rural,1
LN2025106963,50,Male,Married,0,SENP,24,132300.0,18100.0,12500.0,729,Home,7090000.0,180,9310000.0,Semi-Urban,1
LN2025101818,32,Male,Married,2,Salaried,11,29600.0,0.0,9000.0,821,Personal,340000.0,60,0.0,Semi-Urban,0
LN2025102923,38,Male,Married,3,Salaried,13,59100.0,15900.0,13800.0,583,Vehicle,750000.0,60,990000.0,Semi-Urban,0
LN2025105116,41,Female,Married,3,SENP,21,275600.0,0.0,0.0,824,Vehicle,1610000.0,36,2010000.0,Urban,1
LN2025104457,53,Female,Married,2,SENP,25,102400.0,0.0,0.0,670,Personal,1130000.0,36,0.0,Urban,1
LN2025107267,33,Unknown,Married,2,Salaried,9,80100.0,0.0,8700.0,697,Home,1660000.0,300,1880000.0,Urban,1
LN2025100611,28,Female,Single,0,Salaried,2,18100.0,0.0,0.0,734,Home,500000.0,300,730000.0,Urban,1
LN2025108361,45,Male,Married,1,SENP,15,140100.0,70600.0,0.0,603,Home,11730000.0,240,13630000.0,Urban,0
LN2025103513,41,Male,Married,2,Salaried,15,66700.0,33200.0,0.0,-1,Vehicle,90000.0,60,100000.0,Urban,1
LN2025103550,28,Female,Married,0,SEP,2,79500.0,19200.0,21600.0,798,Home,3410000.0,180,4000000.0,Semi-Urban,0
LN2025109547,42,Male,Married,3,Salaried,19,106400.0,0.0,5600.0,788,Personal,610000.0,12,0.0,Rural,1
LN2025100479,60,Male,Married,2,SEP,32,112000.0,0.0,23600.0,724,Personal,610000.0,36,0.0,Urban,1
LN2025109411,42,Male,Married,2,Salaried,19,65700.0,30500.0,0.0,507,Personal,480000.0,36,0.0,Semi-Urban,0
LN2025101996,34,Female,Married,1,Salaried,10,36100.0,0.0,2600.0,793,Vehicle,370000.0,60,410000.0,Rural,1
LN2025103910,43,Male,Married,1,SENP,13,55200.0,0.0,8400.0,703,Personal,860000.0,24,0.0,Semi-Urban,0
LN2025109833,24,Male,Single,0,Salaried,0,21400.0,0.0,6100.0,729,Vehicle,190000.0,84,270000.0,Semi-Urban,0
LN2025108488,30,Female,Single,0,SEP,12,37500.0,0.0,0.0,717,Vehicle,430000.0,36,570000.0,Urban,1
LN2025103767,38,Male,Married,0,Salaried,14,55000.0,0.0,12300.0,739,Vehicle,60000.0,12,80000.0,Rural,1
LN2025104824,26,Male,Married,1,SENP,8,156900.0,9900.0,11900.0,861,Home,5550000.0,360,12390000.0,Urban,1
LN2025108175,30,Male,Single,0,Salaried,4,51800.0,0.0,16300.0,691,Vehicle,120000.0,24,120000.0,Semi-Urban,0
LN2025107716,44,Male,Married,2,Salaried,22,87300.0,0.0,9200.0,552,Vehicle,990000.0,36,1080000.0,Semi-Urban,0
LN2025106992,38,Unknown,Married,1,SENP,15,28500.0,0.0,7300.0,669,Business,750000.0,36,0.0,Semi-Urban,0
LN2025100197,34,Male,Single,0,SENP,6,31300.0,0.0,0.0,785,Business,350000.0,24,500000.0,Urban,0
LN2025105153,32,Female,Married,1,SENP,6,35500.0,0.0,0.0,697,Business,500000.0,36,0.0,Urban,0
LN2025107996,37,Male,Married,3,Salaried,13,45200.0,0.0,0.0,637,Vehicle,960000.0,60,1200000.0,Semi-Urban,0
LN2025105086,27,Male,Married,0,Salaried,7,44800.0,0.0,0.0,708,Personal,280000.0,36,0.0,Urban,1
LN2025100871,53,Female,Married,1,SENP,33,158500.0,35800.0,75100.0,804,Business,1120000.0,12,1860000.0,Urban,0
LN2025106631,44,Female,Married,2,Salaried,21,22600.0,31000.0,10300.0,707,Home,3500000.0,180,4300000.0,Rural,0
LN2025104368,24,Male,Single,0,Salaried,1,39500.0,0.0,0.0,-1,Vehicle,440000.0,60,580000.0,Urban,1
LN2025104577,36,Female,Married,2,SENP,8,66300.0,30000.0,15000.0,682,Business,500000.0,24,0.0,Rural,0
LN2025107322,33,Male,Married,2,SENP,5,78600.0,20800.0,0.0,764,Home,5180000.0,360,7460000.0,Semi-Urban,1
LN2025109525,48,Male,Married,2,SENP,21,160600.0,78000.0,56100.0,763,Home,4920000.0,180,10090000.0,Semi-Urban,1
LN2025101227,25,Male,Married,2,Salaried,3,49000.0,0.0,2800.0,764,Personal,250000.0,36,0.0,Semi-Urban,1
LN2025108629,31,Female,Married,1,Salaried,9,28600.0,0.0,3200.0,754,Home,1480000.0,180,1940000.0,Semi-Urban,0
LN2025100141,20,Male,Married,1,Salaried,0,45300.0,16600.0,0.0,-1,Home,3150000.0,180,4790000.0,Urban,0
LN2025109452,53,Male,Married,2,SEP,26,124900.0,0.0,0.0,773,Home,4650000.0,120,8890000.0,Semi-Urban,1
LN2025103373,46,Male,Married,1,SENP,20,53600.0,18200.0,0.0,727,Business,190000.0,36,0.0,Semi-Urban,1
LN2025100656,39,Female,Married,0,Salaried,16,63000.0,0.0,14000.0,729,Home,1500000.0,240,3480000.0,Semi-Urban,0
LN2025106754,35,Male,Married,1,Salaried,12,105800.0,0.0,0.0,-1,Vehicle,1090000.0,48,1510000.0,Urban,1
LN2025101494,34,Female,Married,3,Salaried,12,35300.0,0.0,0.0,730,Personal,100000.0,36,0.0,Rural,1
LN2025103843,43,Female,Married,2,Salaried,18,53300.0,27600.0,0.0,770,Vehicle,90000.0,12,110000.0,Urban,1
LN2025103821,23,Male,Married,2,Salaried,0,27200.0,0.0,0.0,703,Home,690000.0,240,1480000.0,Urban,0
LN2025101990,43,Female,Unknown,0,SEP,12,135800.0,60100.0,3300.0,672,Home,4840000.0,240,6970000.0,Urban,1
LN2025104995,31,Female,Married,2,Salaried,7,38400.0,45700.0,0.0,711,Home,2130000.0,240,3250000.0,Semi-Urban,1
LN2025105361,36,Male,Married,0,Salaried,11,30600.0,0.0,0.0,771,Vehicle,360000.0,60,390000.0,Semi-Urban,1
LN2025103629,37,Male,Married,3,Salaried,13,26200.0,0.0,2400.0,804,Vehicle,160000.0,60,200000.0,Rural,1
LN2025103020,35,Female,Married,2,SENP,10,21300.0,27000.0,0.0,-1,Vehicle,340000.0,48,440000.0,Urban,1
LN2025109483,39,Male,Married,1,Salaried,13,40100.0,68600.0,18700.0,695,Home,4140000.0,240,5500000.0,Urban,1
LN2025108436,20,Male,Single,1,Salaried,0,51100.0,0.0,12300.0,805,Personal,340000.0,60,0.0,Urban,0
LN2025103309,40,Male,Married,3,Salaried,20,113400.0,0.0,0.0,737,Personal,830000.0,60,0.0,Rural,1
LN2025106523,51,Unknown,Married,1,SEP,20,49000.0,66200.0,13700.0,650,Personal,760000.0,36,0.0,Semi-Urban,1
LN2025103917,43,Male,Married,3,SEP,15,487400.0,28900.0,0.0,762,Business,4750000.0,84,8370000.0,Urban,1
LN2025109634,43,Male,Divorced,0,SEP,17,278200.0,62000.0,0.0,900,Home,5160000.0,240,6070000.0,Urban,0
LN2025108308,33,Male,Married,0,Salaried,9,19200.0,59700.0,0.0,-1,Home,1990000.0,240,2650000.0,Urban,1
LN2025101492,35,Female,Married,0,Salaried,14,27200.0,39400.0,0.0,738,Home,4680000.0,300,5610000.0,Semi-Urban,0
LN2025106053,35,Male,Married,2,Salaried,12,40400.0,0.0,0.0,641,Personal,140000.0,48,0.0,Rural,0
LN2025100323,28,Female,Married,0,Salaried,6,37500.0,0.0,0.0,698,Vehicle,390000.0,84,480000.0,Semi-Urban,1
LN2025106340,43,Female,Married,1,SEP,14,150000.0,0.0,0.0,749,Personal,630000.0,60,0.0,Semi-Urban,1
LN2025104833,31,Female,Married,3,Salaried,8,23100.0,13600.0,2900.0,707,Home,1440000.0,120,2040000.0,Rural,0
LN2025103153,46,Male,Married,2,SENP,23,64900.0,30900.0,0.0,728,Vehicle,400000.0,60,420000.0,Semi-Urban,1
LN2025105009,34,Female,Married,2,Salaried,13,21800.0,0.0,0.0,-1,Personal,50000.0,60,0.0,Semi-Urban,0
LN2025102289,25,Male,Single,0,Salaried,1,39100.0,0.0,5100.0,784,Personal,210000.0,48,0.0,Urban,1
LN2025109369,33,Male,Single,1,Salaried,8,29500.0,0.0,0.0,704,Personal,530000.0,60,0.0,Rural,1
LN2025105556,47,Female,Married,0,SENP,22,211900.0,0.0,0.0,711,Business,970000.0,84,0.0,Semi-Urban,1
LN2025106729,38,Male,Married,3,SENP,10,58000.0,24700.0,0.0,748,Business,810000.0,48,0.0,Semi-Urban,1
LN2025103999,40,Male,Single,0,Salaried,14,64300.0,0.0,28100.0,719,Personal,620000.0,24,0.0,Semi-Urban,0
LN2025101351,48,Male,Married,2,SENP,20,92200.0,33400.0,0.0,739,Business,1700000.0,60,2270000.0,Rural,1
LN2025107107,35,Male,Single,0,Salaried,12,27900.0,0.0,0.0,798,Personal,300000.0,60,0.0,Urban,1
LN2025101054,35,Male,Married,2,SEP,5,30400.0,14400.0,1100.0,773,Home,1560000.0,240,1950000.0,Rural,1
LN2025104920,36,Male,Married,2,Salaried,15,37300.0,0.0,0.0,752,Personal,240000.0,36,0.0,Semi-Urban,1
LN2025103902,51,Male,Single,0,SENP,29,154400.0,0.0,52500.0,715,Home,2860000.0,120,4420000.0,Urban,1
LN2025102003,39,Male,Married,1,SENP,16,136100.0,16200.0,0.0,840,Business,1770000.0,12,2850000.0,Urban,0
LN2025108192,26,Male,Married,1,Salaried,3,29700.0,0.0,3300.0,725,Personal,160000.0,60,0.0,Urban,1
LN2025104111,24,Male,Single,0,Salaried,0,22600.0,0.0,0.0,792,Vehicle,230000.0,36,270000.0,Semi-Urban,0
LN2025105236,26,Male,Single,0,Salaried,4,20100.0,0.0,0.0,755,Personal,80000.0,48,0.0,Rural,1
LN2025105312,49,Male,Married,1,Salaried,25,62500.0,13600.0,0.0,752,Personal,250000.0,48,0.0,Semi-Urban,1
LN2025100846,43,Male,Married,2,Salaried,20,63800.0,39200.0,0.0,760,Home,3750000.0,180,7560000.0,Semi-Urban,1
LN2025106801,40,Female,Married,2,Salaried,18,19900.0,0.0,0.0,592,Personal,180000.0,60,0.0,Urban,0
LN2025108817,39,Male,Married,3,Salaried,16,91000.0,0.0,0.0,708,Vehicle,70000.0,36,90000.0,Urban,1
LN2025106585,53,Female,Single,2,SENP,26,135700.0,0.0,0.0,741,Business,1140000.0,24,3020000.0,Urban,1
LN2025103969,33,Male,Married,0,Salaried,12,28300.0,0.0,6200.0,701,Personal,140000.0,60,0.0,Semi-Urban,1
LN2025100554,42,Male,Married,3,SENP,13,106800.0,0.0,0.0,801,Personal,2250000.0,48,0.0,Urban,0
LN2025103013,45,Female,Married,3,Salaried,22,55800.0,0.0,4300.0,792,Personal,380000.0,60,0.0,Urban,1
LN2025103187,59,Male,Married,2,SENP,29,134400.0,55600.0,0.0,735,Home,6290000.0,300,8100000.0,Urban,0
LN2025101266,30,Male,Unknown,0,Salaried,5,24800.0,0.0,0.0,687,Home,2805000.0,120,1120000.0,Semi-Urban,1
LN2025109776,54,Female,Married,1,SENP,26,124100.0,0.0,16600.0,635,Personal,590000.0,60,0.0,Semi-Urban,0
LN2025106168,31,Male,Married,1,Salaried,8,51400.0,0.0,4400.0,661,Personal,320000.0,60,0.0,Urban,0
LN2025104991,38,Male,Single,0,Salaried,13,40300.0,0.0,0.0,809,Vehicle,910000.0,60,1050000.0,Semi-Urban,1
LN2025106720,29,Male,Single,3,Salaried,5,32000.0,0.0,0.0,786,Personal,130000.0,48,0.0,Rural,1
LN2025107512,34,Female,Married,2,Salaried,8,10900.0,0.0,0.0,622,Home,500000.0,240,710000.0,Semi-Urban,1
LN2025108602,43,Male,Married,3,SENP,21,80800.0,0.0,15800.0,714,Vehicle,670000.0,48,800000.0,Urban,1
LN2025109588,47,Male,Married,1,SENP,19,26600.0,0.0,0.0,825,Business,130000.0,36,0.0,Semi-Urban,1
LN2025109465,48,Male,Widowed,0,Salaried,26,78500.0,0.0,0.0,-1,Vehicle,550000.0,48,670000.0,Semi-Urban,1
LN2025107594,29,Male,Married,2,SEP,3,67600.0,0.0,0.0,726,Personal,790000.0,60,0.0,Rural,1
LN2025105430,34,Male,Married,1,Salaried,12,93200.0,0.0,9400.0,-1,Vehicle,1560000.0,36,1830000.0,Urban,0
LN2025100710,33,Male,Married,3,Salaried,13,170100.0,44000.0,0.0,640,Home,9190000.0,300,11640000.0,Urban,0
LN2025102210,40,Male,Married,0,Salaried,18,78500.0,0.0,0.0,812,Vehicle,590000.0,60,630000.0,Urban,1
LN2025100201,33,Female,Married,2,Salaried,10,98600.0,0.0,0.0,789,Personal,260000.0,24,0.0,Urban,1
LN2025100888,30,Male,Single,0,Salaried,9,26000.0,0.0,0.0,-1,Personal,140000.0,12,0.0,Urban,0
LN2025101326,36,Male,Married,1,SEP,6,215600.0,0.0,0.0,766,Personal,2390000.0,36,0.0,Rural,1
LN2025104074,24,Male,Single,0,SEP,0,71100.0,39700.0,0.0,679,Personal,570000.0,24,0.0,Urban,0
LN2025104559,34,Male,Married,3,Salaried,9,44000.0,0.0,0.0,703,Personal,520000.0,24,0.0,Semi-Urban,1
LN2025109584,39,Female,Married,2,SENP,17,41500.0,53300.0,13900.0,631,Personal,650000.0,24,0.0,Semi-Urban,0
LN2025106498,21,Female,Married,3,SENP,0,38400.0,50200.0,0.0,707,Business,530000.0,48,0.0,Semi-Urban,0
LN2025102954,56,Female,Married,2,SENP,33,15600.0,29200.0,0.0,801,Vehicle,340000.0,36,370000.0,Rural,1
LN2025100938,31,Male,Married,1,Salaried,7,21000.0,43800.0,16200.0,763,Personal,350000.0,48,0.0,Rural,1
LN2025106180,41,Female,Married,3,Salaried,17,30800.0,0.0,0.0,750,Home,1400000.0,180,2100000.0,Rural,1
LN2025109610,31,Unknown,Married,2,Salaried,9,44000.0,64200.0,0.0,807,Home,4990000.0,120,6670000.0,Urban,1
LN2025109407,46,Male,Married,0,SENP,23,46700.0,29800.0,0.0,713,Home,2170000.0,180,2740000.0,Urban,1
LN2025103944,37,Male,Married,3,Salaried,11,48600.0,0.0,0.0,797,Personal,280000.0,60,0.0,Urban,1
LN2025104610,33,Male,Married,2,Salaried,12,43800.0,0.0,0.0,-1,Home,1110000.0,300,2150000.0,Rural,0
LN2025107430,41,Male,Married,3,SEP,14,218700.0,41400.0,43300.0,703,Home,11110000.0,240,16530000.0,Urban,0
LN2025104397,24,Female,Single,1,Salaried,3,29900.0,0.0,0.0,-1,Vehicle,400000.0,60,460000.0,Urban,0
LN2025105455,33,Female,Married,2,Salaried,9,43500.0,0.0,0.0,813,Personal,160000.0,48,0.0,Urban,1
LN2025104112,52,Male,Married,2,SENP,32,303300.0,31000.0,33700.0,817,Business,1470000.0,36,0.0,Urban,1
LN2025108902,39,Male,Married,3,Salaried,15,206100.0,49800.0,0.0,692,Home,9190000.0,240,20640000.0,Urban,1
LN2025101666,46,Male,Married,3,Salaried,23,33400.0,0.0,5700.0,646,Personal,370000.0,60,0.0,Semi-Urban,0
LN2025101523,29,Male,Single,0,Salaried,7,65500.0,0.0,0.0,754,Home,1360000.0,180,1900000.0,Semi-Urban,1
LN2025106014,38,Male,Married,2,Salaried,18,72100.0,0.0,3000.0,664,Personal,610000.0,12,0.0,Urban,0
LN2025103900,46,Female,Married,2,SEP,19,123300.0,0.0,0.0,712,Home,5260000.0,180,7270000.0,Urban,1
LN2025101463,36,Male,Married,2,Salaried,15,58900.0,19500.0,20400.0,752,Home,2160000.0,240,2450000.0,Rural,0
LN2025105190,32,Male,Married,1,Salaried,12,92100.0,0.0,0.0,586,Personal,660000.0,24,0.0,Urban,0
LN2025100912,30,Female,Married,3,Salaried,10,37100.0,71400.0,0.0,791,Vehicle,490000.0,60,530000.0,Semi-Urban,1
LN2025103761,20,Female,Single,0,Salaried,0,27200.0,0.0,0.0,595,Personal,370000.0,60,0.0,Urban,0
LN2025100262,28,Male,Married,0,SEP,1,84300.0,0.0,0.0,576,Vehicle,860000.0,48,1040000.0,Rural,0
LN2025106962,46,Female,Married,0,Salaried,22,103100.0,10600.0,0.0,750,Home,4150000.0,120,8840000.0,Semi-Urban,1
LN2025104802,34,Female,Married,0,SENP,6,21200.0,56100.0,5400.0,758,Business,460000.0,36,680000.0,Urban,1
LN2025109616,55,Male,Married,3,SENP,32,119300.0,0.0,0.0,798,Personal,440000.0,36,0.0,Semi-Urban,1
LN2025108461,44,Female,Married,3,Salaried,21,60800.0,92200.0,0.0,734,Home,7790000.0,240,10770000.0,Urban,1
LN2025100743,36,Male,Married,0,Salaried,13,18500.0,0.0,5800.0,664,Vehicle,110000.0,36,150000.0,Semi-Urban,0
LN2025106501,43,Male,Married,2,SEP,15,16900.0,65400.0,3700.0,789,Vehicle,730000.0,60,890000.0,Semi-Urban,1
LN2025107213,54,Male,Married,2,SENP,27,67500.0,125300.0,0.0,-1,Personal,940000.0,60,0.0,Urban,1
LN2025106709,36,Male,Married,2,SENP,9,54300.0,55400.0,24300.0,748,Business,400000.0,60,900000.0,Urban,1
LN2025103146,46,Male,Married,1,Salaried,23,49300.0,0.0,0.0,-1,Personal,210000.0,36,0.0,Semi-Urban,1
LN2025101891,52,Male,Unknown,1,Salaried,27,50600.0,0.0,2100.0,668,Personal,210000.0,60,0.0,Semi-Urban,1
LN2025108660,35,Female,Married,1,Salaried,12,21400.0,0.0,2600.0,670,Personal,250000.0,36,0.0,Urban,0
LN2025101522,20,Male,Single,0,Salaried,2,20100.0,40400.0,0.0,747,Home,3330000.0,240,6480000.0,Urban,0
LN2025105399,23,Female,Single,1,Salaried,2,13700.0,29200.0,9000.0,754,Home,1430000.0,360,2610000.0,Semi-Urban,1
LN2025104673,33,Male,Married,1,SEP,7,154300.0,37100.0,0.0,778,Home,10400000.0,240,20450000.0,Urban,1
LN2025104665,35,Female,Married,3,Salaried,13,156500.0,15400.0,27700.0,655,Home,5920000.0,120,8810000.0,Urban,0
LN2025100477,36,Male,Married,3,SENP,15,44800.0,0.0,14100.0,729,Business,180000.0,48,460000.0,Semi-Urban,1
LN2025105093,27,Male,Single,3,Salaried,6,17500.0,0.0,0.0,729,Home,520000.0,180,770000.0,Rural,1
LN2025104915,32,Female,Single,1,SENP,7,25400.0,0.0,4300.0,757,Business,250000.0,36,0.0,Urban,0
LN2025109562,46,Male,Divorced,0,SENP,23,136100.0,0.0,0.0,853,Personal,950000.0,48,0.0,Urban,1
LN2025108773,48,Male,Married,2,SEP,20,352900.0,0.0,54800.0,713,Personal,1510000.0,48,0.0,Rural,1
LN2025102427,32,Female,Married,2,Salaried,8,34400.0,65100.0,0.0,765,Home,4110000.0,180,6090000.0,Rural,0
LN2025105693,39,Female,Married,0,Salaried,14,31500.0,0.0,0.0,739,Home,920000.0,240,1230000.0,Urban,0
LN2025106509,47,Male,Married,2,SENP,22,80400.0,17800.0,0.0,618,Vehicle,840000.0,60,920000.0,Semi-Urban,0
LN2025105495,38,Male,Married,2,Salaried,15,43000.0,0.0,11500.0,733,Personal,140000.0,60,0.0,Urban,0
LN2025108185,42,Male,Married,3,SENP,17,47800.0,0.0,0.0,754,Vehicle,260000.0,60,310000.0,Urban,1
LN2025102466,37,Male,Married,2,SEP,8,169200.0,0.0,0.0,-1,Personal,1050000.0,60,0.0,Urban,1
LN2025102946,56,Male,Married,1,SENP,27,135100.0,0.0,0.0,688,Personal,720000.0,36,0.0,Urban,1
LN2025108365,36,Male,Married,0,Salaried,14,34900.0,0.0,1400.0,644,Vehicle,860000.0,60,980000.0,Rural,0
LN2025106072,43,Male,Married,2,SENP,18,104500.0,0.0,0.0,791,Vehicle,1250000.0,36,1270000.0,Urban,1
LN2025105316,51,Female,Married,2,SEP,24,410000.0,0.0,22200.0,705,Vehicle,4000000.0,60,4360000.0,Urban,1
LN2025108521,47,Male,Married,1,SEP,16,122200.0,0.0,27000.0,772,Vehicle,1580000.0,84,2120000.0,Rural,1
LN2025104459,39,Female,Married,1,Salaried,15,77400.0,0.0,8700.0,765,Personal,400000.0,48,0.0,Semi-Urban,1
LN2025109286,25,Male,Unknown,0,SENP,3,46800.0,35400.0,16100.0,678,Business,300000.0,60,810000.0,Urban,1
LN2025109206,37,Male,Married,2,Salaried,16,111300.0,0.0,0.0,799,Vehicle,660000.0,60,720000.0,Urban,1
LN2025100156,21,Female,Single,0,SENP,0,74200.0,0.0,0.0,-1,Vehicle,1030000.0,84,1050000.0,Urban,0
LN2025109460,47,Male,Married,3,SEP,20,84100.0,0.0,0.0,750,Home,1630000.0,120,2580000.0,Semi-Urban,1
LN2025104123,27,Male,Married,2,Salaried,5,56400.0,158800.0,69000.0,840,Home,6200000.0,300,12520000.0,Urban,1
LN2025100829,30,Male,Married,2,Salaried,10,25200.0,0.0,0.0,709,Personal,130000.0,36,0.0,Urban,1
LN2025101122,42,Male,Married,3,SENP,21,64400.0,56700.0,19300.0,702,Business,920000.0,36,1390000.0,Semi-Urban,1
LN2025102540,30,Male,Married,0,Salaried,7,44000.0,0.0,0.0,831,Personal,310000.0,36,0.0,Semi-Urban,1
LN2025104505,39,Male,Married,1,Salaried,19,70600.0,49000.0,8700.0,721,Personal,1690000.0,48,0.0,Urban,1
LN2025106157,32,Male,Single,0,Salaried,8,34500.0,0.0,0.0,800,Vehicle,230000.0,60,240000.0,Urban,1
LN2025106367,37,Female,Married,2,Salaried,11,49000.0,0.0,0.0,691,Personal,400000.0,12,0.0,Semi-Urban,0
LN2025105619,41,Male,Married,2,SENP,21,13700.0,0.0,3800.0,697,Business,100000.0,24,210000.0,Rural,0
LN2025108090,48,Male,Married,3,Salaried,25,30400.0,0.0,3000.0,799,Vehicle,200000.0,48,220000.0,Rural,1
LN2025109812,27,Female,Unknown,0,Salaried,5,15800.0,0.0,0.0,663,Vehicle,70000.0,36,80000.0,Semi-Urban,1
LN2025106449,24,Male,Single,2,Salaried,0,34600.0,48300.0,16400.0,686,Home,3780000.0,360,5890000.0,Urban,0
LN2025105737,44,Male,Married,3,Salaried,22,59800.0,27200.0,20300.0,725,Personal,1170000.0,36,0.0,Rural,0
LN2025109811,32,Male,Single,0,Salaried,11,41900.0,0.0,0.0,682,Vehicle,980000.0,60,1070000.0,Semi-Urban,0
LN2025107505,31,Male,Married,0,Salaried,5,40800.0,0.0,0.0,664,Personal,300000.0,60,0.0,Semi-Urban,0
LN2025107127,35,Male,Single,0,Salaried,12,27500.0,0.0,0.0,768,Vehicle,140000.0,36,180000.0,Rural,1
LN2025108218,29,Male,Single,0,Salaried,8,69000.0,0.0,11700.0,732,Personal,500000.0,36,0.0,Semi-Urban,1
LN2025107189,35,Male,Married,0,Salaried,10,31500.0,16900.0,0.0,740,Personal,200000.0,36,0.0,Rural,0
LN2025103223,52,Male,Married,3,SENP,23,51800.0,53800.0,17100.0,713,Personal,370000.0,24,0.0,Urban,1
LN2025105991,29,Male,Single,0,Salaried,7,22100.0,0.0,0.0,744,Vehicle,80000.0,60,90000.0,Rural,1
LN2025107243,38,Female,Single,1,Salaried,15,28600.0,0.0,0.0,647,Personal,350000.0,48,0.0,Urban,0
LN2025101832,33,Male,Married,2,Salaried,12,73100.0,29700.0,15400.0,634,Home,2490000.0,180,3470000.0,Semi-Urban,0
LN2025105994,35,Male,Single,0,Salaried,13,69600.0,0.0,0.0,772,Vehicle,500000.0,84,530000.0,Urban,1
LN2025104757,37,Male,Single,0,SENP,10,33300.0,0.0,0.0,678,Personal,230000.0,60,0.0,Semi-Urban,1
LN2025107910,59,Female,Single,0,SENP,38,41900.0,0.0,0.0,679,Business,400000.0,60,0.0,Semi-Urban,1
LN2025103294,36,Male,Married,1,SENP,13,34600.0,38500.0,0.0,647,Home,1530000.0,240,2520000.0,Urban,0
LN2025103651,42,Male,Married,2,Salaried,20,38000.0,54600.0,0.0,-1,Vehicle,50000.0,36,60000.0,Urban,1
LN2025106181,31,Male,Married,0,SEP,1,57700.0,78700.0,0.0,835,Home,5200000.0,300,7240000.0,Semi-Urban,0
LN2025108350,52,Female,Married,0,Salaried,29,44000.0,36100.0,19600.0,799,Home,4450000.0,240,8940000.0,Semi-Urban,0
LN2025101904,34,Male,Married,3,SENP,8,60300.0,0.0,12200.0,623,Vehicle,890000.0,60,890000.0,Rural,0
LN2025106135,38,Male,Married,3,SENP,15,66700.0,0.0,2800.0,729,Business,820000.0,12,0.0,Urban,0
LN2025100293,50,Female,Married,3,SENP,29,50100.0,36200.0,0.0,614,Business,630000.0,84,0.0,Urban,0
LN2025101540,39,Male,Married,3,SENP,12,48300.0,64600.0,11200.0,760,Business,720000.0,36,1420000.0,Semi-Urban,1
LN2025104615,43,Male,Married,0,SENP,21,340300.0,46500.0,0.0,670,Business,3830000.0,24,6020000.0,Urban,0
LN2025108899,43,Female,Married,2,SENP,23,70100.0,33800.0,0.0,784,Home,3160000.0,240,4630000.0,Rural,0
LN2025100508,39,Male,Married,0,Salaried,19,35400.0,0.0,0.0,698,Personal,300000.0,36,0.0,Semi-Urban,0
LN2025106946,31,Female,Married,2,SENP,7,31200.0,71300.0,0.0,715,Business,110000.0,36,170000.0,Semi-Urban,1
LN2025108510,34,Male,Single,3,Salaried,12,30300.0,0.0,0.0,642,Personal,270000.0,24,0.0,Urban,0
LN2025102258,57,Male,Married,1,SENP,34,58900.0,0.0,0.0,-1,Business,810000.0,12,2130000.0,Rural,0
LN2025102206,33,Female,Married,0,Salaried,12,21900.0,26700.0,11600.0,730,Personal,180000.0,36,0.0,Rural,1
LN2025105802,46,Male,Married,2,SENP,24,146400.0,46700.0,18300.0,745,Business,1470000.0,60,0.0,Urban,1
LN2025100085,32,Male,Married,2,SEP,4,47600.0,0.0,0.0,707,Home,1860000.0,300,2220000.0,Semi-Urban,1
LN2025107150,32,Female,Married,2,Salaried,7,35100.0,0.0,0.0,671,Vehicle,560000.0,48,570000.0,Urban,0
LN2025100493,33,Male,Married,2,Salaried,7,30400.0,0.0,0.0,727,Vehicle,390000.0,60,490000.0,Semi-Urban,1
LN2025104313,42,Female,Married,0,Salaried,19,91700.0,26000.0,0.0,737,Personal,370000.0,36,0.0,Semi-Urban,1
LN2025101976,41,Male,Married,2,SEP,12,59700.0,0.0,0.0,-1,Home,2330000.0,240,4760000.0,Semi-Urban,1
LN2025103760,36,Male,Married,3,Salaried,15,51900.0,21800.0,0.0,821,Vehicle,940000.0,60,1140000.0,Semi-Urban,1
LN2025101552,39,Male,Married,2,SEP,8,86500.0,0.0,0.0,769,Business,530000.0,12,0.0,Semi-Urban,1
LN2025104817,27,Male,Married,1,SEP,0,33600.0,31400.0,0.0,-1,Home,2830000.0,120,3720000.0,Rural,0
LN2025104402,33,Female,Married,3,SENP,13,82400.0,68900.0,0.0,823,Business,320000.0,36,730000.0,Urban,1
LN2025102549,45,Male,Married,1,Salaried,21,116900.0,0.0,0.0,791,Personal,830000.0,60,0.0,Urban,1
LN2025105435,44,Unknown,Married,0,SENP,23,31300.0,0.0,0.0,753,Vehicle,190000.0,60,200000.0,Urban,1
LN2025108448,36,Male,Single,1,SEP,8,135300.0,0.0,0.0,662,Vehicle,2480000.0,48,2890000.0,Semi-Urban,1
LN2025106047,41,Unknown,Married,2,SENP,19,197000.0,0.0,28900.0,763,Vehicle,1600000.0,60,1710000.0,Urban,1
LN2025102763,24,Male,Single,1,Salaried,1,32600.0,0.0,3700.0,-1,Personal,520000.0,48,0.0,Urban,0
LN2025106943,33,Male,Unknown,3,Salaried,10,23800.0,0.0,1100.0,750,Personal,100000.0,36,0.0,Semi-Urban,0
LN2025108088,36,Male,Married,3,SEP,7,104900.0,0.0,0.0,704,Personal,490000.0,36,0.0,Urban,1
LN2025105960,52,Female,Married,2,SEP,23,184700.0,0.0,0.0,666,Business,660000.0,60,1060000.0,Urban,1
LN2025105505,57,Female,Married,1,SENP,30,114800.0,21600.0,9100.0,748,Business,910000.0,48,2410000.0,Semi-Urban,1
LN2025105483,28,Female,Married,0,Salaried,6,82600.0,0.0,0.0,674,Personal,1310000.0,24,0.0,Urban,0
LN2025106704,21,Male,Single,0,Salaried,0,40500.0,0.0,0.0,718,Vehicle,320000.0,60,350000.0,Urban,0
LN2025101418,39,Male,Married,3,Salaried,17,34000.0,37000.0,0.0,750,Vehicle,60000.0,36,70000.0,Urban,1
LN2025104967,27,Male,Single,0,Salaried,1,56000.0,0.0,0.0,798,Personal,340000.0,36,0.0,Semi-Urban,1
LN2025109764,37,Male,Married,2,Salaried,13,36400.0,0.0,16400.0,685,Home,830000.0,120,1150000.0,Urban,0
LN2025102344,50,Male,Married,3,SENP,29,279400.0,101500.0,43100.0,822,Vehicle,4000000.0,60,4700000.0,Semi-Urban,1
LN2025109384,32,Male,Married,0,Salaried,7,34100.0,99200.0,0.0,741,Home,5930000.0,300,8240000.0,Urban,1
LN2025105633,30,Female,Married,3,Salaried,4,35100.0,0.0,0.0,814,Personal,510000.0,60,0.0,Semi-Urban,1
LN2025103277,36,Male,Married,3,Salaried,12,104400.0,57600.0,0.0,667,Home,4240000.0,240,5220000.0,Urban,0
LN2025108794,38,Male,Married,1,Salaried,17,41300.0,0.0,11100.0,621,Vehicle,420000.0,48,480000.0,Semi-Urban,0
LN2025102180,40,Male,Single,1,SEP,10,186300.0,0.0,30600.0,900,Business,1170000.0,60,1960000.0,Urban,1
LN2025106087,26,Male,Single,0,Salaried,2,24500.0,77700.0,0.0,846,Home,2220000.0,240,3330000.0,Semi-Urban,1
LN2025102286,56,Male,Married,3,SENP,30,177300.0,0.0,78600.0,874,Business,1500000.0,84,0.0,Urban,1
LN2025105930,32,Female,Married,1,SENP,11,83800.0,25700.0,0.0,628,Home,2400000.0,300,3460000.0,Urban,0
LN2025104574,42,Male,Married,3,SEP,13,487000.0,46900.0,0.0,797,Home,17780000.0,240,40570000.0,Semi-Urban,1
LN2025104813,34,Male,Married,1,Salaried,9,62500.0,0.0,0.0,702,Vehicle,610000.0,36,760000.0,Urban,1
LN2025102467,44,Male,Married,0,Salaried,20,40600.0,0.0,0.0,800,Personal,90000.0,60,0.0,Semi-Urban,1
LN2025105673,41,Female,Single,0,Salaried,20,29500.0,0.0,5200.0,675,Personal,230000.0,60,0.0,Semi-Urban,0
LN2025105557,43,Male,Married,2,Salaried,22,68900.0,0.0,0.0,840,Vehicle,1040000.0,60,1220000.0,Urban,0
LN2025107648,37,Male,Married,1,SENP,9,53200.0,16400.0,0.0,751,Business,390000.0,60,1110000.0,Urban,1
LN2025103125,30,Male,Married,3,Salaried,9,54800.0,0.0,0.0,-1,Personal,240000.0,36,0.0,Semi-Urban,1
LN2025101833,33,Female,Married,3,Salaried,11,105500.0,70400.0,44400.0,772,Personal,1680000.0,48,0.0,Urban,1
LN2025100862,29,Male,Married,0,Salaried,5,48500.0,0.0,0.0,690,Personal,640000.0,48,0.0,Semi-Urban,1
LN2025108296,48,Unknown,Married,1,Salaried,26,83800.0,46600.0,0.0,698,Home,1770000.0,120,2310000.0,Urban,1
LN2025104854,35,Female,Single,0,Salaried,13,33500.0,0.0,3700.0,762,Vehicle,350000.0,48,430000.0,Urban,0
LN2025105764,44,Male,Married,3,SENP,17,76100.0,0.0,0.0,598,Personal,1810000.0,24,0.0,Urban,0
LN2025106879,38,Male,Married,3,SENP,14,72700.0,0.0,0.0,694,Home,2470000.0,300,5080000.0,Urban,1
LN2025101662,40,Male,Single,0,Salaried,14,126300.0,0.0,0.0,782,Personal,720000.0,48,0.0,Urban,1
LN2025107045,26,Male,Single,0,Salaried,4,32200.0,0.0,7200.0,694,Personal,170000.0,60,0.0,Semi-Urban,0
LN2025103750,38,Male,Married,1,SENP,13,47900.0,0.0,0.0,686,Business,240000.0,36,0.0,Rural,1
LN2025108730,31,Male,Married,3,Salaried,9,68100.0,22100.0,37600.0,800,Home,1950000.0,300,3060000.0,Rural,0
LN2025106117,53,Male,Married,0,SENP,26,115700.0,0.0,0.0,783,Business,980000.0,36,0.0,Urban,1
LN2025103266,41,Male,Married,2,SENP,16,54000.0,54100.0,0.0,764,Home,2805000.0,240,3600000.0,Urban,1
LN2025109259,34,Male,Married,1,Salaried,10,45300.0,61400.0,24200.0,731,Personal,550000.0,24,0.0,Semi-Urban,0
LN2025102739,24,Female,Single,0,Salaried,0,36500.0,0.0,5000.0,699,Personal,540000.0,60,0.0,Urban,0
LN2025106226,26,Female,Single,0,Salaried,1,25400.0,51400.0,0.0,694,Home,1310000.0,240,1540000.0,Urban,1
LN2025104031,37,Female,Married,3,Salaried,15,71600.0,36900.0,0.0,727,Home,6780000.0,240,10090000.0,Urban,1
LN2025109267,39,Male,Married,0,SEP,12,37800.0,113400.0,34900.0,830,Home,4080000.0,300,9130000.0,Urban,1
LN2025105290,20,Male,Single,0,Salaried,0,26000.0,0.0,0.0,649,Personal,290000.0,60,0.0,Urban,0
LN2025104120,33,Male,Married,3,SENP,9,212600.0,0.0,0.0,818,Vehicle,2260000.0,36,2750000.0,Urban,1
LN2025103306,30,Male,Married,1,Salaried,6,28300.0,39200.0,0.0,691,Personal,360000.0,60,0.0,Urban,1
LN2025101877,35,Transgender,Married,1,Salaried,10,37700.0,126400.0,0.0,609,Personal,870000.0,36,0.0,Semi-Urban,0
LN2025102986,43,Male,Married,2,SEP,16,123800.0,32400.0,0.0,709,Home,5450000.0,240,6900000.0,Urban,1
LN2025103340,22,Female,Single,2,Salaried,0,13500.0,20600.0,5200.0,700,Home,880000.0,240,1010000.0,Urban,0
LN2025100897,38,Male,Single,0,Salaried,13,86300.0,0.0,0.0,770,Personal,1790000.0,48,0.0,Urban,0
LN2025101887,36,Female,Married,2,Salaried,14,74300.0,0.0,0.0,671,Home,1560000.0,120,2490000.0,Urban,1
LN2025100638,26,Female,Single,0,Salaried,1,48000.0,0.0,13200.0,660,Vehicle,670000.0,60,770000.0,Urban,0
LN2025104914,35,Male,Married,2,SEP,5,82700.0,0.0,0.0,768,Home,5520000.0,120,6860000.0,Urban,0
LN2025103281,58,Male,Married,3,SENP,34,151100.0,36100.0,0.0,752,Business,750000.0,24,0.0,Rural,1
LN2025106099,36,Female,Married,1,Salaried,14,52300.0,34700.0,0.0,699,Personal,560000.0,48,0.0,Urban,1
LN2025101232,26,Male,Married,1,Salaried,2,23300.0,0.0,0.0,677,Personal,180000.0,60,0.0,Rural,1
LN2025100585,38,Female,Married,3,Salaried,15,47200.0,0.0,2300.0,705,Personal,460000.0,12,0.0,Rural,0
LN2025102979,40,Female,Married,2,Salaried,15,67700.0,0.0,0.0,754,Personal,470000.0,24,0.0,Urban,1
LN2025108243,24,Male,Single,0,Salaried,0,47500.0,0.0,0.0,797,Personal,370000.0,36,0.0,Urban,0
LN2025104810,70,Female,Married,1,SENP,48,169700.0,50000.0,30500.0,640,Business,1470000.0,36,2580000.0,Urban,0
LN2025106441,44,Male,Married,2,Salaried,19,61600.0,0.0,21900.0,729,Personal,570000.0,36,0.0,Urban,0
LN2025100986,42,Female,Married,1,SENP,17,82400.0,0.0,0.0,663,Vehicle,430000.0,36,520000.0,Urban,1
LN2025102552,35,Male,Married,1,Salaried,14,79000.0,0.0,26400.0,666,Personal,270000.0,12,0.0,Semi-Urban,0
LN2025103562,29,Male,Married,2,SENP,9,46800.0,0.0,0.0,701,Business,470000.0,24,0.0,Urban,0
LN2025104759,42,Male,Married,2,Salaried,18,35400.0,53200.0,15000.0,833,Vehicle,950000.0,60,1120000.0,Rural,1
LN2025109579,34,Male,Married,2,Salaried,14,43700.0,0.0,0.0,756,Personal,120000.0,60,0.0,Semi-Urban,1
LN2025100911,37,Male,Married,1,Salaried,16,98400.0,0.0,0.0,708,Personal,1950000.0,12,0.0,Semi-Urban,0
LN2025103925,21,Female,Single,0,SENP,0,101600.0,40900.0,0.0,751,Business,870000.0,36,0.0,Urban,0
LN2025104158,45,Male,Married,1,Salaried,24,140900.0,0.0,13300.0,785,Vehicle,1420000.0,36,1700000.0,Urban,1
LN2025101032,20,Male,Single,0,Salaried,0,77500.0,25600.0,30900.0,661,Home,2830000.0,300,3960000.0,Urban,0
LN2025102691,45,Female,Married,1,SENP,26,104200.0,12200.0,0.0,715,Business,1490000.0,60,0.0,Semi-Urban,0
LN2025103148,41,Male,Married,2,SENP,15,268400.0,45200.0,0.0,825,Business,3870000.0,36,0.0,Urban,1
LN2025109305,23,Female,Single,0,Salaried,0,27600.0,0.0,0.0,718,Personal,120000.0,24,0.0,Semi-Urban,0
LN2025101467,33,Male,Married,2,Salaried,12,49900.0,0.0,0.0,786,Personal,400000.0,36,0.0,Rural,1
LN2025105233,20,Male,Married,2,Salaried,0,38400.0,58600.0,0.0,709,Home,2550000.0,300,5710000.0,Semi-Urban,0
LN2025104246,43,Male,Married,1,Salaried,19,24000.0,0.0,0.0,739,Personal,500000.0,60,0.0,Rural,0
LN2025107741,29,Male,Married,3,Salaried,7,39400.0,33900.0,19100.0,811,Home,1840000.0,180,2810000.0,Urban,1
LN2025108799,37,Male,Married,1,Salaried,15,49400.0,27400.0,29700.0,812,Home,3970000.0,240,6120000.0,Urban,0
LN2025102220,45,Female,Married,1,SEP,17,60000.0,0.0,0.0,835,Vehicle,350000.0,48,450000.0,Semi-Urban,1
LN2025103341,44,Male,Married,2,SENP,17,38000.0,0.0,2600.0,746,Business,520000.0,36,710000.0,Urban,0
LN2025102732,36,Male,Married,3,Salaried,15,107900.0,0.0,9400.0,705,Vehicle,1450000.0,36,1910000.0,Urban,1
LN2025104557,46,Male,Married,3,SEP,18,63100.0,0.0,6100.0,723,Vehicle,650000.0,48,740000.0,Rural,0
LN2025100665,27,Male,Single,0,Salaried,4,56300.0,0.0,0.0,764,Vehicle,800000.0,60,1060000.0,Rural,1
LN2025109748,31,Male,Married,1,SEP,5,70800.0,0.0,0.0,760,Vehicle,1370000.0,60,1450000.0,Rural,1
LN2025104150,45,Male,Married,2,SEP,16,224800.0,138000.0,46700.0,749,Home,8160000.0,240,12140000.0,Urban,0
LN2025107945,33,Male,Married,2,SEP,5,45500.0,0.0,0.0,708,Vehicle,140000.0,24,140000.0,Rural,1
LN2025106324,55,Male,Married,1,Salaried,12,131800.0,0.0,15400.0,-1,Personal,910000.0,48,0.0,Urban,1
LN2025106031,35,Female,Married,2,Salaried,15,16000.0,0.0,0.0,784,Personal,370000.0,24,0.0,Semi-Urban,1
LN2025100243,49,Male,Married,1,Salaried,27,104000.0,109500.0,0.0,687,Home,9980000.0,120,13860000.0,Urban,0
LN2025107129,48,Male,Married,1,SENP,26,92200.0,21700.0,0.0,447,Home,3000000.0,180,3670000.0,Rural,0
LN2025107565,24,Male,Single,1,SEP,0,103600.0,56300.0,0.0,719,Vehicle,3340000.0,60,4350000.0,Urban,0
LN2025102454,49,Male,Married,3,SENP,27,235600.0,0.0,0.0,720,Business,2250000.0,60,0.0,Semi-Urban,1
LN2025101635,49,Female,Married,2,SEP,21,41200.0,0.0,1300.0,-1,Business,680000.0,24,1260000.0,Rural,0
LN2025108077,34,Female,Single,2,SENP,12,118500.0,0.0,22800.0,823,Home,3920000.0,360,6280000.0,Urban,1
LN2025104255,21,Female,Single,3,Salaried,0,17500.0,0.0,0.0,793,Personal,180000.0,36,0.0,Semi-Urban,0
LN2025102554,27,Female,Single,1,SEP,0,39600.0,0.0,0.0,821,Vehicle,280000.0,36,300000.0,Semi-Urban,0
LN2025101137,29,Male,Single,0,Salaried,7,13300.0,43300.0,0.0,733,Home,2370000.0,180,4970000.0,Rural,1
LN2025106546,30,Male,Married,2,Salaried,8,68200.0,14600.0,0.0,755,Home,1910000.0,240,2490000.0,Urban,1
LN2025105028,45,Male,Married,1,Salaried,23,56600.0,22300.0,0.0,798,Vehicle,540000.0,48,580000.0,Semi-Urban,1
LN2025105275,29,Female,Married,1,SEP,2,86800.0,0.0,0.0,784,Personal,540000.0,24,0.0,Urban,0
LN2025100282,30,Female,Single,0,SEP,2,125000.0,0.0,27900.0,622,Vehicle,800000.0,60,830000.0,Urban,0
LN2025107339,41,Male,Married,2,SENP,18,109100.0,23200.0,41000.0,766,Business,1500000.0,24,2690000.0,Rural,0
LN2025109402,36,Male,Married,1,Salaried,14,63900.0,12800.0,27500.0,732,Personal,390000.0,36,0.0,Urban,1
LN2025103131,49,Male,Single,1,Salaried,24,77500.0,20900.0,10300.0,729,Home,2630000.0,120,3310000.0,Urban,1
LN2025103702,30,Male,Single,0,Salaried,5,40700.0,0.0,0.0,772,Vehicle,640000.0,48,760000.0,Semi-Urban,1
LN2025102049,25,Male,Single,0,Salaried,5,32000.0,23300.0,0.0,672,Home,960000.0,120,1160000.0,Rural,1
LN2025103365,27,Female,Single,0,Salaried,5,22200.0,0.0,0.0,-1,Home,890000.0,300,1620000.0,Semi-Urban,0
LN2025104733,38,Female,Married,0,Salaried,16,26000.0,0.0,0.0,617,Vehicle,180000.0,60,220000.0,Semi-Urban,0
LN2025100698,28,Male,Single,0,SENP,5,21100.0,67700.0,8900.0,811,Home,2805000.0,120,4720000.0,Urban,1
LN2025108638,37,Unknown,Married,2,Salaried,17,55000.0,0.0,0.0,788,Home,2510000.0,240,2610000.0,Semi-Urban,0
LN2025104094,27,Male,Single,0,Salaried,5,29800.0,0.0,0.0,819,Personal,510000.0,48,0.0,Semi-Urban,1
LN2025107961,49,Male,Married,0,SENP,25,326900.0,10200.0,16900.0,817,Personal,2780000.0,36,0.0,Semi-Urban,1
LN2025109781,30,Female,Married,2,Salaried,7,67700.0,54200.0,0.0,758,Vehicle,540000.0,60,770000.0,Urban,1
LN2025103257,53,Male,Married,0,SENP,25,87100.0,0.0,0.0,722,Personal,410000.0,60,0.0,Semi-Urban,1
LN2025100373,47,Male,Married,1,SENP,22,39700.0,21800.0,21700.0,659,Vehicle,80000.0,36,90000.0,Rural,1
LN2025104517,39,Female,Married,2,Salaried,14,28600.0,0.0,0.0,774,Personal,410000.0,36,0.0,Semi-Urban,1
LN2025108688,25,Male,Single,2,SEP,0,77600.0,22100.0,0.0,-1,Home,5650000.0,300,7660000.0,Rural,0
LN2025105400,33,Male,Married,2,SEP,2,33800.0,74400.0,0.0,797,Business,1380000.0,12,2160000.0,Urban,1
LN2025109857,57,Male,Married,2,SENP,17,24800.0,40000.0,0.0,723,Home,3580000.0,180,4590000.0,Rural,0
LN2025104087,46,Female,Married,0,Salaried,22,68100.0,34900.0,0.0,797,Vehicle,780000.0,48,870000.0,Urban,1
LN2025103231,28,Male,Married,2,Salaried,4,51500.0,0.0,0.0,770,Personal,340000.0,24,0.0,Urban,1
LN2025103456,33,Male,Married,0,Salaried,12,106900.0,0.0,0.0,-1,Personal,660000.0,36,0.0,Urban,1
LN2025101770,47,Male,Married,3,SEP,20,108400.0,0.0,12800.0,764,Business,1790000.0,48,0.0,Rural,1
LN2025108113,39,Male,Married,3,Salaried,14,75900.0,0.0,0.0,780,Personal,480000.0,60,0.0,Urban,1
LN2025102815,30,Male,Married,2,Salaried,7,17900.0,0.0,0.0,688,Vehicle,180000.0,60,250000.0,Urban,1
LN2025108485,43,Male,Married,2,Salaried,18,63200.0,23600.0,5300.0,727,Home,2960000.0,180,4410000.0,Urban,1
LN2025100802,31,Male,Married,1,Salaried,8,50600.0,54000.0,0.0,858,Home,2850000.0,240,4400000.0,Urban,1
LN2025100705,29,Male,Married,1,Salaried,7,32100.0,0.0,1200.0,807,Personal,180000.0,36,0.0,Semi-Urban,1
LN2025104057,40,Male,Married,3,Salaried,14,29400.0,31100.0,0.0,778,Business,420000.0,60,0.0,Semi-Urban,1
LN2025101338,36,Unknown,Married,1,Salaried,13,54800.0,0.0,0.0,736,Personal,280000.0,36,0.0,Urban,1
LN2025102186,32,Female,Married,1,Salaried,9,75000.0,21600.0,0.0,790,Home,2850000.0,240,3710000.0,Urban,1
LN2025105344,51,Male,Married,1,SENP,27,88800.0,70200.0,0.0,756,Vehicle,1780000.0,48,2450000.0,Urban,1
LN2025108585,44,Male,Married,2,SEP,12,56400.0,84000.0,0.0,661,Vehicle,880000.0,60,940000.0,Urban,1
LN2025106435,39,Female,Single,1,SEP,11,49800.0,0.0,0.0,720,Business,510000.0,12,950000.0,Urban,0
LN2025100440,33,Female,Married,1,Salaried,8,58800.0,0.0,0.0,663,Personal,660000.0,36,0.0,Rural,0
LN2025100404,32,Female,Married,1,SENP,4,29800.0,0.0,0.0,726,Personal,220000.0,48,0.0,Semi-Urban,0
LN2025108215,24,Male,Single,1,Salaried,0,21400.0,0.0,2500.0,-1,Personal,90000.0,60,0.0,Rural,0
LN2025101236,29,Female,Single,0,Salaried,7,32100.0,0.0,0.0,675,Vehicle,230000.0,60,270000.0,Semi-Urban,1
LN2025102483,38,Transgender,Married,2,Salaried,15,39900.0,0.0,0.0,676,Personal,210000.0,36,0.0,Urban,1
LN2025100582,38,Female,Single,0,SEP,10,62200.0,0.0,0.0,799,Business,750000.0,60,1990000.0,Urban,1
LN2025100924,44,Male,Married,1,SEP,15,28100.0,0.0,3200.0,739,Personal,270000.0,24,0.0,Rural,0
LN2025103670,54,Female,Married,2,SENP,26,63900.0,0.0,18000.0,715,Personal,650000.0,60,0.0,Urban,0
LN2025106074,21,Male,Single,0,Salaried,0,31000.0,85400.0,0.0,-1,Home,3160000.0,180,4330000.0,Urban,0
LN2025103065,44,Male,Married,0,Salaried,19,105400.0,112000.0,0.0,834,Personal,950000.0,36,0.0,Urban,1
LN2025100476,55,Male,Married,1,SENP,25,56800.0,16800.0,18300.0,685,Business,370000.0,36,0.0,Urban,0
LN2025100304,49,Male,Single,0,SEP,19,202700.0,0.0,41500.0,656,Vehicle,1840000.0,36,2080000.0,Urban,0
LN2025102996,47,Male,Married,2,SEP,21,334400.0,0.0,0.0,598,Business,1990000.0,84,0.0,Semi-Urban,0
LN2025103446,49,Female,Married,2,Salaried,26,138600.0,33200.0,49300.0,720,Home,3220000.0,120,3600000.0,Rural,0
LN2025103051,45,Female,Married,2,SEP,18,111400.0,0.0,0.0,758,Personal,340000.0,48,0.0,Urban,1
LN2025102330,38,Female,Married,2,Salaried,12,36200.0,0.0,15100.0,787,Personal,200000.0,60,0.0,Urban,0
LN2025100991,52,Male,Married,3,SEP,23,141800.0,0.0,0.0,650,Home,3850000.0,120,5830000.0,Urban,1
LN2025109756,26,Male,Married,3,Salaried,3,108100.0,0.0,0.0,805,Personal,1170000.0,36,0.0,Urban,1
LN2025101900,38,Female,Married,3,Salaried,13,54700.0,0.0,2100.0,784,Personal,100000.0,60,0.0,Urban,1
LN2025102440,42,Male,Married,2,SEP,15,172000.0,17500.0,0.0,703,Home,5610000.0,240,9450000.0,Urban,1
LN2025106544,44,Female,Married,1,SENP,19,60400.0,38000.0,11600.0,645,Business,570000.0,84,0.0,Urban,0
LN2025108402,57,Male,Married,1,Salaried,33,81900.0,12800.0,4400.0,723,Personal,620000.0,36,0.0,Rural,1
LN2025100722,32,Male,Married,0,Salaried,12,55000.0,0.0,0.0,770,Personal,650000.0,36,0.0,Urban,1
LN2025108307,23,Male,Single,0,Salaried,3,38600.0,0.0,0.0,-1,Personal,210000.0,36,0.0,Urban,1
LN2025106626,38,Male,Married,1,SENP,16,93800.0,0.0,0.0,649,Vehicle,840000.0,60,1200000.0,Semi-Urban,0
LN2025109142,35,Male,Married,0,SENP,10,49100.0,0.0,0.0,787,Business,520000.0,48,0.0,Semi-Urban,1
LN2025107092,43,Male,Married,2,Salaried,20,20800.0,0.0,2400.0,581,Vehicle,140000.0,48,170000.0,Semi-Urban,0
LN2025104509,23,Female,Single,0,Salaried,0,33800.0,0.0,0.0,827,Personal,140000.0,36,0.0,Urban,0
LN2025102614,38,Male,Married,1,SENP,10,104100.0,17000.0,9900.0,709,Business,1110000.0,60,2320000.0,Rural,1
LN2025101952,42,Male,Married,2,SENP,19,110700.0,0.0,8400.0,745,Home,4200000.0,240,5710000.0,Urban,1
LN2025101517,53,Male,Married,2,SEP,27,37100.0,0.0,9600.0,-1,Vehicle,660000.0,36,720000.0,Urban,0
LN2025105234,38,Male,Married,0,SENP,9,72600.0,0.0,0.0,764,Home,2590000.0,180,4770000.0,Urban,1
LN2025106276,35,Female,Married,3,Salaried,12,34200.0,0.0,0.0,783,Personal,380000.0,48,0.0,Rural,1
LN2025108151,29,Female,Married,2,Salaried,4,27100.0,0.0,4400.0,-1,Vehicle,260000.0,84,350000.0,Rural,1
LN2025102709,48,Male,Married,1,Salaried,23,63300.0,0.0,0.0,600,Vehicle,440000.0,60,500000.0,Urban,0
LN2025101042,58,Female,Married,1,SENP,37,61300.0,0.0,11100.0,719,Vehicle,1370000.0,48,1910000.0,Semi-Urban,0
LN2025105969,44,Male,Married,2,SENP,20,219600.0,0.0,0.0,-1,Business,1140000.0,48,2250000.0,Urban,1
LN2025108933,60,Male,Married,2,SENP,32,84800.0,39700.0,21000.0,833,Home,4010000.0,240,6180000.0,Urban,0
LN2025100411,42,Male,Married,1,SENP,15,20900.0,0.0,0.0,832,Business,180000.0,84,0.0,Urban,1
LN2025102007,41,Female,Married,1,SENP,11,58500.0,0.0,0.0,-1,Business,700000.0,48,0.0,Rural,0
LN2025101316,40,Female,Single,0,Salaried,18,21500.0,0.0,5200.0,845,Personal,300000.0,24,0.0,Semi-Urban,0
LN2025101317,51,Male,Married,2,SENP,32,192900.0,26200.0,0.0,477,Business,320000.0,48,800000.0,Urban,0
LN2025104167,41,Female,Married,2,Salaried,15,69200.0,26600.0,15900.0,686,Vehicle,1210000.0,60,1670000.0,Rural,0
LN2025102071,44,Male,Single,0,Salaried,23,31900.0,0.0,2300.0,687,Vehicle,220000.0,48,260000.0,Rural,0
LN2025106436,46,Female,Married,1,SENP,25,49200.0,0.0,0.0,780,Business,520000.0,84,1090000.0,Semi-Urban,1
LN2025109260,49,Male,Single,0,Salaried,26,68200.0,0.0,0.0,746,Personal,1100000.0,36,0.0,Semi-Urban,1
LN2025109758,44,Female,Married,2,SEP,14,43800.0,0.0,4700.0,731,Home,960000.0,240,1410000.0,Semi-Urban,1
LN2025105003,32,Female,Married,2,Salaried,10,141300.0,0.0,0.0,684,Personal,1170000.0,36,0.0,Urban,1
LN2025109746,37,Male,Married,1,Salaried,12,28800.0,60800.0,26300.0,800,Personal,370000.0,24,0.0,Semi-Urban,1
LN2025107217,43,Male,Married,3,Salaried,20,89600.0,0.0,19300.0,798,Personal,870000.0,36,0.0,Urban,1
LN2025102778,28,Male,Single,3,Salaried,3,36500.0,0.0,0.0,869,Personal,400000.0,36,0.0,Rural,1
LN2025104712,39,Unknown,Married,2,Salaried,17,90700.0,0.0,0.0,761,Personal,580000.0,24,0.0,Rural,1
LN2025102521,39,Male,Married,3,Salaried,13,31200.0,71400.0,5900.0,733,Home,5620000.0,240,7080000.0,Semi-Urban,0
LN2025106973,37,Male,Married,2,Salaried,13,111100.0,67200.0,59200.0,680,Personal,1330000.0,36,0.0,Urban,0
LN2025105986,35,Female,Married,1,SEP,4,70000.0,29600.0,44200.0,639,Vehicle,980000.0,48,1090000.0,Urban,0
LN2025106289,40,Male,Married,1,Salaried,19,81800.0,0.0,0.0,-1,Personal,630000.0,48,0.0,Rural,0
LN2025101224,28,Male,Married,3,SEP,0,26800.0,0.0,7000.0,868,Personal,80000.0,36,0.0,Semi-Urban,0
LN2025106355,38,Female,Married,1,SEP,10,61700.0,46600.0,22300.0,900,Home,2270000.0,240,2940000.0,Rural,1
LN2025104407,26,Male,Single,0,Salaried,6,42700.0,13600.0,0.0,781,Home,1610000.0,120,2080000.0,Semi-Urban,1
LN2025104870,43,Female,Married,2,Salaried,21,92600.0,24900.0,800.0,702,Personal,1310000.0,48,0.0,Semi-Urban,0
LN2025106986,38,Male,Married,2,Salaried,17,61600.0,0.0,0.0,614,Personal,390000.0,60,0.0,Rural,0
LN2025103129,25,Male,Single,2,Salaried,3,34000.0,0.0,0.0,674,Vehicle,900000.0,60,1030000.0,Rural,0
LN2025104440,29,Male,Single,0,SENP,6,82600.0,0.0,0.0,794,Business,660000.0,84,0.0,Semi-Urban,1
LN2025104885,41,Female,Widowed,0,Salaried,20,79200.0,0.0,0.0,791,Personal,410000.0,36,0.0,Semi-Urban,1
LN2025107254,46,Male,Single,3,SEP,17,88600.0,0.0,14500.0,866,Personal,460000.0,36,0.0,Urban,1
LN2025105540,34,Male,Married,3,Salaried,11,62000.0,0.0,19900.0,794,Personal,320000.0,48,0.0,Urban,1
LN2025103636,31,Male,Married,1,Salaried,9,116000.0,0.0,22400.0,666,Personal,1090000.0,60,0.0,Urban,0
LN2025103099,29,Female,Single,0,SENP,3,25500.0,0.0,0.0,826,Business,180000.0,24,0.0,Semi-Urban,1
LN2025100530,29,Male,Married,3,Salaried,6,25600.0,0.0,0.0,701,Personal,120000.0,36,0.0,Urban,1
LN2025106440,31,Female,Married,3,Salaried,6,23800.0,0.0,8200.0,676,Vehicle,330000.0,84,370000.0,Urban,0
LN2025103963,32,Male,Married,1,Salaried,11,35000.0,0.0,0.0,569,Home,710000.0,180,1870000.0,Urban,0
LN2025102350,56,Male,Married,1,SENP,28,55200.0,0.0,7100.0,703,Business,340000.0,36,480000.0,Semi-Urban,1
LN2025108203,38,Male,Single,0,Salaried,18,50100.0,0.0,0.0,741,Vehicle,240000.0,84,310000.0,Urban,1
LN2025107855,28,Female,Single,0,Salaried,5,79700.0,0.0,10500.0,688,Home,3130000.0,240,5600000.0,Semi-Urban,1
LN2025105817,43,Male,Married,3,Salaried,18,39300.0,0.0,0.0,514,Home,2520000.0,180,4790000.0,Semi-Urban,0
LN2025107033,35,Female,Married,1,Salaried,13,24100.0,0.0,0.0,-1,Personal,190000.0,60,0.0,Rural,1
LN2025106300,32,Female,Married,2,Salaried,7,76700.0,53600.0,0.0,661,Home,7550000.0,240,12100000.0,Urban,0
LN2025106038,33,Male,Married,2,SENP,6,69800.0,0.0,4700.0,758,Vehicle,490000.0,36,550000.0,Urban,1
LN2025105547,35,Female,Married,2,Salaried,12,52300.0,83500.0,0.0,839,Home,3070000.0,300,4450000.0,Urban,1
LN2025107061,47,Female,Single,1,SEP,21,193200.0,0.0,0.0,852,Home,10560000.0,180,16160000.0,Urban,1
LN2025102959,38,Male,Married,3,Salaried,14,204400.0,67000.0,0.0,812,Personal,1070000.0,12,0.0,Urban,1
LN2025107100,45,Male,Single,0,Salaried,23,44200.0,0.0,0.0,741,Home,1740000.0,180,2100000.0,Urban,1
LN2025103200,37,Male,Married,2,Salaried,17,82300.0,0.0,0.0,848,Home,4540000.0,240,5130000.0,Rural,0
LN2025108637,30,Male,Single,0,Salaried,4,18500.0,0.0,0.0,790,Vehicle,160000.0,60,200000.0,Rural,1
LN2025108955,41,Male,Married,1,Salaried,21,27800.0,15500.0,0.0,738,Home,1260000.0,180,1620000.0,Semi-Urban,0
LN2025105651,45,Male,Married,2,SEP,12,294900.0,38300.0,0.0,752,Home,8460000.0,240,15340000.0,Urban,1
LN2025108252,49,Female,Married,1,Salaried,12,23900.0,0.0,1300.0,-1,Home,740000.0,120,860000.0,Semi-Urban,0
LN2025104593,37,Male,Married,2,SEP,11,83800.0,26200.0,20400.0,771,Home,3960000.0,300,4100000.0,Semi-Urban,0
LN2025102266,40,Male,Married,2,SEP,12,103600.0,0.0,0.0,-1,Business,600000.0,60,0.0,Semi-Urban,1
LN2025102110,42,Male,Widowed,0,SEP,13,62400.0,0.0,0.0,736,Vehicle,80000.0,24,90000.0,Rural,1
LN2025102606,42,Male,Married,1,SENP,14,36000.0,0.0,0.0,-1,Business,520000.0,24,700000.0,Urban,0
LN2025105296,41,Male,Married,0,Salaried,17,47100.0,28900.0,0.0,756,Vehicle,550000.0,84,780000.0,Urban,1
LN2025101425,41,Female,Married,0,SEP,11,80000.0,0.0,0.0,690,Personal,420000.0,24,0.0,Semi-Urban,0
LN2025109003,29,Male,Single,1,Salaried,6,31500.0,0.0,0.0,752,Home,590000.0,180,770000.0,Semi-Urban,1
LN2025107538,38,Male,Married,0,Salaried,14,94000.0,0.0,0.0,755,Vehicle,130000.0,24,140000.0,Urban,1
LN2025103167,41,Male,Married,1,Salaried,20,104000.0,0.0,0.0,785,Personal,670000.0,36,0.0,Semi-Urban,1
LN2025108890,34,Female,Married,1,Salaried,12,14700.0,47200.0,0.0,806,Home,3550000.0,300,5380000.0,Semi-Urban,1
LN2025100511,26,Male,Single,3,Salaried,1,37100.0,30000.0,2700.0,825,Home,2620000.0,300,4080000.0,Rural,1
LN2025102773,38,Male,Married,0,SENP,8,79700.0,0.0,7600.0,763,Personal,300000.0,60,0.0,Urban,1
LN2025108969,41,Male,Married,0,Salaried,20,50300.0,0.0,0.0,773,Personal,800000.0,60,0.0,Urban,1
LN2025100629,28,Male,Married,1,Salaried,4,66900.0,0.0,3200.0,662,Vehicle,1360000.0,48,1430000.0,Semi-Urban,0
LN2025103799,41,Male,Single,1,Salaried,17,46700.0,0.0,0.0,743,Vehicle,990000.0,36,1250000.0,Urban,0
LN2025108534,37,Male,Married,2,Salaried,13,25700.0,0.0,9200.0,655,Home,820000.0,240,1660000.0,Rural,0
LN2025109599,36,Male,Married,2,Salaried,15,98900.0,0.0,0.0,753,Vehicle,860000.0,60,930000.0,Urban,1
LN2025101303,29,Female,Single,0,Salaried,6,17400.0,0.0,0.0,675,Personal,120000.0,36,0.0,Rural,0
LN2025104215,28,Male,Married,1,Salaried,3,23600.0,0.0,0.0,740,Vehicle,240000.0,84,270000.0,Rural,1
LN2025109350,33,Male,Married,3,SEP,5,105400.0,74300.0,0.0,715,Vehicle,1210000.0,84,1420000.0,Urban,1
LN2025101855,54,Male,Married,2,SENP,25,120300.0,0.0,8900.0,693,Business,610000.0,24,0.0,Urban,1
LN2025104722,46,Female,Married,1,SEP,16,159100.0,13800.0,37300.0,741,Vehicle,60000.0,36,70000.0,Urban,1
LN2025103555,59,Female,Married,2,SENP,39,68000.0,36100.0,0.0,799,Business,880000.0,12,2380000.0,Urban,0
LN2025106751,35,Male,Married,1,Salaried,13,93300.0,0.0,0.0,646,Home,6100000.0,240,7690000.0,Urban,0
LN2025103426,44,Female,Married,0,SENP,16,36400.0,12300.0,0.0,784,Home,1550000.0,240,2110000.0,Rural,1
LN2025104060,36,Male,Married,1,Salaried,12,86100.0,38100.0,0.0,783,Home,3340000.0,240,5290000.0,Semi-Urban,1
LN2025103084,42,Male,Married,2,SENP,16,67600.0,0.0,0.0,678,Vehicle,690000.0,48,840000.0,Urban,1
LN2025108764,40,Male,Married,2,Salaried,16,95900.0,0.0,0.0,863,Personal,700000.0,36,0.0,Semi-Urban,1
LN2025106834,35,Male,Married,3,SEP,9,66500.0,0.0,0.0,699,Home,2970000.0,360,5510000.0,Rural,1
LN2025101331,31,Male,Married,3,SEP,3,154600.0,31800.0,28800.0,743,Business,600000.0,12,830000.0,Urban,0
LN2025102764,29,Male,Single,0,Salaried,7,21200.0,32500.0,10300.0,773,Home,2480000.0,240,6240000.0,Rural,0
LN2025106809,40,Male,Married,1,Salaried,14,129800.0,0.0,0.0,658,Home,7580000.0,240,11410000.0,Urban,1
LN2025100272,35,Male,Single,0,Salaried,13,50800.0,0.0,0.0,805,Personal,320000.0,24,0.0,Urban,1
LN2025101380,34,Female,Married,3,Salaried,11,44700.0,22000.0,0.0,614,Home,1070000.0,300,1720000.0,Semi-Urban,0
LN2025101826,32,Male,Single,1,SENP,7,235400.0,29900.0,0.0,770,Vehicle,3010000.0,60,3960000.0,Urban,1
LN2025101204,44,Male,Married,1,Salaried,19,93900.0,0.0,7700.0,824,Personal,710000.0,36,0.0,Rural,1
LN2025102324,28,Male,Married,2,Salaried,5,38300.0,0.0,5700.0,737,Personal,200000.0,24,0.0,Semi-Urban,1
LN2025100367,28,Male,Single,1,Salaried,6,33300.0,0.0,0.0,729,Personal,320000.0,36,0.0,Rural,1
LN2025102145,40,Male,Married,1,SENP,13,99300.0,20300.0,0.0,793,Business,550000.0,84,0.0,Semi-Urban,1
LN2025100548,35,Male,Married,0,Salaried,13,34200.0,0.0,3900.0,748,Personal,450000.0,60,0.0,Urban,1
LN2025100505,22,Male,Single,1,Salaried,0,18600.0,0.0,0.0,667,Vehicle,140000.0,60,190000.0,Rural,0
LN2025103508,39,Male,Married,3,Salaried,18,55300.0,37500.0,7600.0,674,Home,3610000.0,240,4520000.0,Semi-Urban,1
LN2025107867,52,Male,Married,2,Salaried,30,72500.0,0.0,3700.0,752,Vehicle,140000.0,36,200000.0,Urban,1
LN2025109008,40,Male,Married,1,Salaried,19,42300.0,0.0,0.0,701,Vehicle,590000.0,48,630000.0,Semi-Urban,1
LN2025107234,29,Male,Married,2,SENP,2,25400.0,0.0,0.0,723,Business,480000.0,36,1090000.0,Urban,0
LN2025103975,42,Male,Married,3,Salaried,18,47500.0,0.0,1700.0,714,Personal,530000.0,48,0.0,Semi-Urban,0
LN2025106511,31,Female,Married,2,Salaried,8,40500.0,0.0,0.0,644,Personal,440000.0,60,0.0,Urban,0
LN2025102671,20,Male,Married,3,Salaried,0,42600.0,22900.0,0.0,727,Vehicle,730000.0,36,770000.0,Rural,0
LN2025109620,22,Male,Single,0,Salaried,0,29300.0,20800.0,0.0,-1,Home,1920000.0,240,2820000.0,Urban,0
LN2025106684,20,Male,Single,0,Salaried,0,37700.0,0.0,3000.0,600,Vehicle,90000.0,12,110000.0,Urban,0
LN2025101935,24,Female,Single,0,SEP,0,63800.0,0.0,0.0,748,Vehicle,1250000.0,48,1760000.0,Urban,0
LN2025105320,35,Female,Married,3,Salaried,13,41400.0,0.0,0.0,691,Personal,90000.0,60,0.0,Urban,1
LN2025108769,35,Male,Single,0,SEP,8,319800.0,0.0,0.0,641,Personal,4000000.0,24,0.0,Urban,0
LN2025105418,40,Male,Married,3,Salaried,15,81600.0,0.0,27800.0,763,Vehicle,150000.0,12,180000.0,Semi-Urban,1
LN2025108567,40,Male,Married,3,SENP,16,96600.0,0.0,0.0,681,Business,920000.0,84,0.0,Urban,1
LN2025100816,63,Male,Married,3,SENP,38,79700.0,0.0,0.0,793,Home,1840000.0,240,2530000.0,Semi-Urban,0
LN2025105020,23,Male,Single,2,SENP,0,188100.0,0.0,0.0,839,Personal,1770000.0,36,0.0,Urban,0
LN2025107673,24,Male,Single,1,Salaried,0,50000.0,0.0,0.0,-1,Home,1080000.0,180,1610000.0,Urban,0
LN2025102048,53,Female,Married,1,SENP,23,156000.0,57300.0,0.0,823,Business,560000.0,24,0.0,Urban,1
LN2025107929,46,Male,Married,2,SEP,16,80800.0,0.0,0.0,716,Personal,760000.0,36,0.0,Rural,1
LN2025101489,47,Male,Married,3,Salaried,22,60000.0,16700.0,0.0,725,Vehicle,650000.0,36,830000.0,Rural,1
LN2025101493,37,Male,Married,1,Salaried,15,103600.0,0.0,0.0,791,Personal,520000.0,12,0.0,Urban,1
LN2025106955,24,Male,Single,0,Salaried,0,38500.0,0.0,4000.0,765,Personal,240000.0,60,0.0,Urban,0
LN2025109801,60,Male,Married,0,SENP,37,207900.0,0.0,17100.0,792,Business,5780000.0,60,8110000.0,Semi-Urban,0
LN2025100950,34,Male,Married,1,Salaried,10,62700.0,0.0,0.0,799,Personal,340000.0,24,0.0,Urban,1
LN2025100083,30,Male,Single,0,Salaried,9,43200.0,0.0,0.0,686,Vehicle,150000.0,36,180000.0,Urban,1
LN2025104860,38,Female,Married,1,Salaried,15,56300.0,40000.0,0.0,793,Home,3890000.0,240,4030000.0,Urban,0
LN2025105814,44,Female,Married,2,Salaried,22,73300.0,0.0,9100.0,843,Personal,640000.0,60,0.0,Semi-Urban,1
LN2025107586,27,Male,Married,2,Salaried,2,18900.0,0.0,3200.0,786,Vehicle,420000.0,60,140000.0,Semi-Urban,1
LN2025106106,42,Female,Married,2,Salaried,19,96100.0,46200.0,18700.0,563,Personal,650000.0,36,0.0,Urban,0
LN2025101586,45,Male,Married,3,Salaried,21,54600.0,0.0,0.0,619,Personal,300000.0,48,0.0,Semi-Urban,0
LN2025104856,56,Female,Married,1,SENP,32,15600.0,0.0,0.0,710,Business,160000.0,60,0.0,Urban,1
LN2025107858,44,Male,Married,2,SEP,14,136200.0,0.0,33200.0,715,Personal,930000.0,60,0.0,Urban,1
LN2025100136,34,Male,Married,1,Salaried,8,54400.0,0.0,0.0,717,Vehicle,740000.0,60,930000.0,Urban,1
LN2025101608,33,Female,Married,2,Salaried,10,35400.0,0.0,0.0,-1,Vehicle,310000.0,84,390000.0,Urban,1
LN2025107528,33,Female,Married,3,Salaried,10,26500.0,43100.0,14600.0,719,Home,1810000.0,300,3370000.0,Rural,0
LN2025104703,24,Female,Married,3,Salaried,4,11000.0,0.0,0.0,686,Personal,60000.0,60,0.0,Rural,0
LN2025101381,40,Male,Married,2,Salaried,17,105700.0,70200.0,0.0,718,Home,9640000.0,240,19440000.0,Urban,1
LN2025109624,35,Female,Married,2,Salaried,13,65600.0,0.0,0.0,-1,Home,920000.0,300,1570000.0,Urban,1
LN2025108887,35,Male,Married,3,Salaried,13,33100.0,0.0,0.0,743,Home,1250000.0,180,1630000.0,Urban,1
LN2025109042,44,Male,Married,1,Salaried,23,172100.0,0.0,0.0,762,Vehicle,140000.0,36,160000.0,Urban,1
LN2025103433,30,Female,Married,3,Salaried,8,14600.0,54100.0,0.0,616,Home,1930000.0,240,2650000.0,Urban,0
LN2025109698,27,Unknown,Single,0,Salaried,5,25400.0,0.0,0.0,749,Personal,130000.0,36,0.0,Rural,1
LN2025108690,20,Male,Single,0,Salaried,0,18900.0,0.0,0.0,-1,Personal,180000.0,36,0.0,Rural,0
LN2025101339,35,Male,Married,1,SENP,10,95100.0,0.0,18500.0,765,Vehicle,3860000.0,60,4540000.0,Semi-Urban,1
LN2025107096,33,Female,Married,2,SEP,3,82700.0,0.0,0.0,780,Personal,550000.0,60,0.0,Urban,1
LN2025108815,33,Male,Married,1,SENP,14,136500.0,15400.0,37100.0,707,Business,530000.0,48,0.0,Rural,0
LN2025102382,32,Female,Single,0,Salaried,8,101700.0,17400.0,32700.0,816,Home,4480000.0,240,5840000.0,Urban,1
LN2025103622,40,Male,Single,0,SENP,14,65100.0,0.0,13000.0,762,Personal,360000.0,12,0.0,Urban,1
LN2025109005,36,Male,Married,0,Salaried,11,18800.0,0.0,0.0,743,Personal,90000.0,36,0.0,Rural,1
LN2025104794,27,Male,Married,0,Salaried,6,27800.0,0.0,1700.0,685,Personal,330000.0,48,0.0,Urban,0
LN2025108128,45,Male,Married,2,SENP,23,121100.0,0.0,0.0,725,Vehicle,1830000.0,48,1940000.0,Urban,1
LN2025108550,42,Female,Single,0,SENP,21,150900.0,0.0,0.0,779,Personal,3230000.0,24,0.0,Urban,0
LN2025100650,52,Female,Married,0,SENP,23,46200.0,28900.0,0.0,719,Home,5750000.0,120,8560000.0,Urban,0
LN2025100813,25,Male,Single,0,SENP,4,12200.0,0.0,1600.0,627,Personal,50000.0,48,0.0,Rural,0
LN2025107807,46,Male,Married,1,Salaried,25,25600.0,0.0,0.0,692,Personal,70000.0,48,0.0,Rural,1
LN2025108745,32,Male,Married,3,Salaried,10,25700.0,0.0,0.0,719,Home,920000.0,240,2240000.0,Urban,1
LN2025103100,28,Female,Single,0,SENP,6,42300.0,0.0,0.0,703,Business,590000.0,36,1370000.0,Semi-Urban,0
LN2025102876,28,Female,Married,1,Salaried,5,28100.0,0.0,0.0,749,Personal,90000.0,60,0.0,Rural,1
LN2025102073,47,Female,Single,0,SEP,16,106500.0,49800.0,18800.0,841,Home,12380000.0,180,15170000.0,Urban,0
LN2025106708,40,Female,Single,0,Salaried,15,40500.0,0.0,0.0,782,Vehicle,420000.0,48,570000.0,Urban,1
LN2025108208,22,Female,Single,0,Salaried,0,32900.0,0.0,4100.0,649,Personal,140000.0,36,0.0,Urban,0
LN2025102419,30,Female,Married,1,Salaried,6,21600.0,59000.0,31300.0,750,Personal,510000.0,12,0.0,Urban,0
LN2025105692,48,Female,Married,3,Salaried,26,84400.0,0.0,0.0,732,Personal,670000.0,24,0.0,Urban,1
LN2025104224,42,Male,Married,0,SENP,22,61300.0,0.0,0.0,789,Business,750000.0,24,0.0,Rural,0
LN2025102141,40,Male,Married,0,Salaried,19,87800.0,90800.0,22000.0,735,Home,8480000.0,240,13460000.0,Urban,1
LN2025103156,28,Female,Married,1,Salaried,7,25600.0,0.0,0.0,772,Personal,150000.0,36,0.0,Semi-Urban,1
LN2025100792,27,Male,Single,1,Salaried,7,62400.0,0.0,0.0,741,Home,1550000.0,360,2940000.0,Urban,1
LN2025100481,41,Male,Married,2,SEP,15,102800.0,13300.0,0.0,797,Vehicle,1930000.0,84,2480000.0,Urban,1
LN2025103102,39,Male,Single,0,Salaried,19,36200.0,0.0,1000.0,758,Personal,330000.0,36,0.0,Rural,1
LN2025107861,36,Male,Married,0,SEP,8,97400.0,0.0,0.0,749,Vehicle,1070000.0,60,1100000.0,Urban,1
LN2025104428,39,Female,Single,0,Salaried,17,60400.0,0.0,0.0,675,Vehicle,640000.0,60,750000.0,Urban,1
LN2025100247,45,Male,Married,1,SEP,15,186500.0,0.0,0.0,751,Business,3230000.0,120,5020000.0,Semi-Urban,1
LN2025103959,43,Female,Married,0,Salaried,23,96800.0,0.0,0.0,816,Personal,730000.0,12,0.0,Semi-Urban,0
LN2025108091,47,Female,Widowed,0,Salaried,22,34700.0,0.0,5600.0,586,Vehicle,840000.0,60,1150000.0,Semi-Urban,0
LN2025103818,32,Male,Married,3,SEP,5,56900.0,42400.0,9800.0,723,Vehicle,130000.0,12,140000.0,Urban,1
LN2025105416,26,Male,Single,0,Salaried,3,81900.0,0.0,0.0,692,Personal,310000.0,48,0.0,Urban,1
LN2025107839,36,Female,Married,2,Salaried,12,90200.0,0.0,0.0,724,Personal,550000.0,60,0.0,Semi-Urban,1
LN2025102883,35,Male,Single,0,SEP,10,323500.0,0.0,0.0,-1,Business,1720000.0,24,3510000.0,Semi-Urban,1
LN2025104175,52,Female,Married,2,SENP,27,22000.0,27900.0,0.0,734,Business,440000.0,60,1160000.0,Rural,1
LN2025104767,37,Female,Married,2,Salaried,15,32400.0,0.0,2300.0,661,Vehicle,420000.0,48,300000.0,Urban,1
LN2025100966,45,Female,Married,1,SEP,17,134500.0,0.0,0.0,644,Personal,1270000.0,48,0.0,Urban,0
LN2025101526,48,Male,Single,1,SENP,27,88700.0,0.0,0.0,638,Personal,830000.0,24,0.0,Urban,0
LN2025101426,48,Male,Married,0,SENP,23,133900.0,0.0,0.0,754,Vehicle,1150000.0,48,1440000.0,Urban,1
LN2025102196,35,Male,Married,3,Salaried,12,20100.0,0.0,0.0,700,Personal,90000.0,36,0.0,Rural,1
LN2025105389,28,Male,Married,2,SENP,6,376700.0,0.0,0.0,812,Personal,4000000.0,24,0.0,Urban,1
LN2025104766,39,Male,Married,3,Salaried,18,29000.0,0.0,6200.0,767,Vehicle,480000.0,84,590000.0,Urban,1
LN2025100351,26,Male,Single,0,SEP,0,50100.0,0.0,0.0,-1,Personal,320000.0,60,0.0,Urban,0
LN2025109294,39,Male,Married,1,Salaried,17,26200.0,29500.0,0.0,782,Home,2500000.0,240,3850000.0,Semi-Urban,1
LN2025107105,23,Female,Single,0,Salaried,1,46500.0,0.0,0.0,740,Business,290000.0,60,690000.0,Urban,1
LN2025109550,29,Male,Married,0,Salaried,7,86900.0,0.0,27300.0,766,Personal,370000.0,24,0.0,Urban,1
LN2025109700,58,Male,Single,0,SEP,29,130000.0,0.0,42200.0,689,Business,1200000.0,24,0.0,Rural,0
LN2025105184,20,Male,Single,1,Salaried,0,22700.0,49100.0,3900.0,727,Home,3110000.0,180,3380000.0,Urban,0
LN2025109727,43,Female,Married,2,Salaried,21,43000.0,0.0,0.0,735,Business,560000.0,48,840000.0,Urban,1
LN2025101324,45,Female,Married,3,SENP,20,36200.0,80100.0,0.0,815,Business,520000.0,36,0.0,Urban,1
LN2025107048,33,Male,Married,3,Salaried,11,49500.0,83800.0,0.0,701,Home,3440000.0,240,4150000.0,Urban,0
LN2025103764,27,Male,Single,0,SENP,1,24200.0,0.0,0.0,744,Home,1000000.0,180,1310000.0,Rural,0
LN2025106954,42,Male,Married,3,SEP,16,408700.0,56100.0,32700.0,825,Vehicle,4000000.0,48,4700000.0,Urban,1
LN2025109496,46,Male,Married,3,SENP,21,79600.0,39000.0,13800.0,693,Business,2390000.0,60,0.0,Urban,0
LN2025109502,40,Male,Married,2,Salaried,15,28500.0,0.0,0.0,684,Personal,220000.0,24,0.0,Rural,0
LN2025107560,21,Male,Single,0,Salaried,3,26200.0,0.0,0.0,840,Vehicle,100000.0,36,130000.0,Rural,0
LN2025109845,28,Unknown,Single,1,Salaried,6,65000.0,0.0,0.0,758,Personal,290000.0,60,0.0,Semi-Urban,1
LN2025106505,45,Male,Married,1,Salaried,19,38600.0,23000.0,15200.0,676,Home,1490000.0,180,2250000.0,Semi-Urban,0
LN2025105940,50,Male,Married,1,SENP,24,119000.0,0.0,0.0,771,Business,3420000.0,60,0.0,Semi-Urban,0
LN2025102965,29,Female,Married,2,SEP,2,69600.0,44100.0,0.0,805,Vehicle,1560000.0,60,1860000.0,Rural,0
LN2025104006,53,Male,Married,1,Salaried,29,68200.0,36700.0,0.0,720,Home,3540000.0,240,4420000.0,Semi-Urban,0
LN2025103386,36,Female,Married,1,Salaried,15,51400.0,0.0,0.0,737,Vehicle,450000.0,60,490000.0,Urban,1
LN2025108085,33,Female,Single,0,SEP,5,47400.0,0.0,0.0,696,Personal,140000.0,48,0.0,Urban,1
LN2025109186,28,Male,Married,1,Salaried,5,69400.0,0.0,21200.0,794,Personal,330000.0,24,0.0,Urban,1
LN2025109802,51,Male,Married,3,SEP,20,155900.0,0.0,15800.0,743,Business,2540000.0,12,5070000.0,Semi-Urban,0
LN2025104109,37,Female,Married,2,Salaried,15,127700.0,0.0,0.0,759,Personal,1250000.0,24,0.0,Urban,0
LN2025100103,40,Male,Married,1,SENP,17,531300.0,68500.0,156600.0,803,Business,6470000.0,12,15280000.0,Urban,0
LN2025105039,24,Female,Married,1,SENP,0,36800.0,0.0,0.0,723,Personal,160000.0,48,0.0,Semi-Urban,0
LN2025106079,42,Male,Married,3,SEP,14,170400.0,27700.0,0.0,739,Business,2750000.0,60,5090000.0,Urban,1
LN2025105581,30,Female,Married,2,Salaried,7,38300.0,0.0,0.0,771,Personal,340000.0,12,0.0,Urban,0
LN2025103178,33,Male,Single,0,Salaried,12,31700.0,0.0,0.0,790,Vehicle,350000.0,84,400000.0,Semi-Urban,1
LN2025100651,27,Male,Married,3,Salaried,6,25200.0,0.0,500.0,707,Personal,280000.0,36,0.0,Urban,0
LN2025107058,25,Unknown,Single,0,SENP,7,14000.0,10700.0,3200.0,771,Vehicle,110000.0,60,130000.0,Rural,0
LN2025102617,29,Male,Married,2,Salaried,7,124400.0,0.0,0.0,713,Home,1850000.0,300,3170000.0,Urban,1
LN2025102459,42,Female,Divorced,1,SENP,12,37900.0,0.0,0.0,-1,Personal,120000.0,12,0.0,Rural,0
LN2025108603,23,Male,Married,2,Salaried,5,17400.0,0.0,6100.0,723,Home,500000.0,240,630000.0,Urban,0
LN2025108276,37,Male,Married,1,Salaried,16,30700.0,0.0,0.0,640,Personal,120000.0,12,0.0,Rural,0
LN2025108809,42,Male,Married,1,SENP,23,272200.0,22500.0,0.0,679,Business,2820000.0,84,0.0,Urban,1
LN2025107373,58,Male,Married,3,SENP,30,80500.0,0.0,0.0,723,Business,460000.0,60,830000.0,Semi-Urban,1
LN2025106937,38,Female,Married,1,Salaried,16,80100.0,0.0,0.0,637,Vehicle,450000.0,84,630000.0,Rural,0
LN2025106680,45,Female,Married,3,Salaried,22,24800.0,40400.0,11000.0,631,Vehicle,1090000.0,84,1390000.0,Rural,0
LN2025107790,44,Male,Married,3,SEP,15,105500.0,81000.0,0.0,782,Business,1090000.0,24,0.0,Urban,1
LN2025109706,42,Male,Married,2,Salaried,12,161700.0,0.0,0.0,839,Home,3290000.0,180,6360000.0,Urban,1
LN2025109281,35,Male,Married,2,Salaried,9,37500.0,0.0,0.0,796,Personal,310000.0,60,0.0,Urban,1
LN2025101941,32,Male,Married,0,Salaried,7,61300.0,0.0,0.0,777,Personal,270000.0,36,0.0,Semi-Urban,1
LN2025102395,22,Male,Single,0,Salaried,0,43000.0,0.0,0.0,683,Personal,760000.0,36,0.0,Urban,1
LN2025105217,28,Female,Single,0,SENP,4,116700.0,0.0,0.0,774,Home,4610000.0,360,9740000.0,Urban,1
LN2025103120,41,Male,Married,3,SENP,14,19400.0,0.0,3300.0,739,Business,100000.0,84,0.0,Semi-Urban,0
LN2025105887,54,Male,Married,3,Salaried,32,43300.0,44400.0,0.0,820,Personal,580000.0,60,0.0,Semi-Urban,1
LN2025109335,32,Male,Single,0,Salaried,9,37900.0,0.0,10800.0,658,Personal,120000.0,48,0.0,Semi-Urban,0
LN2025104078,23,Male,Single,0,Salaried,1,32200.0,0.0,0.0,801,Vehicle,190000.0,48,200000.0,Semi-Urban,1
LN2025103635,43,Male,Married,1,SENP,19,45700.0,0.0,0.0,768,Home,1640000.0,240,2550000.0,Urban,1
LN2025103327,33,Female,Married,3,Salaried,8,81300.0,0.0,10800.0,796,Personal,520000.0,24,0.0,Urban,1
LN2025109231,37,Male,Married,2,Salaried,14,31900.0,58700.0,16600.0,640,Home,2805000.0,180,3230000.0,Semi-Urban,0
LN2025100720,32,Male,Married,0,Salaried,8,46400.0,0.0,0.0,676,Home,2370000.0,240,3160000.0,Semi-Urban,1
LN2025102734,35,Male,Married,2,SENP,16,75600.0,50200.0,0.0,757,Business,790000.0,36,1510000.0,Urban,1
LN2025107180,28,Female,Single,0,Salaried,4,37500.0,0.0,4600.0,678,Personal,370000.0,36,0.0,Urban,1
LN2025108915,35,Male,Married,1,Salaried,14,31100.0,13200.0,0.0,586,Home,1330000.0,300,2110000.0,Rural,0
LN2025102207,34,Female,Married,2,Salaried,10,22100.0,45200.0,0.0,-1,Vehicle,760000.0,60,1050000.0,Semi-Urban,1
LN2025108368,44,Female,Married,0,SENP,18,54100.0,0.0,0.0,728,Home,2490000.0,240,3700000.0,Urban,0
LN2025103524,32,Male,Married,2,Salaried,9,67100.0,0.0,0.0,739,Personal,440000.0,48,0.0,Urban,1
LN2025108011,33,Male,Married,1,SEP,3,49300.0,23000.0,0.0,815,Home,2590000.0,120,3460000.0,Rural,1
LN2025108634,29,Male,Single,0,Salaried,4,50400.0,0.0,10800.0,674,Personal,310000.0,60,0.0,Semi-Urban,0
LN2025108791,22,Female,Single,0,SENP,0,39200.0,0.0,9000.0,698,Vehicle,240000.0,48,290000.0,Rural,0
LN2025105371,44,Unknown,Married,1,SENP,20,56700.0,24100.0,11600.0,712,Business,520000.0,48,0.0,Rural,0
LN2025103679,30,Female,Married,2,SENP,0,44600.0,0.0,11600.0,767,Vehicle,390000.0,36,420000.0,Semi-Urban,0
LN2025103850,23,Male,Single,0,Salaried,5,23400.0,0.0,0.0,696,Personal,120000.0,24,0.0,Semi-Urban,0
LN2025101107,29,Male,Single,0,Salaried,5,88800.0,0.0,0.0,744,Home,3260000.0,120,4390000.0,Semi-Urban,1
LN2025105790,39,Male,Married,1,SENP,17,85000.0,53200.0,16000.0,876,Home,3930000.0,240,6750000.0,Semi-Urban,1
LN2025109195,41,Male,Single,0,Salaried,21,25800.0,0.0,2300.0,729,Vehicle,210000.0,60,260000.0,Semi-Urban,1
LN2025103836,30,Male,Married,0,SENP,10,57300.0,0.0,16800.0,793,Business,500000.0,84,0.0,Semi-Urban,1
LN2025101972,48,Male,Married,2,Salaried,27,82800.0,0.0,0.0,699,Personal,780000.0,36,0.0,Rural,1
LN2025109724,33,Male,Single,0,Salaried,9,33500.0,0.0,0.0,881,Vehicle,120000.0,24,140000.0,Rural,1
LN2025106757,45,Male,Single,0,Salaried,22,20300.0,20800.0,11900.0,-1,Home,2190000.0,180,3180000.0,Rural,0
LN2025107259,21,Male,Single,0,SENP,0,32000.0,0.0,0.0,880,Vehicle,560000.0,60,650000.0,Rural,0
LN2025106731,53,Male,Married,1,SENP,28,145400.0,0.0,95700.0,739,Vehicle,1170000.0,60,1180000.0,Semi-Urban,0
LN2025102346,38,Male,Married,2,Salaried,17,34900.0,0.0,0.0,667,Vehicle,590000.0,60,650000.0,Rural,0
LN2025102491,36,Female,Married,1,SEP,9,85900.0,0.0,0.0,767,Vehicle,590000.0,48,720000.0,Urban,1
LN2025105171,35,Female,Married,2,Salaried,13,53300.0,0.0,0.0,750,Personal,430000.0,12,0.0,Semi-Urban,0
LN2025100230,29,Female,Single,1,Salaried,4,16700.0,0.0,0.0,652,Personal,100000.0,48,0.0,Semi-Urban,0
LN2025105106,37,Male,Married,1,Salaried,14,55900.0,0.0,9100.0,632,Personal,170000.0,12,0.0,Rural,0
LN2025107000,28,Male,Single,0,Salaried,6,51000.0,0.0,0.0,745,Vehicle,830000.0,60,1030000.0,Semi-Urban,1
LN2025101588,38,Male,Single,0,SENP,16,38500.0,0.0,0.0,708,Business,240000.0,36,0.0,Semi-Urban,0
LN2025108538,39,Male,Married,0,Salaried,16,68700.0,29500.0,3500.0,771,Personal,1260000.0,48,0.0,Semi-Urban,1
LN2025103505,31,Male,Married,2,SENP,9,158300.0,0.0,0.0,722,Business,1280000.0,12,0.0,Rural,0
LN2025106548,51,Male,Married,0,SEP,25,117300.0,73700.0,6900.0,719,Business,2490000.0,12,3550000.0,Urban,0
LN2025106061,23,Male,Single,0,Salaried,0,26600.0,17300.0,6000.0,739,Home,2400000.0,300,3510000.0,Urban,0
LN2025101481,24,Male,Single,2,SEP,0,19900.0,0.0,0.0,801,Personal,150000.0,24,0.0,Urban,0
LN2025102707,41,Male,Married,3,SEP,12,145500.0,63200.0,31800.0,826,Business,1310000.0,48,0.0,Urban,1
LN2025101312,38,Female,Married,0,Salaried,14,45100.0,24400.0,16000.0,742,Home,6180000.0,240,8700000.0,Semi-Urban,0
LN2025106885,46,Male,Married,1,SENP,21,101400.0,0.0,0.0,798,Vehicle,1570000.0,60,2160000.0,Urban,1
LN2025104704,50,Male,Married,3,SENP,24,157000.0,0.0,59200.0,739,Vehicle,640000.0,60,660000.0,Urban,1
LN2025108189,25,Male,Single,1,SEP,0,63500.0,53400.0,0.0,611,Home,4230000.0,300,4720000.0,Urban,0
LN2025106296,31,Female,Married,2,Salaried,5,41400.0,0.0,7900.0,751,Personal,180000.0,60,0.0,Urban,1
LN2025108940,30,Female,Married,1,Salaried,7,48500.0,70100.0,0.0,713,Home,3240000.0,360,6180000.0,Rural,1
LN2025105847,70,Male,Married,2,SENP,17,57500.0,13700.0,0.0,740,Home,1570000.0,180,2350000.0,Rural,0
LN2025103964,35,Male,Married,2,SEP,9,44000.0,49400.0,0.0,782,Home,3380000.0,180,5110000.0,Rural,1
LN2025105925,42,Male,Married,2,Salaried,21,168900.0,61500.0,0.0,770,Vehicle,110000.0,24,150000.0,Urban,1
LN2025106126,42,Male,Married,1,Salaried,18,45500.0,0.0,0.0,805,Vehicle,100000.0,24,100000.0,Urban,1
LN2025108513,37,Male,Married,2,Salaried,12,99100.0,0.0,0.0,759,Personal,2020000.0,24,0.0,Urban,0
LN2025104426,29,Male,Single,0,SENP,7,46000.0,0.0,0.0,773,Business,440000.0,36,1110000.0,Semi-Urban,1
LN2025100403,34,Male,Married,3,Salaried,10,21400.0,39200.0,0.0,801,Personal,280000.0,24,0.0,Semi-Urban,1
LN2025107522,32,Male,Married,3,Salaried,7,95200.0,48900.0,0.0,-1,Vehicle,110000.0,24,140000.0,Urban,1
LN2025101006,36,Male,Single,0,Salaried,12,55000.0,0.0,11200.0,702,Personal,410000.0,48,0.0,Urban,0
LN2025108162,21,Female,Single,0,Salaried,0,24300.0,0.0,11200.0,709,Vehicle,140000.0,24,150000.0,Urban,0
LN2025105160,39,Male,Married,0,SEP,9,73700.0,20200.0,0.0,743,Vehicle,730000.0,48,770000.0,Urban,1
LN2025105827,30,Male,Married,0,Salaried,4,29800.0,0.0,10900.0,655,Vehicle,70000.0,24,70000.0,Urban,1
LN2025106470,35,Female,Married,2,SEP,6,76100.0,50400.0,40400.0,857,Vehicle,730000.0,48,810000.0,Urban,1
LN2025100450,34,Male,Married,0,Salaried,10,39300.0,0.0,17300.0,767,Vehicle,260000.0,60,330000.0,Urban,0
LN2025101664,30,Male,Married,2,SENP,6,38400.0,0.0,0.0,794,Vehicle,150000.0,84,160000.0,Urban,1
LN2025106597,43,Female,Married,1,Salaried,19,101600.0,45000.0,28700.0,605,Personal,660000.0,24,0.0,Urban,0
LN2025100216,29,Male,Married,3,Salaried,6,28200.0,47300.0,0.0,839,Vehicle,690000.0,60,710000.0,Urban,1
LN2025107551,30,Male,Married,1,Salaried,4,18300.0,19500.0,4600.0,811,Home,680000.0,180,920000.0,Rural,1
LN2025108544,31,Male,Single,0,Salaried,7,44500.0,0.0,8900.0,717,Home,1180000.0,240,1740000.0,Urban,1
LN2025106283,29,Male,Single,2,Salaried,5,23400.0,0.0,0.0,782,Home,650000.0,240,1480000.0,Urban,1
LN2025100245,45,Male,Married,1,SEP,16,100000.0,0.0,0.0,798,Personal,860000.0,60,0.0,Semi-Urban,1
LN2025100114,36,Female,Married,3,SEP,10,55500.0,0.0,4000.0,643,Home,1850000.0,240,3110000.0,Rural,0
LN2025104025,29,Male,Single,1,Salaried,5,41600.0,0.0,0.0,758,Vehicle,970000.0,48,1060000.0,Urban,0
LN2025103955,44,Male,Married,3,SEP,15,149800.0,44800.0,0.0,737,Business,1290000.0,60,3110000.0,Urban,1
LN2025108017,53,Male,Single,1,Salaried,33,68500.0,0.0,0.0,870,Vehicle,860000.0,48,1020000.0,Urban,1
LN2025105491,51,Female,Married,3,SEP,24,179900.0,41600.0,0.0,794,Home,11010000.0,120,20340000.0,Urban,1
LN2025102402,24,Male,Single,1,Salaried,3,37400.0,0.0,0.0,537,Vehicle,760000.0,48,890000.0,Semi-Urban,0
LN2025105110,46,Female,Married,0,Salaried,20,61900.0,0.0,30500.0,729,Personal,420000.0,60,0.0,Urban,0
LN2025105774,43,Male,Married,1,SENP,22,77100.0,21300.0,0.0,-1,Home,5740000.0,180,7670000.0,Rural,0
LN2025101564,29,Female,Married,1,SEP,2,113100.0,0.0,8700.0,753,Personal,720000.0,36,0.0,Semi-Urban,1
LN2025108583,40,Female,Married,3,SEP,13,80600.0,40600.0,0.0,645,Business,1480000.0,12,0.0,Semi-Urban,0
LN2025101458,23,Female,Single,3,Salaried,1,62300.0,0.0,0.0,-1,Vehicle,370000.0,60,370000.0,Semi-Urban,1
LN2025103464,29,Male,Single,0,Salaried,7,16200.0,0.0,1300.0,681,Vehicle,200000.0,60,270000.0,Rural,0
LN2025106972,44,Male,Married,0,Salaried,20,102500.0,0.0,0.0,622,Vehicle,1060000.0,84,1300000.0,Urban,0
LN2025107824,60,Female,Married,3,SEP,33,75600.0,72500.0,25800.0,800,Home,6080000.0,240,8020000.0,Rural,0
LN2025107447,42,Female,Married,1,Salaried,18,54700.0,40200.0,0.0,691,Home,3210000.0,180,5170000.0,Urban,1
LN2025107005,38,Female,Single,0,Salaried,12,26500.0,0.0,6000.0,755,Personal,400000.0,24,0.0,Urban,0
LN2025108004,36,Female,Married,3,Salaried,11,122400.0,0.0,4800.0,758,Home,4800000.0,240,9330000.0,Urban,1
LN2025104207,34,Male,Single,0,Salaried,11,134800.0,0.0,0.0,690,Personal,1330000.0,60,0.0,Urban,1
LN2025105762,63,Female,Married,2,SENP,41,43700.0,22900.0,3600.0,675,Home,1910000.0,300,3650000.0,Semi-Urban,0
LN2025109553,36,Male,Married,2,Salaried,15,22800.0,75400.0,11300.0,650,Home,3180000.0,240,4370000.0,Urban,1
LN2025106350,43,Female,Married,2,SENP,14,262700.0,0.0,0.0,753,Personal,570000.0,24,0.0,Urban,1
LN2025107981,36,Male,Married,2,Salaried,15,41400.0,0.0,0.0,763,Personal,370000.0,36,0.0,Semi-Urban,1
LN2025100626,39,Male,Married,1,Salaried,17,33500.0,0.0,0.0,778,Vehicle,460000.0,60,480000.0,Urban,1
LN2025108880,31,Male,Married,0,Salaried,8,25400.0,0.0,0.0,835,Home,940000.0,240,2260000.0,Rural,1
LN2025102371,40,Male,Married,2,Salaried,19,96200.0,0.0,20500.0,725,Vehicle,1760000.0,60,2410000.0,Urban,0
LN2025102588,34,Male,Married,0,Salaried,12,35700.0,0.0,0.0,794,Personal,290000.0,48,0.0,Semi-Urban,1
LN2025101386,47,Unknown,Married,1,SENP,19,172700.0,28300.0,0.0,727,Vehicle,130000.0,24,140000.0,Urban,1
LN2025109763,35,Male,Married,3,Salaried,13,28500.0,0.0,0.0,751,Vehicle,70000.0,36,80000.0,Semi-Urban,1
LN2025107474,42,Female,Married,2,Salaried,21,46200.0,19200.0,0.0,836,Vehicle,100000.0,36,140000.0,Semi-Urban,1
LN2025100277,27,Male,Single,0,Salaried,4,30100.0,0.0,0.0,789,Vehicle,490000.0,36,560000.0,Urban,0
LN2025101407,40,Male,Married,2,Salaried,17,95700.0,128500.0,0.0,708,Personal,990000.0,36,0.0,Urban,1
LN2025108786,33,Male,Single,0,Salaried,12,34500.0,0.0,0.0,693,Vehicle,280000.0,60,320000.0,Rural,0
LN2025108447,35,Male,Married,1,SENP,6,48200.0,0.0,0.0,831,Personal,370000.0,12,0.0,Urban,0
LN2025102369,36,Female,Married,1,Salaried,10,42700.0,34700.0,0.0,704,Home,2800000.0,240,5300000.0,Rural,0
LN2025108240,47,Female,Married,3,SENP,22,158600.0,0.0,0.0,780,Vehicle,2070000.0,60,2360000.0,Urban,1
LN2025108071,33,Male,Married,0,SENP,4,49600.0,0.0,9500.0,727,Business,270000.0,36,0.0,Semi-Urban,0
LN2025108842,37,Male,Married,0,Salaried,13,88200.0,0.0,0.0,729,Personal,390000.0,48,0.0,Rural,1
LN2025101073,34,Male,Married,1,SEP,7,76900.0,0.0,0.0,814,Business,230000.0,48,370000.0,Urban,1
LN2025105734,31,Female,Married,2,Salaried,7,37200.0,39700.0,0.0,763,Home,1840000.0,300,2230000.0,Semi-Urban,1
LN2025103225,34,Male,Married,3,Salaried,9,74000.0,33500.0,3100.0,786,Home,4050000.0,300,6840000.0,Urban,1
LN2025100830,37,Female,Married,2,Salaried,12,48400.0,0.0,0.0,814,Personal,420000.0,36,0.0,Semi-Urban,1
LN2025106799,32,Female,Married,2,Salaried,10,35200.0,0.0,0.0,751,Vehicle,250000.0,60,260000.0,Semi-Urban,1
LN2025103071,53,Male,Married,2,SEP,26,256400.0,0.0,0.0,794,Personal,2860000.0,48,0.0,Semi-Urban,1
LN2025100811,38,Female,Married,2,Salaried,15,81700.0,26800.0,9500.0,631,Home,3530000.0,240,5410000.0,Urban,0
LN2025105474,34,Male,Married,0,SENP,8,63100.0,0.0,10400.0,660,Personal,350000.0,36,0.0,Urban,0
LN2025103706,31,Female,Married,3,Salaried,9,45100.0,0.0,0.0,-1,Personal,840000.0,24,0.0,Rural,0
LN2025104728,29,Female,Married,3,Salaried,5,18000.0,0.0,4100.0,795,Vehicle,420000.0,60,170000.0,Rural,1
LN2025109183,26,Male,Married,2,Salaried,1,17100.0,48900.0,0.0,-1,Home,3030000.0,300,4900000.0,Semi-Urban,1
LN2025101758,29,Male,Married,1,Salaried,8,44000.0,0.0,8100.0,702,Personal,450000.0,24,0.0,Semi-Urban,1
LN2025103349,43,Male,Married,3,SENP,20,37600.0,0.0,9200.0,709,Business,230000.0,36,0.0,Semi-Urban,0
LN2025103381,32,Male,Single,0,Salaried,8,31500.0,0.0,0.0,638,Personal,250000.0,48,0.0,Rural,0
LN2025104190,38,Male,Single,0,Salaried,14,76200.0,0.0,0.0,780,Personal,230000.0,24,0.0,Urban,1
LN2025102575,29,Male,Single,0,Salaried,6,41700.0,0.0,4900.0,687,Vehicle,690000.0,48,760000.0,Rural,0
LN2025102242,39,Male,Married,2,Salaried,14,13000.0,0.0,3600.0,780,Home,500000.0,180,840000.0,Rural,0
LN2025107042,33,Male,Married,2,Salaried,10,80500.0,0.0,0.0,833,Home,3810000.0,300,5740000.0,Urban,1
LN2025104312,40,Female,Married,3,SENP,20,172700.0,0.0,10600.0,615,Business,740000.0,36,2080000.0,Urban,0
LN2025108803,37,Male,Single,0,Salaried,15,58600.0,0.0,4200.0,720,Personal,380000.0,36,0.0,Urban,1
LN2025102817,47,Male,Single,1,SEP,17,199300.0,0.0,0.0,758,Vehicle,90000.0,24,100000.0,Urban,1
LN2025109011,40,Female,Single,0,Salaried,14,38700.0,0.0,8400.0,681,Personal,340000.0,36,0.0,Urban,0
LN2025103462,29,Female,Married,0,Salaried,7,38200.0,19500.0,0.0,727,Home,2350000.0,300,3280000.0,Semi-Urban,1
LN2025106819,35,Female,Married,3,Salaried,14,72400.0,0.0,20000.0,744,Personal,740000.0,24,0.0,Urban,0
LN2025103650,28,Female,Single,2,Salaried,3,14300.0,0.0,0.0,725,Personal,80000.0,60,0.0,Semi-Urban,0
LN2025108352,35,Male,Married,2,Salaried,13,84700.0,33300.0,8600.0,778,Home,3380000.0,240,6110000.0,Semi-Urban,1
LN2025108766,20,Male,Single,0,Salaried,2,25400.0,0.0,0.0,644,Vehicle,150000.0,48,180000.0,Semi-Urban,1
LN2025106988,41,Male,Married,2,Salaried,19,56900.0,0.0,12200.0,705,Personal,520000.0,60,0.0,Semi-Urban,1
LN2025104180,31,Male,Married,1,Salaried,12,84100.0,67500.0,0.0,722,Business,1470000.0,36,0.0,Urban,0
LN2025106396,40,Male,Married,0,Salaried,16,30300.0,31600.0,0.0,759,Vehicle,80000.0,36,100000.0,Rural,1
LN2025101241,39,Male,Married,0,SEP,10,92500.0,0.0,0.0,550,Business,560000.0,12,0.0,Rural,0
LN2025107811,48,Male,Married,2,SEP,21,279800.0,0.0,0.0,766,Business,1690000.0,12,0.0,Semi-Urban,1
LN2025107393,32,Male,Single,0,SENP,8,66300.0,0.0,4400.0,707,Home,2930000.0,240,3680000.0,Urban,1
LN2025108135,50,Male,Single,0,SENP,25,66700.0,36500.0,0.0,710,Business,310000.0,84,550000.0,Semi-Urban,1
LN2025109841,28,Male,Married,3,Salaried,5,40600.0,0.0,0.0,770,Vehicle,330000.0,84,370000.0,Rural,1
LN2025107773,28,Male,Married,3,Salaried,4,25100.0,56000.0,0.0,683,Home,1730000.0,300,1920000.0,Urban,0
LN2025108234,49,Male,Married,3,SEP,24,151200.0,0.0,0.0,754,Personal,820000.0,24,0.0,Urban,1
LN2025108843,37,Male,Married,3,Salaried,15,101700.0,0.0,0.0,758,Personal,730000.0,36,0.0,Urban,1
LN2025107467,42,Male,Married,0,SENP,18,37300.0,0.0,5100.0,670,Business,860000.0,24,0.0,Rural,0
LN2025103614,46,Female,Married,2,Salaried,20,30100.0,0.0,7500.0,716,Vehicle,70000.0,12,100000.0,Urban,1
LN2025100655,39,Female,Married,3,SENP,18,161600.0,0.0,0.0,699,Home,11050000.0,240,23670000.0,Urban,0
LN2025101097,46,Male,Widowed,0,SENP,26,18200.0,0.0,0.0,720,Home,1180000.0,180,3220000.0,Rural,0
LN2025102816,40,Female,Married,1,SENP,18,207600.0,0.0,6800.0,702,Vehicle,3940000.0,60,4240000.0,Urban,1
LN2025102484,64,Male,Single,2,SENP,42,35100.0,0.0,7500.0,714,Vehicle,210000.0,84,220000.0,Semi-Urban,0
LN2025104047,38,Male,Married,0,SEP,9,125100.0,51500.0,11000.0,784,Personal,990000.0,36,0.0,Semi-Urban,1
LN2025102557,35,Male,Married,2,Salaried,14,61600.0,22800.0,0.0,796,Home,3240000.0,180,3770000.0,Urban,0
LN2025107223,32,Male,Married,3,Salaried,12,146500.0,0.0,0.0,788,Personal,370000.0,36,0.0,Urban,1
LN2025109289,31,Male,Married,1,Salaried,12,66300.0,0.0,0.0,731,Vehicle,120000.0,36,150000.0,Semi-Urban,1
LN2025108443,38,Female,Single,0,SENP,9,53100.0,0.0,0.0,819,Business,190000.0,60,300000.0,Urban,1
LN2025103457,37,Male,Married,2,Salaried,15,58500.0,28400.0,0.0,735,Home,2805000.0,240,4170000.0,Rural,1
LN2025106977,38,Female,Married,2,SEP,9,24500.0,0.0,0.0,739,Vehicle,210000.0,60,230000.0,Urban,1
LN2025107493,40,Male,Married,0,Salaried,17,55400.0,48700.0,12700.0,597,Home,5700000.0,240,9160000.0,Semi-Urban,0
LN2025107419,35,Unknown,Married,3,Salaried,9,17100.0,45300.0,0.0,746,Home,1870000.0,240,4020000.0,Semi-Urban,1
LN2025100768,32,Female,Single,0,SENP,2,41200.0,0.0,0.0,735,Business,360000.0,60,590000.0,Urban,0
LN2025104779,24,Male,Single,1,Salaried,0,31200.0,0.0,2000.0,-1,Vehicle,660000.0,60,730000.0,Urban,0
LN2025106607,34,Male,Married,1,Salaried,12,40900.0,0.0,2600.0,767,Personal,510000.0,60,0.0,Urban,1
LN2025102083,34,Male,Married,2,Salaried,11,77400.0,0.0,0.0,786,Home,3740000.0,240,4830000.0,Urban,1
LN2025102736,33,Male,Married,2,Salaried,9,19200.0,0.0,3300.0,651,Personal,180000.0,60,0.0,Rural,0
LN2025108452,29,Female,Married,0,Salaried,3,13800.0,32400.0,0.0,730,Home,2430000.0,240,3130000.0,Semi-Urban,1
LN2025107710,37,Male,Married,1,Salaried,11,21700.0,41300.0,8400.0,708,Home,1400000.0,120,3250000.0,Urban,1
LN2025104959,35,Female,Married,2,SEP,7,67700.0,0.0,0.0,780,Home,2800000.0,120,3790000.0,Urban,0
LN2025101815,29,Male,Married,3,Salaried,4,28600.0,33300.0,0.0,798,Vehicle,540000.0,48,600000.0,Semi-Urban,1
LN2025100549,37,Male,Married,2,Salaried,15,73500.0,29400.0,4100.0,743,Home,2700000.0,240,4020000.0,Semi-Urban,1
LN2025104388,43,Female,Married,1,Salaried,23,75200.0,0.0,18100.0,817,Vehicle,420000.0,36,480000.0,Urban,1
LN2025102243,48,Male,Married,1,Salaried,24,147500.0,0.0,0.0,746,Personal,1470000.0,48,0.0,Urban,1
LN2025105301,44,Male,Single,0,Salaried,24,76100.0,0.0,13700.0,729,Vehicle,580000.0,60,820000.0,Urban,1
LN2025104791,50,Female,Married,1,Salaried,26,66900.0,19700.0,8200.0,773,Business,460000.0,84,1190000.0,Rural,1
LN2025101912,24,Male,Married,1,SEP,0,61400.0,0.0,0.0,699,Personal,420000.0,36,0.0,Urban,0
LN2025104727,49,Male,Unknown,0,Salaried,23,67200.0,0.0,18000.0,644,Personal,880000.0,36,0.0,Urban,0
LN2025100604,42,Female,Married,2,Salaried,17,77500.0,39400.0,0.0,739,Home,5840000.0,180,7010000.0,Urban,0
LN2025106867,30,Female,Married,0,Salaried,9,21200.0,20400.0,6000.0,692,Home,910000.0,300,1620000.0,Rural,1
LN2025105519,42,Male,Married,1,SEP,11,228700.0,0.0,0.0,900,Business,2980000.0,84,6040000.0,Urban,1
LN2025104738,45,Male,Married,2,Salaried,24,34000.0,11900.0,10400.0,635,Home,1580000.0,180,2300000.0,Rural,0
LN2025105518,52,Male,Married,0,SENP,30,114400.0,39700.0,0.0,-1,Vehicle,2490000.0,48,3230000.0,Semi-Urban,1
LN2025101841,27,Male,Married,1,Salaried,3,21700.0,0.0,3200.0,647,Personal,100000.0,60,0.0,Semi-Urban,0
LN2025104847,40,Female,Married,3,Salaried,19,58700.0,0.0,0.0,659,Personal,210000.0,24,0.0,Urban,0
LN2025108116,32,Male,Married,3,Salaried,7,41700.0,29000.0,37700.0,659,Home,2690000.0,180,5120000.0,Urban,0
LN2025105685,38,Female,Married,1,Salaried,16,96000.0,0.0,0.0,715,Personal,930000.0,24,0.0,Urban,1
LN2025101801,32,Male,Unknown,2,Salaried,10,18700.0,8300.0,0.0,771,Personal,80000.0,36,0.0,Rural,1
LN2025103844,33,Male,Married,0,Salaried,8,95400.0,0.0,3800.0,757,Vehicle,110000.0,36,110000.0,Urban,1
LN2025105295,32,Male,Single,0,Salaried,8,66700.0,0.0,0.0,718,Personal,470000.0,36,0.0,Urban,1
LN2025105008,20,Male,Single,0,Salaried,0,14600.0,0.0,0.0,712,Vehicle,140000.0,84,170000.0,Semi-Urban,1
LN2025101164,38,Male,Married,2,Salaried,14,38300.0,45100.0,0.0,645,Vehicle,390000.0,84,400000.0,Urban,0
LN2025108728,59,Male,Married,0,SENP,32,89800.0,0.0,3600.0,741,Business,600000.0,60,0.0,Semi-Urban,1
LN2025109544,27,Female,Married,2,Salaried,3,34500.0,18600.0,0.0,741,Home,1360000.0,300,2450000.0,Semi-Urban,1
LN2025105948,25,Male,Married,0,Salaried,7,44300.0,0.0,0.0,717,Home,2250000.0,360,4900000.0,Semi-Urban,0
LN2025109327,47,Male,Single,0,SENP,24,128700.0,0.0,15500.0,777,Business,1060000.0,84,2570000.0,Urban,1
LN2025102592,26,Male,Single,0,Salaried,4,60200.0,0.0,0.0,743,Personal,310000.0,48,0.0,Urban,1
LN2025100717,36,Male,Married,2,Salaried,16,39400.0,34900.0,0.0,760,Home,1970000.0,240,2470000.0,Urban,1
LN2025104241,26,Male,Single,0,SEP,0,166500.0,0.0,0.0,739,Vehicle,3750000.0,84,4060000.0,Urban,0
LN2025100239,29,Male,Married,3,Salaried,5,44800.0,0.0,0.0,739,Vehicle,90000.0,12,100000.0,Urban,1
LN2025107276,40,Male,Single,0,SENP,16,50600.0,0.0,5800.0,712,Business,630000.0,84,0.0,Rural,1
LN2025101323,51,Male,Married,2,SENP,22,53000.0,0.0,7600.0,783,Business,460000.0,60,940000.0,Urban,1
LN2025107016,27,Male,Unknown,2,Salaried,4,20700.0,0.0,1600.0,670,Personal,120000.0,24,0.0,Semi-Urban,0
LN2025107877,37,Male,Married,2,SENP,10,140000.0,0.0,25400.0,797,Business,2220000.0,60,3800000.0,Urban,0
LN2025100027,24,Male,Married,1,SEP,0,73200.0,18000.0,0.0,718,Business,690000.0,24,0.0,Semi-Urban,0
LN2025109245,34,Male,Married,0,Salaried,9,22300.0,0.0,0.0,787,Vehicle,300000.0,84,310000.0,Semi-Urban,1
LN2025109122,51,Female,Married,0,SENP,26,193900.0,64200.0,0.0,783,Personal,1450000.0,24,0.0,Urban,1
LN2025107472,33,Male,Married,1,Salaried,7,38100.0,0.0,2300.0,733,Personal,210000.0,36,0.0,Urban,0
LN2025105065,38,Male,Married,2,Salaried,15,51500.0,0.0,10800.0,843,Personal,230000.0,48,0.0,Urban,1
LN2025108959,44,Unknown,Married,3,Salaried,18,78900.0,0.0,0.0,845,Personal,320000.0,60,0.0,Rural,1
LN2025101230,24,Female,Single,2,Salaried,4,42800.0,0.0,0.0,-1,Personal,320000.0,24,0.0,Semi-Urban,0
LN2025104019,27,Female,Single,2,Salaried,3,39600.0,0.0,0.0,833,Home,2240000.0,300,3220000.0,Urban,1
LN2025109223,36,Male,Married,2,Salaried,11,54400.0,59900.0,0.0,806,Personal,770000.0,48,0.0,Urban,1
LN2025107074,31,Female,Married,3,SEP,1,190500.0,0.0,0.0,747,Home,3130000.0,240,5920000.0,Rural,0
LN2025100305,45,Female,Married,3,SEP,18,68900.0,0.0,0.0,760,Vehicle,870000.0,60,880000.0,Rural,1
LN2025103579,42,Female,Married,2,Salaried,17,46900.0,0.0,0.0,707,Vehicle,100000.0,12,110000.0,Rural,1
LN2025100731,34,Male,Married,2,Salaried,8,28800.0,46200.0,10100.0,784,Personal,270000.0,48,0.0,Semi-Urban,1
LN2025100895,31,Male,Married,3,Salaried,7,117200.0,0.0,0.0,747,Personal,590000.0,60,0.0,Urban,1
LN2025107226,26,Male,Married,1,Salaried,2,51500.0,0.0,0.0,765,Personal,660000.0,48,0.0,Urban,1
LN2025108306,38,Male,Married,3,Salaried,16,30400.0,0.0,3500.0,779,Personal,190000.0,12,0.0,Semi-Urban,0
LN2025103936,27,Male,Married,3,Salaried,5,23900.0,0.0,6400.0,686,Personal,190000.0,24,0.0,Semi-Urban,1
LN2025100205,41,Female,Unknown,0,Salaried,17,52300.0,0.0,0.0,788,Home,790000.0,240,1080000.0,Semi-Urban,0
LN2025108598,33,Male,Married,2,Salaried,7,53800.0,0.0,0.0,717,Vehicle,360000.0,60,470000.0,Urban,1
LN2025106581,62,Male,Married,0,SENP,42,72400.0,0.0,27400.0,707,Vehicle,440000.0,36,520000.0,Urban,0
LN2025104992,40,Female,Married,0,SEP,13,125100.0,0.0,5200.0,830,Vehicle,60000.0,24,60000.0,Urban,1
LN2025100100,49,Male,Married,1,SENP,27,242300.0,21500.0,54800.0,794,Business,1740000.0,36,2660000.0,Urban,1
LN2025101094,43,Male,Married,3,Salaried,21,178500.0,0.0,22800.0,634,Vehicle,1290000.0,60,1800000.0,Urban,0
LN2025106624,38,Male,Married,2,Salaried,16,44200.0,81000.0,0.0,739,Home,5260000.0,240,7070000.0,Semi-Urban,1
LN2025103122,25,Male,Single,0,Salaried,2,13500.0,0.0,0.0,703,Vehicle,340000.0,48,400000.0,Rural,0
LN2025101606,24,Female,Single,0,Salaried,2,19300.0,0.0,7700.0,747,Vehicle,100000.0,48,110000.0,Rural,0
LN2025101983,32,Female,Married,3,SENP,7,31900.0,18400.0,0.0,675,Home,1250000.0,180,2020000.0,Semi-Urban,0
LN2025107305,45,Female,Married,3,SEP,19,344800.0,0.0,74400.0,751,Personal,2680000.0,36,0.0,Urban,1
LN2025109421,35,Male,Married,2,Salaried,12,68700.0,0.0,9300.0,649,Vehicle,1070000.0,36,1240000.0,Urban,0
LN2025108458,37,Male,Married,1,Salaried,15,59500.0,0.0,0.0,811,Home,1730000.0,240,2330000.0,Urban,1
LN2025104837,57,Male,Married,1,SEP,26,47900.0,0.0,16300.0,-1,Vehicle,540000.0,48,670000.0,Rural,0
LN2025100198,42,Female,Divorced,0,Salaried,20,83200.0,18400.0,16100.0,739,Home,4050000.0,180,5650000.0,Urban,1
LN2025101471,21,Male,Single,0,SENP,0,145800.0,0.0,0.0,743,Business,1130000.0,36,0.0,Urban,0
LN2025109783,48,Female,Married,2,SENP,26,54300.0,0.0,0.0,734,Vehicle,90000.0,12,90000.0,Urban,1
LN2025106037,30,Male,Married,0,Salaried,5,37300.0,39600.0,0.0,822,Home,5460000.0,180,7550000.0,Urban,0
LN2025104000,38,Male,Married,1,Salaried,14,79800.0,0.0,0.0,742,Vehicle,600000.0,48,720000.0,Urban,1
LN2025107374,45,Male,Married,1,SENP,16,25000.0,35200.0,11400.0,796,Personal,160000.0,24,0.0,Urban,0
LN2025105456,46,Female,Married,2,SENP,19,72600.0,38800.0,1700.0,721,Home,4610000.0,180,8870000.0,Semi-Urban,1
LN2025102112,39,Male,Married,3,SEP,8,141800.0,0.0,44600.0,775,Personal,830000.0,48,0.0,Urban,1
LN2025107191,32,Male,Married,1,Salaried,9,57800.0,0.0,5300.0,758,Home,1680000.0,300,2680000.0,Urban,1
LN2025108975,40,Male,Married,3,Salaried,18,55900.0,16600.0,0.0,643,Vehicle,680000.0,60,700000.0,Rural,0
LN2025100845,27,Male,Married,2,Salaried,5,53000.0,0.0,0.0,675,Personal,290000.0,36,0.0,Urban,1
LN2025105355,42,Male,Married,1,SEP,14,247400.0,0.0,0.0,769,Business,1000000.0,24,0.0,Urban,1
LN2025104881,38,Male,Married,2,Salaried,15,43800.0,0.0,0.0,796,Personal,280000.0,24,0.0,Urban,1
LN2025109609,36,Female,Married,0,Salaried,15,66700.0,0.0,0.0,673,Personal,340000.0,36,0.0,Semi-Urban,0
LN2025107591,36,Male,Married,1,Salaried,11,33900.0,0.0,3700.0,727,Personal,320000.0,24,0.0,Rural,0
LN2025100858,41,Male,Single,0,Salaried,19,32000.0,0.0,6400.0,762,Personal,220000.0,36,0.0,Rural,1
LN2025106371,27,Female,Married,2,Salaried,2,34600.0,0.0,0.0,750,Vehicle,450000.0,60,470000.0,Urban,1
LN2025109269,38,Male,Married,2,Salaried,18,40200.0,21300.0,0.0,739,Home,2130000.0,240,3170000.0,Rural,1
LN2025107434,54,Male,Married,2,SEP,25,189900.0,111100.0,17100.0,783,Home,12090000.0,120,20670000.0,Urban,1
LN2025106586,32,Transgender,Married,2,Salaried,10,53300.0,33000.0,0.0,673,Home,4250000.0,240,5910000.0,Urban,0
LN2025103454,29,Female,Married,1,Salaried,5,22600.0,0.0,0.0,-1,Home,550000.0,240,820000.0,Semi-Urban,1
LN2025105772,44,Male,Married,2,Salaried,18,22400.0,63600.0,0.0,716,Home,2840000.0,180,5080000.0,Rural,1
LN2025100329,38,Female,Married,2,Salaried,15,54600.0,0.0,0.0,789,Personal,170000.0,12,0.0,Rural,1
LN2025100653,36,Male,Married,2,SENP,9,43400.0,0.0,0.0,667,Business,320000.0,48,850000.0,Rural,1
LN2025109768,21,Male,Single,0,Salaried,0,24300.0,239400.0,0.0,800,Home,11290000.0,240,16800000.0,Urban,0
LN2025105321,35,Male,Married,2,SENP,10,44900.0,0.0,13900.0,761,Home,1560000.0,180,2350000.0,Semi-Urban,0
LN2025103405,35,Male,Married,2,Salaried,9,29500.0,54100.0,0.0,783,Home,2440000.0,300,3010000.0,Rural,1
LN2025108765,36,Male,Married,0,Salaried,12,60200.0,62700.0,0.0,821,Home,2540000.0,240,3390000.0,Urban,1
LN2025102283,39,Male,Married,2,Salaried,17,92000.0,0.0,0.0,590,Vehicle,1180000.0,36,1370000.0,Urban,0
LN2025105105,34,Female,Married,2,SEP,3,48400.0,25700.0,0.0,703,Home,2540000.0,180,4610000.0,Semi-Urban,1
LN2025104691,37,Male,Single,0,Salaried,16,58500.0,0.0,0.0,740,Business,230000.0,60,440000.0,Semi-Urban,1
LN2025102699,42,Female,Married,1,SENP,17,22200.0,0.0,4700.0,716,Home,1030000.0,240,1650000.0,Rural,0
LN2025107110,34,Male,Married,2,Salaried,14,65700.0,0.0,0.0,705,Personal,680000.0,60,0.0,Urban,0
LN2025109036,43,Male,Married,3,Salaried,22,74700.0,30100.0,2300.0,865,Home,3850000.0,120,11000000.0,Semi-Urban,1
LN2025106991,54,Male,Single,0,SENP,25,403900.0,0.0,0.0,754,Home,7210000.0,120,11190000.0,Urban,1
LN2025106091,31,Male,Married,1,SENP,8,31200.0,0.0,0.0,701,Business,410000.0,36,1080000.0,Semi-Urban,1
LN2025101124,30,Male,Married,0,Salaried,4,41400.0,0.0,0.0,650,Vehicle,480000.0,60,680000.0,Semi-Urban,1
LN2025105449,30,Female,Single,0,SENP,11,88800.0,0.0,0.0,584,Personal,620000.0,36,0.0,Urban,0
LN2025104522,35,Male,Married,0,SENP,9,82400.0,0.0,0.0,779,Business,160000.0,60,230000.0,Urban,0
LN2025105322,37,Female,Married,1,SENP,15,40500.0,26300.0,0.0,735,Home,1470000.0,300,1960000.0,Rural,1
LN2025104475,42,Male,Single,1,Salaried,21,56200.0,0.0,7900.0,698,Personal,570000.0,36,0.0,Urban,1
LN2025108210,35,Male,Married,3,Salaried,13,69700.0,49700.0,0.0,778,Home,2950000.0,300,4040000.0,Semi-Urban,1
LN2025106209,42,Male,Widowed,0,Salaried,22,51500.0,0.0,6200.0,751,Vehicle,190000.0,36,270000.0,Urban,1
LN2025100038,50,Female,Married,2,Salaried,26,67200.0,0.0,5600.0,767,Personal,1250000.0,36,0.0,Urban,0
LN2025109013,28,Male,Single,3,Salaried,8,46100.0,0.0,0.0,617,Personal,220000.0,48,0.0,Semi-Urban,0
LN2025109318,54,Male,Married,2,SENP,30,78500.0,0.0,0.0,769,Vehicle,280000.0,36,300000.0,Urban,1
LN2025108334,51,Male,Married,1,SEP,23,83000.0,0.0,0.0,682,Home,1270000.0,120,1620000.0,Semi-Urban,1
LN2025107937,41,Male,Married,2,SENP,14,64900.0,30500.0,8500.0,719,Home,5600000.0,240,8870000.0,Urban,0
LN2025102640,42,Male,Married,2,SENP,13,50350.0,0.0,0.0,841,Business,430000.0,36,0.0,Rural,1
LN2025105307,48,Unknown,Married,2,Salaried,25,61900.0,0.0,6000.0,823,Vehicle,430000.0,36,590000.0,Urban,1
LN2025109232,36,Female,Married,3,Salaried,14,83000.0,0.0,17300.0,722,Personal,510000.0,48,0.0,Urban,1
LN2025105413,33,Female,Married,0,Salaried,8,41800.0,0.0,0.0,733,Vehicle,140000.0,84,160000.0,Semi-Urban,1
LN2025109536,42,Female,Married,3,Salaried,22,38500.0,25300.0,0.0,639,Business,850000.0,36,1630000.0,Semi-Urban,0
LN2025102645,37,Male,Married,1,Salaried,15,40600.0,19400.0,0.0,777,Home,2210000.0,120,3670000.0,Urban,1
LN2025101390,30,Male,Single,0,Salaried,6,25000.0,0.0,0.0,806,Personal,100000.0,24,0.0,Urban,1
LN2025103095,44,Male,Married,3,SEP,17,170300.0,32200.0,0.0,587,Business,3160000.0,60,0.0,Urban,0
LN2025105985,29,Male,Single,3,Salaried,4,54900.0,0.0,0.0,828,Vehicle,1410000.0,48,1520000.0,Urban,0
LN2025109174,34,Male,Married,3,SEP,3,67300.0,0.0,11600.0,753,Business,500000.0,24,0.0,Semi-Urban,0
LN2025107782,33,Male,Married,3,SEP,5,74100.0,0.0,15800.0,761,Business,620000.0,36,1170000.0,Rural,1
LN2025101087,35,Male,Married,1,Salaried,13,48600.0,0.0,10400.0,759,Vehicle,190000.0,84,200000.0,Rural,1
LN2025105678,28,Male,Single,0,Salaried,7,30300.0,0.0,0.0,682,Vehicle,130000.0,36,160000.0,Urban,1
LN2025102069,53,Male,Widowed,1,SEP,27,232200.0,0.0,0.0,879,Home,6620000.0,120,8890000.0,Rural,1
LN2025107077,31,Male,Married,0,Salaried,7,21700.0,0.0,2900.0,696,Personal,100000.0,36,0.0,Rural,0
LN2025104364,54,Male,Married,0,SENP,28,192800.0,0.0,0.0,842,Home,5920000.0,120,7860000.0,Urban,1
LN2025100409,50,Male,Married,2,SEP,19,163500.0,0.0,24700.0,779,Vehicle,80000.0,12,110000.0,Urban,1
LN2025100155,28,Male,Single,0,Salaried,7,45900.0,0.0,0.0,783,Personal,410000.0,24,0.0,Urban,1
LN2025103083,41,Female,Married,0,SENP,16,70800.0,0.0,0.0,-1,Personal,240000.0,36,0.0,Urban,0
LN2025103295,36,Female,Married,1,SEP,6,59100.0,0.0,0.0,803,Vehicle,440000.0,60,470000.0,Urban,1
LN2025104142,30,Female,Married,2,Salaried,6,29200.0,0.0,0.0,741,Vehicle,140000.0,48,160000.0,Semi-Urban,1
LN2025105781,24,Male,Married,3,Salaried,4,92300.0,0.0,0.0,793,Personal,470000.0,48,0.0,Urban,1
LN2025107892,38,Male,Married,2,Salaried,16,77700.0,0.0,5800.0,582,Personal,1310000.0,36,0.0,Semi-Urban,0
LN2025103601,37,Male,Married,3,Salaried,13,64400.0,19600.0,0.0,686,Home,2360000.0,180,3990000.0,Semi-Urban,1
LN2025103741,39,Male,Married,3,Salaried,13,46000.0,0.0,0.0,773,Home,1610000.0,180,2690000.0,Urban,1
LN2025106950,31,Female,Married,1,SENP,7,41600.0,0.0,0.0,719,Home,2150000.0,240,3740000.0,Rural,0
LN2025107101,39,Female,Married,2,SENP,16,94900.0,0.0,0.0,678,Business,700000.0,84,1560000.0,Semi-Urban,1
LN2025104044,44,Male,Married,3,Salaried,21,63200.0,18100.0,25300.0,526,Home,5550000.0,180,13350000.0,Urban,0
LN2025103610,43,Male,Married,2,SEP,18,391200.0,0.0,0.0,812,Business,3010000.0,60,0.0,Urban,1
LN2025102131,44,Male,Married,0,SEP,16,99700.0,0.0,7600.0,731,Business,690000.0,12,1020000.0,Urban,0
LN2025104098,33,Male,Married,1,Salaried,10,36100.0,0.0,0.0,605,Vehicle,180000.0,36,190000.0,Urban,0
LN2025109675,50,Male,Married,0,SENP,28,152500.0,550900.0,0.0,776,Business,1550000.0,24,0.0,Urban,1
LN2025103463,31,Female,Single,0,Salaried,12,18000.0,41200.0,10900.0,753,Home,2700000.0,300,3630000.0,Semi-Urban,0
LN2025101514,48,Male,Married,0,Salaried,27,104000.0,0.0,0.0,744,Home,2670000.0,120,5310000.0,Urban,1
LN2025101566,54,Male,Married,1,SEP,27,743000.0,67500.0,0.0,757,Home,19210000.0,120,24630000.0,Urban,0
LN2025107437,49,Female,Married,1,Salaried,27,105900.0,68800.0,13600.0,807,Home,4600000.0,120,6670000.0,Urban,1
LN2025103380,21,Male,Single,0,Salaried,0,37100.0,80800.0,20400.0,783,Vehicle,70000.0,36,80000.0,Urban,0
LN2025103263,57,Male,Married,1,SEP,30,53600.0,0.0,1500.0,720,Vehicle,100000.0,24,140000.0,Urban,1
LN2025102165,37,Male,Married,2,SENP,15,21500.0,0.0,3200.0,727,Personal,90000.0,12,0.0,Rural,0
LN2025107959,42,Male,Married,0,Salaried,17,40000.0,0.0,0.0,758,Personal,230000.0,48,0.0,Semi-Urban,1
LN2025102914,48,Unknown,Married,2,Salaried,12,61700.0,52100.0,16900.0,714,Home,3020000.0,120,4810000.0,Urban,1
LN2025104353,38,Male,Married,2,SENP,14,61200.0,0.0,0.0,658,Business,310000.0,60,0.0,Urban,0
LN2025106725,32,Male,Married,2,SENP,2,105500.0,0.0,0.0,739,Vehicle,760000.0,36,800000.0,Urban,0
LN2025105214,55,Male,Divorced,0,SENP,31,55700.0,0.0,0.0,847,Business,460000.0,12,950000.0,Rural,0
LN2025103665,41,Male,Married,2,Salaried,20,68300.0,0.0,13300.0,723,Personal,640000.0,36,0.0,Urban,1
LN2025104748,34,Male,Married,0,Salaried,12,23200.0,0.0,0.0,720,Personal,280000.0,12,0.0,Semi-Urban,0
LN2025107130,34,Female,Married,2,Salaried,12,48600.0,0.0,0.0,751,Personal,710000.0,36,0.0,Semi-Urban,0
LN2025109019,46,Male,Married,3,SEP,18,109100.0,33700.0,0.0,-1,Business,620000.0,48,1380000.0,Urban,1
LN2025105900,28,Male,Married,2,SEP,0,214600.0,0.0,0.0,837,Personal,4000000.0,48,0.0,Urban,0
LN2025106817,39,Female,Married,3,SENP,15,202700.0,77500.0,82000.0,618,Business,2200000.0,36,0.0,Urban,0
LN2025105405,39,Female,Married,2,SENP,15,65000.0,0.0,9900.0,736,Home,2020000.0,360,3850000.0,Semi-Urban,0
LN2025106920,26,Male,Married,3,Salaried,4,31100.0,33100.0,2300.0,711,Vehicle,900000.0,48,1190000.0,Urban,1
LN2025100300,38,Male,Married,0,SEP,9,64900.0,12000.0,0.0,759,Home,2360000.0,240,4530000.0,Rural,1
LN2025100676,48,Male,Married,3,Salaried,24,28300.0,61300.0,0.0,748,Personal,310000.0,48,0.0,Rural,1
LN2025100184,29,Female,Single,0,Salaried,3,38900.0,0.0,0.0,689,Home,1360000.0,240,2320000.0,Rural,0
LN2025104253,37,Male,Married,2,Salaried,15,114500.0,0.0,0.0,742,Vehicle,110000.0,12,150000.0,Urban,1
LN2025109368,49,Male,Single,0,SENP,23,291500.0,0.0,75200.0,751,Vehicle,4000000.0,60,5460000.0,Urban,0
LN2025104637,37,Female,Married,1,Salaried,15,37900.0,0.0,5100.0,739,Personal,260000.0,36,0.0,Urban,1
LN2025105499,27,Male,Single,2,Salaried,3,46400.0,0.0,0.0,722,Vehicle,360000.0,60,460000.0,Rural,1
LN2025108363,36,Female,Married,3,Salaried,13,62700.0,0.0,25900.0,683,Personal,390000.0,60,0.0,Semi-Urban,0
LN2025108856,43,Male,Married,2,Salaried,23,96400.0,0.0,0.0,773,Vehicle,1080000.0,60,1090000.0,Urban,1
LN2025108186,24,Male,Single,1,SEP,0,24100.0,0.0,2100.0,748,Vehicle,410000.0,60,530000.0,Urban,0
LN2025100399,44,Female,Married,0,SEP,15,159300.0,42700.0,16200.0,808,Business,1180000.0,60,3340000.0,Urban,1
LN2025108182,43,Male,Widowed,0,SEP,14,134700.0,0.0,24000.0,854,Business,2640000.0,24,0.0,Urban,0
LN2025101934,30,Female,Single,0,Salaried,6,133300.0,35100.0,13700.0,695,Home,7500000.0,240,9970000.0,Urban,1
LN2025105794,20,Male,Single,0,Salaried,0,12400.0,0.0,700.0,744,Home,500000.0,120,840000.0,Rural,0
LN2025108619,45,Male,Married,2,SENP,18,54400.0,0.0,18300.0,-1,Vehicle,480000.0,48,530000.0,Rural,0
LN2025109821,44,Female,Married,1,SEP,13,91300.0,42700.0,0.0,585,Business,1110000.0,84,2140000.0,Urban,0
LN2025100777,45,Female,Single,0,Salaried,22,56100.0,0.0,0.0,740,Home,2840000.0,180,6120000.0,Rural,1
LN2025100429,41,Female,Married,2,Salaried,20,64700.0,48900.0,21800.0,849,Home,3660000.0,120,7140000.0,Urban,1
LN2025106583,47,Male,Married,3,Salaried,22,29000.0,79500.0,20000.0,734,Home,1600000.0,120,2150000.0,Semi-Urban,1
LN2025104717,35,Male,Married,0,Salaried,11,50000.0,31100.0,24100.0,840,Vehicle,860000.0,60,980000.0,Rural,1
LN2025101002,31,Female,Married,2,SENP,5,30500.0,19400.0,0.0,688,Business,260000.0,84,370000.0,Rural,0
LN2025108442,37,Female,Married,3,Salaried,14,73800.0,0.0,19100.0,620,Personal,790000.0,36,0.0,Urban,0
LN2025106141,33,Male,Married,2,SENP,8,27800.0,0.0,0.0,684,Vehicle,420000.0,60,370000.0,Semi-Urban,0
LN2025108338,37,Female,Single,3,Salaried,13,38100.0,0.0,0.0,808,Home,1090000.0,240,1400000.0,Semi-Urban,1
LN2025103573,39,Male,Married,1,SEP,11,78100.0,28300.0,0.0,728,Home,3290000.0,180,4320000.0,Rural,1
LN2025103176,36,Male,Married,3,SENP,12,100400.0,0.0,0.0,800,Personal,620000.0,36,0.0,Urban,1
LN2025103769,22,Male,Single,0,Salaried,0,27500.0,0.0,0.0,784,Vehicle,80000.0,24,80000.0,Semi-Urban,0
LN2025106418,31,Male,Married,2,Salaried,9,34300.0,0.0,0.0,748,Vehicle,140000.0,36,160000.0,Rural,1
LN2025102309,31,Male,Married,2,Salaried,8,45500.0,30500.0,3400.0,603,Personal,320000.0,36,0.0,Urban,0
LN2025101649,34,Male,Single,0,Salaried,10,43900.0,0.0,14400.0,667,Personal,370000.0,60,0.0,Semi-Urban,0
LN2025108445,68,Female,Married,2,SENP,46,21000.0,45400.0,13300.0,722,Business,420000.0,84,0.0,Rural,0
LN2025100016,34,Male,Unknown,1,SENP,11,39800.0,114600.0,5200.0,780,Personal,570000.0,48,0.0,Urban,1
LN2025105325,42,Male,Married,1,SENP,22,51900.0,0.0,0.0,666,Home,3300000.0,180,5450000.0,Semi-Urban,0
LN2025104003,44,Male,Married,2,SEP,17,227500.0,17800.0,0.0,603,Home,11650000.0,120,26160000.0,Urban,0
LN2025102820,28,Male,Single,0,Salaried,3,67000.0,0.0,0.0,732,Personal,220000.0,36,0.0,Urban,1
LN2025109073,24,Male,Single,0,SEP,0,72600.0,0.0,0.0,699,Vehicle,1240000.0,84,1510000.0,Urban,0
LN2025100175,47,Unknown,Married,2,Salaried,24,125400.0,0.0,43900.0,822,Personal,1380000.0,12,0.0,Urban,0
LN2025108193,41,Male,Married,2,SENP,16,11200.0,17800.0,9300.0,638,Business,230000.0,60,0.0,Rural,0
LN2025102162,42,Male,Single,2,SEP,15,84000.0,0.0,0.0,613,Vehicle,500000.0,36,570000.0,Semi-Urban,0
LN2025101152,24,Female,Single,2,SENP,1,17900.0,0.0,0.0,811,Home,500000.0,300,620000.0,Semi-Urban,0
LN2025103418,20,Male,Single,0,Salaried,0,11600.0,0.0,0.0,738,Vehicle,50000.0,60,70000.0,Rural,0
LN2025106990,34,Male,Single,0,Salaried,11,39300.0,20400.0,0.0,767,Home,2560000.0,180,5510000.0,Rural,1
LN2025101940,32,Male,Single,0,SENP,5,39500.0,0.0,0.0,852,Business,790000.0,48,1900000.0,Urban,0
LN2025102501,38,Male,Married,2,Salaried,13,53400.0,34600.0,0.0,786,Vehicle,330000.0,48,360000.0,Semi-Urban,1
LN2025103087,36,Female,Single,0,Salaried,12,36100.0,0.0,0.0,900,Personal,80000.0,48,0.0,Semi-Urban,1
LN2025106410,34,Female,Married,2,Salaried,12,74600.0,45500.0,7700.0,596,Personal,550000.0,36,0.0,Semi-Urban,0
LN2025106358,48,Female,Married,2,SEP,20,88600.0,7000.0,0.0,-1,Home,1790000.0,180,2140000.0,Rural,1
LN2025101511,36,Male,Married,1,Salaried,11,35200.0,0.0,0.0,679,Vehicle,300000.0,36,420000.0,Urban,0
LN2025107580,30,Male,Married,3,Salaried,8,21600.0,0.0,0.0,661,Personal,160000.0,36,0.0,Semi-Urban,1
LN2025106477,45,Male,Married,2,Salaried,23,147700.0,57500.0,70500.0,839,Home,7230000.0,180,11940000.0,Urban,0
LN2025102626,40,Male,Married,2,SEP,12,95900.0,0.0,16200.0,767,Vehicle,580000.0,36,640000.0,Semi-Urban,1
LN2025101655,20,Male,Single,0,Salaried,0,40300.0,0.0,0.0,675,Personal,250000.0,36,0.0,Urban,0
LN2025104356,28,Male,Married,3,Salaried,6,19800.0,50000.0,0.0,734,Home,2060000.0,360,3250000.0,Semi-Urban,1
LN2025100123,45,Male,Married,2,SENP,16,60700.0,0.0,11000.0,772,Vehicle,120000.0,60,130000.0,Semi-Urban,1
LN2025101744,42,Female,Married,3,Salaried,21,111200.0,34400.0,20100.0,825,Vehicle,730000.0,60,730000.0,Semi-Urban,1
LN2025108592,20,Male,Single,0,Salaried,0,23800.0,16100.0,0.0,-1,Personal,240000.0,60,0.0,Rural,0
LN2025107688,36,Male,Married,1,SEP,8,50200.0,25700.0,22400.0,685,Home,1690000.0,300,1920000.0,Rural,1
LN2025101776,52,Male,Married,1,SENP,32,116500.0,0.0,19600.0,818,Vehicle,80000.0,12,90000.0,Urban,1
LN2025101509,42,Female,Married,2,Salaried,12,76000.0,0.0,0.0,735,Vehicle,450000.0,48,590000.0,Urban,1
LN2025106152,20,Male,Single,2,Salaried,0,51800.0,0.0,12600.0,748,Home,1860000.0,180,2310000.0,Semi-Urban,0
LN2025106820,36,Male,Single,0,SENP,13,50100.0,0.0,0.0,639,Business,500000.0,60,0.0,Urban,1
LN2025104140,25,Male,Single,2,SENP,0,13900.0,21400.0,0.0,-1,Home,560000.0,300,790000.0,Semi-Urban,0
LN2025105089,36,Male,Married,3,Salaried,11,25700.0,0.0,0.0,700,Home,1550000.0,240,2790000.0,Rural,0
LN2025106773,39,Female,Married,1,Salaried,19,35600.0,0.0,7800.0,636,Personal,380000.0,24,0.0,Rural,0
LN2025109687,50,Female,Married,2,Salaried,26,54100.0,0.0,0.0,-1,Personal,520000.0,36,0.0,Rural,1
LN2025105677,39,Male,Married,2,Salaried,16,78800.0,0.0,17400.0,718,Personal,700000.0,60,0.0,Urban,1
LN2025101945,41,Male,Divorced,0,Salaried,18,103600.0,0.0,0.0,742,Vehicle,1770000.0,84,1810000.0,Semi-Urban,1
LN2025108734,41,Male,Married,1,SEP,14,485000.0,0.0,0.0,555,Business,9950000.0,36,0.0,Urban,0
LN2025104899,21,Male,Single,2,SENP,0,31900.0,0.0,0.0,612,Vehicle,460000.0,48,630000.0,Urban,0
LN2025107277,36,Female,Single,0,SEP,9,27600.0,0.0,0.0,556,Personal,110000.0,48,0.0,Rural,0
LN2025107922,35,Male,Single,0,Salaried,9,58700.0,0.0,10200.0,793,Vehicle,100000.0,36,130000.0,Urban,1
LN2025101965,34,Male,Married,1,SEP,6,82300.0,0.0,0.0,769,Business,1320000.0,36,0.0,Urban,1
LN2025102285,41,Male,Married,0,Salaried,17,44100.0,0.0,0.0,667,Personal,140000.0,36,0.0,Rural,1
LN2025102074,48,Male,Married,1,SENP,24,27100.0,0.0,0.0,816,Vehicle,300000.0,60,380000.0,Semi-Urban,1
LN2025102084,42,Female,Married,2,Salaried,16,77000.0,0.0,0.0,-1,Personal,200000.0,48,0.0,Semi-Urban,1
LN2025106563,30,Male,Married,1,Salaried,9,100400.0,0.0,0.0,-1,Home,2030000.0,180,2850000.0,Semi-Urban,1
LN2025105996,26,Female,Single,0,SENP,0,23200.0,0.0,0.0,788,Business,180000.0,60,280000.0,Urban,0
LN2025100410,41,Male,Married,1,Salaried,19,48800.0,0.0,0.0,684,Personal,300000.0,36,0.0,Urban,1
LN2025102741,42,Female,Married,2,SENP,17,30800.0,0.0,3100.0,751,Personal,340000.0,36,0.0,Semi-Urban,1
LN2025106658,48,Male,Married,1,Salaried,27,119500.0,0.0,38900.0,787,Personal,1170000.0,48,0.0,Urban,1
LN2025106612,43,Female,Married,2,SEP,17,46700.0,29200.0,24100.0,772,Business,720000.0,48,0.0,Urban,0
LN2025103982,44,Male,Married,2,Salaried,20,60000.0,0.0,0.0,-1,Home,2290000.0,180,2800000.0,Urban,1
LN2025102994,30,Male,Single,0,SEP,2,23600.0,0.0,0.0,697,Home,790000.0,240,1920000.0,Urban,0
LN2025102226,40,Female,Married,0,SENP,15,82400.0,0.0,13900.0,789,Vehicle,1750000.0,60,2060000.0,Urban,1
LN2025106792,53,Male,Married,0,SENP,29,26000.0,28100.0,0.0,726,Business,380000.0,84,0.0,Rural,1
LN2025106514,34,Male,Married,1,SENP,7,16800.0,0.0,4100.0,776,Business,250000.0,48,0.0,Rural,0
LN2025107306,35,Male,Single,0,Salaried,10,100900.0,0.0,10200.0,729,Personal,690000.0,12,0.0,Urban,0
LN2025106123,49,Male,Married,1,Salaried,27,104600.0,0.0,27000.0,580,Vehicle,860000.0,48,1160000.0,Urban,0
LN2025100081,32,Female,Married,0,SENP,10,20800.0,0.0,5600.0,737,Business,160000.0,48,320000.0,Urban,1
LN2025109176,40,Male,Married,1,Salaried,20,63800.0,46100.0,8900.0,-1,Personal,870000.0,24,0.0,Semi-Urban,0
LN2025105999,63,Male,Married,0,SENP,38,112200.0,0.0,35100.0,-1,Personal,830000.0,24,0.0,Rural,0
LN2025108904,36,Male,Married,0,Salaried,10,35900.0,0.0,0.0,715,Personal,150000.0,36,0.0,Rural,1
LN2025103881,29,Female,Married,2,Salaried,5,59900.0,72000.0,18000.0,684,Home,5360000.0,240,10590000.0,Urban,0
LN2025103189,21,Male,Single,0,SENP,1,26800.0,0.0,0.0,669,Personal,140000.0,24,0.0,Semi-Urban,0
LN2025105845,36,Male,Married,1,Salaried,11,35600.0,30700.0,0.0,732,Home,2250000.0,240,3620000.0,Semi-Urban,1
LN2025101245,27,Male,Single,2,Salaried,5,25100.0,0.0,7100.0,680,Home,630000.0,120,900000.0,Rural,0
LN2025105181,33,Male,Married,0,Salaried,12,35200.0,0.0,6500.0,647,Personal,400000.0,36,0.0,Urban,0
LN2025104578,43,Female,Married,1,Salaried,22,54900.0,0.0,4200.0,710,Personal,630000.0,12,0.0,Urban,0
LN2025108481,43,Female,Unknown,2,Salaried,21,48100.0,0.0,0.0,657,Home,1880000.0,120,3690000.0,Urban,0
LN2025103235,34,Male,Married,3,Salaried,12,51000.0,0.0,0.0,701,Personal,310000.0,12,0.0,Urban,1
LN2025108578,49,Female,Married,1,SEP,22,270100.0,0.0,0.0,836,Vehicle,3930000.0,48,4250000.0,Urban,1
LN2025101397,21,Male,Single,2,SENP,0,33000.0,0.0,0.0,-1,Business,280000.0,60,440000.0,Urban,0
LN2025106425,40,Male,Married,2,Salaried,16,51500.0,0.0,0.0,734,Personal,260000.0,36,0.0,Urban,1
LN2025108753,42,Male,Married,1,Salaried,21,204000.0,0.0,6200.0,715,Personal,3810000.0,24,0.0,Urban,0
LN2025109652,31,Male,Married,3,Salaried,6,26900.0,39700.0,0.0,828,Home,3770000.0,240,5090000.0,Rural,1
LN2025101181,33,Female,Married,1,Salaried,11,31500.0,0.0,3300.0,852,Home,1070000.0,300,1640000.0,Urban,1
LN2025101437,37,Female,Married,2,Salaried,12,28400.0,0.0,6100.0,719,Personal,370000.0,48,0.0,Urban,1
LN2025101942,50,Male,Married,2,SEP,20,106200.0,54500.0,0.0,761,Home,9990000.0,120,14350000.0,Urban,0
LN2025109837,45,Male,Married,2,SENP,16,26600.0,0.0,0.0,644,Vehicle,430000.0,36,540000.0,Urban,0
LN2025102564,40,Female,Married,2,Salaried,14,24200.0,0.0,700.0,580,Vehicle,280000.0,84,320000.0,Urban,0
LN2025101474,50,Female,Single,0,Salaried,28,82000.0,18100.0,16600.0,792,Vehicle,650000.0,36,680000.0,Semi-Urban,1
LN2025100838,41,Female,Married,0,Salaried,18,23900.0,0.0,0.0,658,Personal,170000.0,60,0.0,Rural,1
LN2025109408,37,Female,Married,3,Salaried,15,59300.0,21000.0,0.0,703,Vehicle,570000.0,36,780000.0,Semi-Urban,1
LN2025105621,38,Female,Married,2,Salaried,14,101800.0,0.0,23800.0,737,Personal,340000.0,36,0.0,Urban,1
LN2025102993,37,Male,Married,1,Salaried,12,89400.0,0.0,0.0,794,Personal,2230000.0,36,0.0,Urban,0
LN2025104671,51,Male,Married,3,SENP,28,113500.0,0.0,0.0,769,Business,910000.0,48,1810000.0,Urban,1
LN2025105536,39,Female,Married,3,Salaried,14,74600.0,0.0,8300.0,780,Personal,550000.0,60,0.0,Semi-Urban,1
LN2025109524,37,Male,Married,0,SENP,14,92300.0,0.0,0.0,-1,Business,1670000.0,84,2450000.0,Urban,0
LN2025108814,40,Male,Single,1,SENP,16,20400.0,0.0,0.0,821,Personal,110000.0,60,0.0,Rural,1
LN2025100810,32,Female,Married,1,Salaried,9,24600.0,0.0,3300.0,685,Home,980000.0,240,1860000.0,Urban,0
LN2025109771,24,Female,Single,2,SEP,0,37000.0,0.0,0.0,754,Business,180000.0,24,340000.0,Rural,0
LN2025107503,44,Male,Married,2,Salaried,21,71500.0,0.0,0.0,724,Vehicle,950000.0,60,1090000.0,Urban,1
LN2025107170,35,Female,Married,2,Salaried,12,27900.0,0.0,0.0,698,Vehicle,90000.0,12,120000.0,Rural,1
LN2025107238,32,Male,Married,1,SENP,6,29900.0,67100.0,6100.0,816,Home,4400000.0,240,6550000.0,Rural,1
LN2025101321,32,Female,Married,3,Salaried,10,36400.0,0.0,3400.0,661,Vehicle,340000.0,60,390000.0,Urban,0
LN2025101231,36,Male,Married,1,SENP,14,83700.0,39500.0,0.0,662,Business,640000.0,36,1770000.0,Urban,1
LN2025106298,47,Male,Married,3,Salaried,25,30700.0,0.0,0.0,648,Vehicle,240000.0,84,250000.0,Urban,0
LN2025107146,33,Male,Married,0,Salaried,12,34700.0,0.0,0.0,764,Vehicle,240000.0,60,260000.0,Rural,1
LN2025103937,43,Female,Married,3,Salaried,23,42000.0,49500.0,0.0,755,Home,3690000.0,180,6030000.0,Urban,1
LN2025105869,50,Female,Married,2,SENP,26,218500.0,64400.0,0.0,748,Business,3360000.0,60,0.0,Urban,1
LN2025108225,27,Female,Single,1,SENP,0,48200.0,0.0,5700.0,769,Personal,230000.0,36,0.0,Rural,0
LN2025108030,43,Male,Married,0,SENP,23,397500.0,0.0,0.0,649,Personal,830000.0,24,0.0,Urban,0
LN2025106188,27,Male,Single,0,Salaried,3,14100.0,0.0,900.0,804,Vehicle,90000.0,36,90000.0,Rural,0
LN2025109317,38,Male,Married,2,Salaried,15,114300.0,0.0,0.0,613,Business,880000.0,60,0.0,Urban,0
LN2025106791,24,Unknown,Married,2,Salaried,2,36600.0,0.0,0.0,690,Vehicle,770000.0,60,780000.0,Urban,0
LN2025102653,29,Female,Unknown,0,Salaried,4,30400.0,0.0,1500.0,777,Home,750000.0,360,1030000.0,Urban,1
LN2025105816,55,Male,Married,3,SENP,29,26700.0,0.0,0.0,711,Business,250000.0,48,0.0,Rural,1
LN2025106774,32,Male,Married,0,Salaried,10,28800.0,0.0,0.0,682,Home,710000.0,300,1160000.0,Rural,1
LN2025108429,39,Female,Married,0,SENP,15,131300.0,10800.0,10400.0,727,Business,970000.0,24,1320000.0,Urban,1
LN2025109733,38,Male,Married,3,Salaried,12,129500.0,26100.0,23700.0,756,Personal,630000.0,12,0.0,Urban,1
LN2025107183,39,Female,Married,2,Salaried,17,38900.0,0.0,5800.0,759,Vehicle,460000.0,48,530000.0,Semi-Urban,0
LN2025107784,42,Female,Married,1,Salaried,22,46100.0,32800.0,0.0,700,Home,2800000.0,180,5710000.0,Semi-Urban,1
LN2025101103,31,Male,Single,1,Salaried,7,31400.0,0.0,2800.0,780,Vehicle,230000.0,60,250000.0,Semi-Urban,1
LN2025108652,25,Male,Single,1,Salaried,2,21600.0,0.0,0.0,696,Personal,170000.0,36,0.0,Semi-Urban,1
LN2025108018,51,Male,Single,0,Salaried,28,190400.0,0.0,0.0,647,Home,10620000.0,360,12810000.0,Urban,0
LN2025106824,31,Female,Married,3,Salaried,7,78500.0,0.0,0.0,787,Home,2660000.0,120,5410000.0,Semi-Urban,1
LN2025106657,33,Male,Married,3,Salaried,10,66500.0,40200.0,11400.0,679,Home,2360000.0,180,4960000.0,Urban,1
LN2025103092,42,Female,Married,1,Salaried,17,67200.0,0.0,3300.0,728,Home,1570000.0,180,2360000.0,Urban,1
LN2025105161,38,Female,Married,2,Salaried,17,73400.0,35700.0,0.0,733,Vehicle,610000.0,60,830000.0,Urban,1
LN2025103038,36,Male,Married,3,Salaried,12,61300.0,0.0,9000.0,705,Personal,520000.0,12,0.0,Rural,0
LN2025107091,45,Male,Married,1,SENP,25,89300.0,87600.0,0.0,721,Business,1940000.0,36,4190000.0,Urban,0
LN2025101058,39,Male,Married,1,SEP,12,173800.0,0.0,18000.0,718,Vehicle,1310000.0,48,1380000.0,Urban,1
LN2025107566,40,Male,Married,0,Salaried,15,33000.0,0.0,0.0,732,Personal,120000.0,36,0.0,Semi-Urban,1
LN2025109423,37,Male,Married,2,Salaried,12,27400.0,0.0,0.0,716,Vehicle,180000.0,48,250000.0,Rural,1
LN2025105701,44,Female,Married,2,SEP,17,186400.0,0.0,92900.0,756,Vehicle,2030000.0,48,2620000.0,Urban,0
LN2025101121,36,Male,Married,2,SEP,10,39000.0,67000.0,15900.0,672,Home,3590000.0,300,6680000.0,Urban,0
LN2025106836,53,Male,Married,2,SEP,28,141600.0,169200.0,0.0,819,Business,590000.0,36,910000.0,Urban,1
LN2025100856,50,Male,Married,3,SEP,21,343600.0,72700.0,52000.0,745,Vehicle,4000000.0,48,4100000.0,Urban,1
LN2025109701,44,Male,Married,1,SENP,18,33000.0,19600.0,18100.0,712,Business,300000.0,36,450000.0,Urban,0
LN2025107392,45,Male,Married,3,SENP,17,64700.0,0.0,16100.0,683,Business,1280000.0,84,2140000.0,Rural,0
LN2025103487,27,Male,Married,0,Salaried,1,14300.0,0.0,0.0,749,Vehicle,150000.0,36,180000.0,Rural,0
LN2025104230,37,Male,Married,1,SEP,8,54700.0,0.0,0.0,776,Business,460000.0,12,860000.0,Rural,0
LN2025101672,45,Female,Married,3,SENP,18,83900.0,0.0,3600.0,725,Home,2290000.0,240,3410000.0,Semi-Urban,1
LN2025104964,34,Male,Married,2,Salaried,10,55100.0,0.0,0.0,688,Personal,360000.0,60,0.0,Semi-Urban,1
LN2025104478,51,Male,Single,0,Salaried,28,90500.0,0.0,0.0,793,Personal,750000.0,36,0.0,Urban,1
LN2025100029,25,Female,Single,0,Salaried,4,30600.0,0.0,0.0,815,Vehicle,430000.0,48,450000.0,Semi-Urban,1
LN2025106862,36,Female,Married,0,Salaried,14,43100.0,0.0,0.0,805,Personal,120000.0,24,0.0,Urban,1
LN2025105683,40,Male,Married,3,Salaried,16,41800.0,0.0,0.0,646,Home,1410000.0,240,2100000.0,Semi-Urban,0
LN2025100763,27,Female,Single,0,Salaried,6,54700.0,0.0,0.0,654,Home,3270000.0,180,5410000.0,Urban,0
LN2025108166,40,Male,Unknown,2,Salaried,17,52200.0,0.0,0.0,618,Personal,370000.0,48,0.0,Urban,0
LN2025105451,43,Male,Single,2,Salaried,23,88500.0,0.0,0.0,759,Personal,750000.0,24,0.0,Urban,1
LN2025104226,31,Male,Single,0,SENP,6,27200.0,0.0,0.0,659,Business,160000.0,36,0.0,Rural,1
LN2025108250,63,Male,Married,3,SENP,36,239100.0,0.0,10100.0,769,Business,3350000.0,24,0.0,Urban,0
LN2025101162,40,Male,Married,2,SENP,13,64900.0,45900.0,0.0,745,Business,780000.0,84,1220000.0,Semi-Urban,1
LN2025104413,40,Male,Married,1,SENP,15,50350.0,0.0,2200.0,830,Home,1240000.0,300,1980000.0,Rural,1
LN2025109434,27,Unknown,Married,0,SENP,0,27500.0,0.0,0.0,764,Business,150000.0,60,290000.0,Rural,0
LN2025107010,41,Male,Widowed,0,SENP,15,50500.0,0.0,0.0,720,Home,1100000.0,240,1570000.0,Urban,1
LN2025102290,55,Male,Married,3,SENP,34,77700.0,0.0,21200.0,665,Personal,670000.0,48,0.0,Urban,1
LN2025108336,27,Male,Unknown,3,Salaried,2,55800.0,0.0,0.0,624,Personal,140000.0,36,0.0,Semi-Urban,0
LN2025103055,34,Female,Married,2,Salaried,8,45600.0,66700.0,0.0,737,Home,4820000.0,180,6510000.0,Rural,1
LN2025102455,35,Male,Married,0,SENP,13,234000.0,0.0,0.0,-1,Business,6110000.0,12,0.0,Urban,0
LN2025103899,31,Male,Single,0,Salaried,8,39500.0,75800.0,0.0,743,Home,2900000.0,240,4580000.0,Rural,1
LN2025109673,47,Male,Married,3,Salaried,24,48800.0,54800.0,0.0,731,Vehicle,120000.0,36,140000.0,Semi-Urban,1
LN2025107717,39,Male,Married,0,SEP,10,47800.0,0.0,5300.0,821,Business,200000.0,84,0.0,Semi-Urban,1
LN2025109102,24,Male,Single,0,Salaried,6,69200.0,0.0,0.0,-1,Personal,430000.0,60,0.0,Urban,1
LN2025108427,24,Male,Single,0,Salaried,1,67600.0,0.0,26900.0,750,Vehicle,470000.0,60,640000.0,Urban,1
LN2025105156,46,Female,Married,0,SENP,18,34700.0,0.0,0.0,539,Home,810000.0,180,1010000.0,Urban,0
LN2025101018,32,Male,Married,3,Salaried,9,24400.0,0.0,1700.0,737,Personal,200000.0,24,0.0,Semi-Urban,0
LN2025105884,46,Female,Married,1,Salaried,22,107900.0,17300.0,21300.0,792,Home,2660000.0,120,3450000.0,Urban,1
LN2025105016,44,Female,Married,2,Salaried,20,43900.0,48700.0,0.0,764,Vehicle,950000.0,48,1030000.0,Urban,1
LN2025102361,36,Male,Married,2,Salaried,11,47900.0,0.0,0.0,-1,Vehicle,380000.0,60,520000.0,Urban,1
LN2025102716,41,Male,Married,0,Salaried,19,44200.0,0.0,0.0,-1,Home,3150000.0,180,9000000.0,Urban,0
LN2025105005,49,Female,Married,3,Salaried,29,36300.0,0.0,3200.0,857,Personal,290000.0,24,0.0,Semi-Urban,1
LN2025100495,40,Female,Married,3,SEP,14,122600.0,79700.0,81900.0,751,Home,8110000.0,240,10420000.0,Urban,0
LN2025104687,39,Female,Married,3,Salaried,19,43700.0,30000.0,26500.0,767,Vehicle,730000.0,60,1030000.0,Rural,0
LN2025105934,35,Male,Married,3,Salaried,13,71900.0,82800.0,33600.0,576,Vehicle,550000.0,48,740000.0,Urban,0
LN2025104469,31,Male,Single,0,Salaried,7,43700.0,0.0,0.0,-1,Personal,350000.0,12,0.0,Urban,0
LN2025100789,42,Male,Widowed,1,Salaried,16,72400.0,0.0,0.0,739,Personal,320000.0,36,0.0,Urban,1
LN2025105570,33,Male,Married,1,Salaried,9,17600.0,31700.0,3200.0,781,Home,3240000.0,300,4930000.0,Urban,0
LN2025105719,32,Female,Married,2,SENP,11,24100.0,0.0,0.0,804,Vehicle,150000.0,60,180000.0,Rural,1
LN2025104710,27,Male,Single,0,Salaried,3,24300.0,0.0,0.0,729,Personal,150000.0,36,0.0,Semi-Urban,1
LN2025106453,44,Female,Married,2,SENP,16,97100.0,0.0,0.0,828,Personal,610000.0,60,0.0,Rural,1
LN2025100516,35,Male,Married,0,Salaried,12,49700.0,0.0,0.0,713,Personal,930000.0,48,0.0,Urban,0
LN2025109366,43,Transgender,Widowed,0,Salaried,22,65000.0,0.0,0.0,662,Vehicle,860000.0,60,1110000.0,Urban,1
LN2025109112,35,Male,Married,2,Salaried,12,95900.0,23300.0,0.0,751,Personal,520000.0,36,0.0,Urban,1
LN2025102363,31,Male,Married,1,SENP,8,66800.0,42100.0,0.0,710,Business,530000.0,24,880000.0,Urban,1
LN2025103339,47,Unknown,Married,3,SEP,20,91900.0,0.0,0.0,855,Personal,540000.0,60,0.0,Urban,1
LN2025104286,30,Male,Married,3,Salaried,6,22500.0,0.0,0.0,487,Business,200000.0,48,350000.0,Semi-Urban,0
LN2025104433,31,Female,Single,0,SENP,4,8000.0,0.0,0.0,648,Business,100000.0,48,0.0,Rural,0
LN2025101986,46,Female,Married,3,SENP,18,32900.0,55200.0,0.0,675,Home,2550000.0,180,3380000.0,Rural,1
LN2025103495,25,Female,Single,1,Salaried,0,31400.0,39700.0,0.0,-1,Home,2290000.0,300,3180000.0,Semi-Urban,0
LN2025106381,33,Female,Married,1,Salaried,8,31000.0,111200.0,0.0,790,Home,5280000.0,240,7590000.0,Urban,1
LN2025105891,43,Male,Married,2,Salaried,19,75800.0,23600.0,0.0,813,Home,3080000.0,240,4440000.0,Urban,1
LN2025107032,30,Male,Married,1,Salaried,8,56700.0,0.0,0.0,814,Home,3460000.0,120,5710000.0,Semi-Urban,0
LN2025106163,20,Male,Married,2,Salaried,0,68200.0,75800.0,17200.0,808,Home,7090000.0,360,12620000.0,Urban,0
LN2025104650,24,Male,Married,2,Salaried,2,11900.0,60200.0,3900.0,712,Home,3820000.0,180,5680000.0,Semi-Urban,0
LN2025104852,43,Female,Single,3,SENP,22,110300.0,16800.0,0.0,758,Business,2330000.0,48,3380000.0,Urban,1
LN2025109450,35,Unknown,Married,2,SENP,5,44800.0,0.0,0.0,788,Business,260000.0,60,0.0,Urban,1
LN2025105793,23,Male,Married,0,Salaried,1,27300.0,120800.0,0.0,-1,Home,3320000.0,240,4830000.0,Urban,0
LN2025103811,42,Male,Married,3,SENP,16,57900.0,57400.0,41500.0,734,Vehicle,130000.0,12,180000.0,Urban,1
LN2025108755,35,Male,Married,1,Salaried,11,65200.0,40600.0,0.0,822,Home,4200000.0,120,7300000.0,Semi-Urban,1
LN2025105753,33,Male,Married,2,Salaried,10,26200.0,0.0,3600.0,654,Vehicle,320000.0,60,340000.0,Urban,0
LN2025108353,26,Male,Single,0,Salaried,0,13400.0,0.0,2900.0,723,Personal,100000.0,60,0.0,Rural,0
LN2025106933,38,Male,Married,2,SEP,12,145100.0,18300.0,0.0,815,Home,7580000.0,300,11300000.0,Semi-Urban,1
LN2025105532,42,Male,Married,3,SENP,6,25400.0,26900.0,0.0,640,Home,3240000.0,300,4250000.0,Rural,0
LN2025102810,38,Male,Single,2,Salaried,16,118900.0,0.0,0.0,724,Vehicle,1340000.0,60,1440000.0,Urban,1
LN2025104818,39,Male,Married,2,Salaried,16,61100.0,0.0,19500.0,749,Home,2190000.0,180,2640000.0,Semi-Urban,0
LN2025106687,40,Female,Married,2,Salaried,17,42200.0,0.0,0.0,638,Vehicle,540000.0,60,700000.0,Urban,0
LN2025100640,45,Male,Married,2,Salaried,23,116400.0,27300.0,0.0,637,Vehicle,2800000.0,48,3460000.0,Urban,0
LN2025101431,32,Male,Married,1,SEP,4,78100.0,0.0,0.0,701,Personal,270000.0,36,0.0,Urban,1
LN2025105627,21,Male,Single,0,SENP,0,27600.0,18100.0,0.0,-1,Home,1730000.0,360,2890000.0,Urban,0
LN2025105123,33,Male,Married,0,Salaried,10,89100.0,49300.0,0.0,812,Personal,570000.0,48,0.0,Urban,1
LN2025105225,48,Male,Married,2,SEP,20,226200.0,0.0,0.0,788,Vehicle,1750000.0,60,2120000.0,Urban,1
LN2025107607,46,Male,Married,2,Salaried,24,53400.0,0.0,10000.0,819,Personal,490000.0,48,0.0,Urban,1
LN2025102023,30,Female,Single,0,Salaried,4,33600.0,0.0,0.0,717,Home,1260000.0,240,2170000.0,Urban,1
LN2025108565,29,Female,Married,3,Salaried,7,63600.0,0.0,0.0,718,Vehicle,500000.0,60,690000.0,Semi-Urban,1
LN2025109435,37,Male,Married,3,Salaried,15,24300.0,8300.0,0.0,-1,Home,1550000.0,180,2510000.0,Rural,1
LN2025109088,41,Male,Married,1,SEP,12,42500.0,33300.0,0.0,758,Personal,340000.0,36,0.0,Urban,1
LN2025104942,38,Male,Married,3,Salaried,17,76900.0,0.0,4900.0,683,Personal,130000.0,60,0.0,Urban,1
LN2025101612,48,Female,Single,0,SENP,22,87800.0,0.0,0.0,766,Business,870000.0,36,0.0,Semi-Urban,1
LN2025103128,24,Female,Single,0,Salaried,0,15900.0,12700.0,0.0,797,Home,2805000.0,240,1130000.0,Rural,0
LN2025107076,47,Male,Married,1,SEP,19,259100.0,0.0,0.0,818,Business,1540000.0,36,0.0,Urban,1
LN2025101296,38,Female,Married,0,Salaried,13,46900.0,0.0,600.0,663,Home,3010000.0,180,4940000.0,Urban,0
LN2025105537,45,Male,Married,3,Salaried,20,36900.0,0.0,0.0,747,Personal,210000.0,36,0.0,Urban,1
LN2025108293,30,Male,Single,0,Salaried,7,34100.0,0.0,0.0,765,Home,1170000.0,240,1660000.0,Rural,1
LN2025103596,43,Male,Married,3,Salaried,19,116700.0,0.0,5300.0,752,Vehicle,50000.0,36,60000.0,Urban,1
LN2025104583,43,Male,Married,2,SEP,16,27400.0,0.0,0.0,731,Personal,120000.0,36,0.0,Urban,1
LN2025103812,33,Male,Married,2,Salaried,11,55700.0,0.0,0.0,661,Personal,1990000.0,12,0.0,Urban,0
LN2025103707,39,Male,Married,3,SEP,10,254300.0,0.0,35500.0,743,Personal,2120000.0,24,0.0,Urban,1
LN2025107632,38,Male,Married,1,SENP,11,108800.0,34500.0,62400.0,881,Business,1520000.0,24,0.0,Semi-Urban,0
LN2025108020,37,Male,Married,2,Salaried,15,74600.0,0.0,14700.0,758,Business,1090000.0,48,0.0,Urban,0
LN2025106883,48,Male,Married,3,SEP,20,287300.0,0.0,25900.0,584,Vehicle,120000.0,36,140000.0,Urban,0
LN2025102022,33,Female,Married,2,SENP,12,29200.0,41000.0,0.0,562,Home,2220000.0,180,6340000.0,Rural,0
LN2025105860,32,Male,Single,0,SENP,7,143000.0,0.0,22600.0,815,Home,4400000.0,240,6600000.0,Semi-Urban,1
LN2025102167,34,Female,Married,3,SENP,11,30300.0,0.0,6000.0,656,Business,630000.0,36,0.0,Semi-Urban,0
LN2025104285,20,Male,Single,1,Salaried,2,40100.0,0.0,0.0,795,Vehicle,380000.0,60,450000.0,Urban,0
LN2025102595,37,Male,Single,0,SENP,12,28700.0,0.0,0.0,791,Home,1010000.0,180,1690000.0,Urban,1
LN2025105074,49,Male,Married,2,SENP,23,69900.0,0.0,0.0,805,Business,280000.0,84,480000.0,Semi-Urban,1
LN2025107332,39,Male,Married,3,Salaried,12,57700.0,51900.0,0.0,775,Home,4890000.0,180,5530000.0,Semi-Urban,0
LN2025101633,40,Female,Single,0,SEP,15,45600.0,0.0,0.0,715,Vehicle,100000.0,24,130000.0,Urban,1
LN2025103245,40,Male,Married,1,Salaried,20,59900.0,0.0,0.0,740,Personal,530000.0,48,0.0,Rural,0
LN2025105770,40,Male,Married,0,SEP,12,85800.0,97000.0,32700.0,711,Home,10910000.0,240,24810000.0,Urban,0
LN2025102368,28,Male,Single,0,Salaried,3,41200.0,0.0,11300.0,647,Personal,470000.0,12,0.0,Semi-Urban,0
LN2025101368,51,Male,Single,0,SEP,12,38000.0,23800.0,27700.0,609,Home,1400000.0,120,2170000.0,Semi-Urban,0
LN2025103317,27,Male,Married,1,Salaried,6,45500.0,0.0,3900.0,712,Personal,490000.0,60,0.0,Urban,1
LN2025101017,27,Female,Single,1,Salaried,5,24300.0,0.0,0.0,695,Personal,120000.0,36,0.0,Urban,1
LN2025103391,36,Male,Single,0,Salaried,14,72400.0,0.0,0.0,727,Personal,200000.0,60,0.0,Urban,1
LN2025107683,31,Male,Married,2,Salaried,6,68400.0,0.0,0.0,753,Vehicle,260000.0,60,360000.0,Urban,1
LN2025104070,49,Female,Married,3,SEP,19,79900.0,44900.0,3600.0,569,Home,5320000.0,180,9290000.0,Semi-Urban,0
LN2025108415,30,Male,Married,1,Salaried,8,42800.0,41200.0,0.0,873,Vehicle,1340000.0,60,1550000.0,Urban,1
LN2025100994,31,Female,Married,1,Salaried,9,65800.0,24900.0,14000.0,808,Home,2530000.0,240,4460000.0,Urban,1
LN2025101720,26,Male,Married,2,Salaried,6,16500.0,0.0,700.0,739,Personal,100000.0,48,0.0,Rural,0
LN2025102077,36,Female,Married,1,Salaried,14,45700.0,93600.0,37600.0,701,Vehicle,420000.0,84,1850000.0,Semi-Urban,0
LN2025100285,45,Male,Married,3,SEP,18,92000.0,0.0,7300.0,793,Personal,610000.0,24,0.0,Urban,1
LN2025106490,42,Female,Married,3,Salaried,18,28100.0,17500.0,8200.0,720,Vehicle,430000.0,36,460000.0,Urban,1
LN2025104488,52,Male,Married,2,Salaried,28,78100.0,0.0,12400.0,632,Home,3470000.0,240,6590000.0,Urban,0
LN2025103740,44,Male,Married,2,SENP,23,72000.0,0.0,0.0,835,Personal,260000.0,48,0.0,Urban,1
LN2025102824,54,Female,Widowed,0,SEP,25,180200.0,0.0,0.0,757,Personal,2390000.0,12,0.0,Rural,0
LN2025104258,29,Female,Single,0,Salaried,6,14400.0,0.0,2800.0,739,Vehicle,200000.0,36,210000.0,Rural,1
LN2025103086,25,Male,Single,1,Salaried,4,68900.0,0.0,0.0,708,Home,3780000.0,240,5580000.0,Rural,1
LN2025100507,34,Female,Married,2,SEP,8,47000.0,0.0,6500.0,-1,Vehicle,400000.0,60,410000.0,Urban,0
LN2025101771,31,Male,Married,1,SEP,5,67700.0,79600.0,0.0,721,Home,4790000.0,180,5630000.0,Urban,0
LN2025107549,39,Male,Single,0,Salaried,16,67700.0,0.0,0.0,-1,Home,2920000.0,240,4830000.0,Urban,1
LN2025105461,33,Male,Married,1,Salaried,10,69400.0,0.0,0.0,789,Vehicle,80000.0,24,100000.0,Urban,1
LN2025106406,33,Male,Married,3,Salaried,8,32500.0,0.0,0.0,729,Personal,130000.0,48,0.0,Semi-Urban,0
LN2025101748,54,Female,Married,2,SENP,26,163600.0,0.0,4900.0,763,Personal,540000.0,24,0.0,Rural,1
LN2025107181,41,Male,Married,1,SEP,14,95400.0,26600.0,26000.0,687,Business,720000.0,84,0.0,Semi-Urban,1
LN2025102551,36,Male,Married,2,Salaried,10,34400.0,0.0,0.0,661,Personal,320000.0,48,0.0,Semi-Urban,1
LN2025104893,21,Female,Married,2,SENP,0,45300.0,67800.0,0.0,743,Business,570000.0,60,1000000.0,Urban,0
LN2025100901,43,Female,Married,2,Salaried,21,47500.0,27100.0,0.0,667,Home,2380000.0,180,3090000.0,Semi-Urban,1
LN2025101183,27,Male,Married,2,Salaried,3,38400.0,0.0,1300.0,679,Personal,370000.0,12,0.0,Urban,0
LN2025103434,44,Male,Married,0,SENP,16,50300.0,51700.0,0.0,697,Home,2920000.0,180,3560000.0,Rural,1
LN2025103867,41,Female,Married,2,SENP,13,169800.0,0.0,6500.0,844,Business,680000.0,36,0.0,Urban,1
LN2025108409,34,Male,Single,1,Salaried,13,54700.0,0.0,0.0,809,Business,410000.0,60,950000.0,Urban,1
LN2025101311,43,Male,Single,0,SEP,17,116000.0,0.0,26900.0,751,Home,5570000.0,240,9680000.0,Semi-Urban,1
LN2025100200,44,Male,Married,2,SENP,25,69700.0,0.0,25000.0,664,Personal,220000.0,60,0.0,Urban,0
LN2025109349,49,Male,Married,0,SENP,25,202500.0,0.0,0.0,708,Personal,1390000.0,48,0.0,Rural,1
LN2025101325,26,Male,Single,0,Salaried,2,52800.0,0.0,0.0,723,Vehicle,430000.0,36,450000.0,Urban,1
LN2025103882,34,Female,Married,1,SENP,8,83100.0,27300.0,0.0,832,Personal,370000.0,24,0.0,Rural,1
LN2025102306,47,Male,Single,0,SENP,27,585000.0,0.0,121600.0,801,Personal,3650000.0,36,0.0,Urban,1
LN2025106372,39,Female,Married,3,SENP,11,22500.0,0.0,1800.0,710,Business,120000.0,84,0.0,Semi-Urban,1
LN2025102941,43,Male,Unknown,0,Salaried,20,50400.0,0.0,0.0,704,Personal,270000.0,48,0.0,Semi-Urban,1
LN2025108736,45,Male,Married,3,SEP,16,169400.0,0.0,0.0,797,Business,1110000.0,84,0.0,Urban,1
LN2025103460,54,Male,Married,1,SEP,25,127000.0,0.0,0.0,900,Personal,1120000.0,48,0.0,Semi-Urban,1
LN2025104977,36,Male,Single,0,SEP,8,72700.0,121100.0,0.0,-1,Home,4320000.0,300,6320000.0,Urban,1
LN2025105614,36,Male,Married,2,Salaried,12,29100.0,0.0,5200.0,731,Personal,480000.0,36,0.0,Rural,0
LN2025109014,28,Male,Single,0,Salaried,6,54300.0,10300.0,18900.0,665,Personal,590000.0,48,0.0,Semi-Urban,0
LN2025103798,45,Male,Married,0,Salaried,24,65700.0,0.0,9700.0,581,Personal,570000.0,48,0.0,Urban,0
LN2025102102,27,Male,Single,0,Salaried,5,27200.0,0.0,0.0,791,Vehicle,250000.0,36,280000.0,Rural,1
LN2025102377,34,Male,Single,0,Salaried,13,94400.0,0.0,0.0,-1,Personal,340000.0,60,0.0,Rural,1
LN2025105511,33,Male,Single,1,Salaried,10,36500.0,0.0,7900.0,640,Personal,180000.0,12,0.0,Semi-Urban,0
LN2025109523,41,Male,Married,2,SENP,13,52500.0,0.0,8100.0,725,Personal,400000.0,60,0.0,Urban,1
LN2025103994,27,Male,Married,1,Salaried,3,48100.0,0.0,1600.0,801,Personal,180000.0,60,0.0,Semi-Urban,1
LN2025106055,37,Female,Married,1,Salaried,13,24500.0,0.0,0.0,724,Personal,240000.0,36,0.0,Urban,0
LN2025104502,46,Male,Married,3,SEP,18,130900.0,0.0,0.0,848,Home,5640000.0,180,10070000.0,Semi-Urban,1
LN2025108536,29,Female,Married,2,Salaried,7,27700.0,0.0,0.0,733,Vehicle,540000.0,84,570000.0,Rural,1
LN2025107034,37,Male,Married,0,SEP,8,29000.0,0.0,11400.0,706,Business,100000.0,48,0.0,Semi-Urban,0
LN2025108657,36,Male,Married,3,Salaried,14,55100.0,0.0,10600.0,737,Home,980000.0,180,1460000.0,Urban,1
LN2025108366,22,Female,Single,0,Salaried,0,51600.0,0.0,15900.0,745,Personal,300000.0,36,0.0,Urban,0
LN2025104859,36,Male,Married,3,Salaried,14,87200.0,37400.0,0.0,813,Home,6690000.0,120,11630000.0,Urban,0
LN2025101089,29,Female,Married,1,Salaried,7,55700.0,41900.0,34700.0,710,Home,2880000.0,360,4460000.0,Urban,0
LN2025107508,36,Male,Married,1,SEP,7,22700.0,0.0,4300.0,772,Home,780000.0,120,1030000.0,Urban,0
LN2025107353,51,Male,Married,3,Salaried,30,86000.0,0.0,0.0,754,Personal,810000.0,48,0.0,Urban,1
LN2025104476,36,Male,Married,0,SENP,13,17800.0,0.0,0.0,698,Business,360000.0,60,0.0,Semi-Urban,0
LN2025104463,48,Male,Married,3,SEP,18,314300.0,0.0,0.0,748,Vehicle,4000000.0,60,4730000.0,Urban,1
LN2025103847,50,Male,Married,2,SENP,22,83900.0,0.0,15300.0,900,Business,450000.0,84,630000.0,Urban,1
LN2025103012,47,Male,Married,2,SEP,20,136300.0,48500.0,17600.0,753,Home,6090000.0,180,9250000.0,Urban,1
LN2025106939,42,Male,Married,0,Salaried,22,37000.0,70700.0,0.0,759,Personal,260000.0,36,0.0,Urban,1
LN2025106930,21,Male,Single,0,Salaried,0,16700.0,29600.0,0.0,746,Home,2210000.0,240,3140000.0,Urban,0
LN2025100366,34,Male,Married,1,SENP,6,128100.0,24300.0,0.0,757,Business,640000.0,24,1500000.0,Rural,1
LN2025105256,46,Male,Widowed,1,Salaried,22,63800.0,0.0,0.0,-1,Personal,350000.0,60,0.0,Semi-Urban,0
LN2025104838,40,Male,Married,1,Salaried,15,73200.0,0.0,0.0,779,Personal,510000.0,48,0.0,Urban,1
LN2025101123,39,Male,Unknown,1,SEP,9,67700.0,0.0,0.0,672,Business,370000.0,24,0.0,Urban,0
LN2025101088,40,Male,Single,0,Salaried,17,40600.0,47900.0,0.0,708,Home,1890000.0,180,3140000.0,Semi-Urban,1
LN2025102535,45,Male,Married,2,Salaried,20,27800.0,0.0,7700.0,622,Vehicle,80000.0,36,100000.0,Rural,0
LN2025107495,28,Male,Single,0,Salaried,4,44800.0,0.0,7600.0,751,Vehicle,260000.0,60,340000.0,Semi-Urban,1
LN2025107879,44,Female,Married,1,SEP,17,49300.0,0.0,3600.0,780,Home,1500000.0,240,3660000.0,Rural,1
LN2025103486,39,Male,Married,2,Salaried,12,75900.0,0.0,0.0,673,Home,1290000.0,240,1630000.0,Urban,0
LN2025107166,33,Male,Married,3,SENP,13,61400.0,14500.0,0.0,692,Business,1500000.0,48,3750000.0,Semi-Urban,1
LN2025107440,30,Male,Married,2,Salaried,6,63000.0,0.0,19700.0,712,Personal,450000.0,24,0.0,Urban,0
LN2025104159,32,Male,Married,2,SEP,7,28200.0,0.0,800.0,763,Home,960000.0,240,1780000.0,Urban,1
LN2025108934,46,Female,Married,2,SENP,22,30300.0,0.0,1800.0,713,Business,220000.0,60,0.0,Semi-Urban,0
LN2025109664,39,Female,Married,1,SEP,12,113500.0,81700.0,28500.0,751,Vehicle,70000.0,12,80000.0,Semi-Urban,1
LN2025106550,34,Male,Married,3,Salaried,12,22800.0,0.0,0.0,697,Personal,300000.0,36,0.0,Rural,0
LN2025101350,46,Male,Married,3,Salaried,21,62800.0,55400.0,29200.0,749,Home,5460000.0,120,9010000.0,Semi-Urban,0
LN2025104694,38,Male,Single,0,Salaried,14,26600.0,0.0,0.0,719,Personal,180000.0,24,0.0,Semi-Urban,1
LN2025101502,26,Male,Single,2,Salaried,5,51100.0,35200.0,14400.0,653,Home,2050000.0,300,3050000.0,Semi-Urban,0
LN2025107846,34,Male,Married,2,Salaried,13,55300.0,68900.0,0.0,748,Vehicle,280000.0,60,340000.0,Urban,1
LN2025100525,40,Male,Married,1,SEP,15,111700.0,0.0,0.0,739,Vehicle,930000.0,48,1280000.0,Rural,1
LN2025107028,32,Male,Married,2,Salaried,8,30100.0,0.0,0.0,679,Personal,150000.0,48,0.0,Urban,1
LN2025100961,25,Male,Single,0,Salaried,3,23100.0,0.0,0.0,698,Personal,110000.0,48,0.0,Urban,1
LN2025109258,40,Male,Married,3,Salaried,16,57000.0,0.0,13700.0,741,Personal,210000.0,36,0.0,Urban,1
LN2025106513,43,Male,Married,1,Salaried,17,65000.0,0.0,0.0,725,Home,2190000.0,180,2880000.0,Semi-Urban,1
LN2025105311,37,Male,Married,3,Salaried,15,69800.0,0.0,4700.0,636,Vehicle,100000.0,24,130000.0,Semi-Urban,0
LN2025107021,55,Male,Married,1,SENP,31,124300.0,0.0,0.0,732,Business,1880000.0,36,4050000.0,Urban,1
LN2025103905,26,Male,Single,0,SEP,8,40800.0,0.0,0.0,735,Business,290000.0,60,410000.0,Urban,0
LN2025102678,38,Male,Married,2,Salaried,17,138000.0,0.0,0.0,746,Vehicle,80000.0,12,80000.0,Urban,1
LN2025101041,34,Male,Married,1,SEP,7,93600.0,0.0,7400.0,633,Home,3110000.0,240,5600000.0,Rural,0
LN2025104244,40,Male,Married,2,SENP,19,65400.0,0.0,0.0,739,Business,850000.0,36,0.0,Urban,1
LN2025106208,32,Male,Married,3,Salaried,6,34700.0,0.0,4500.0,760,Vehicle,300000.0,60,350000.0,Semi-Urban,1
LN2025109363,27,Male,Married,1,Salaried,4,41900.0,0.0,8000.0,787,Personal,160000.0,60,0.0,Rural,1
LN2025100223,40,Female,Married,2,SEP,14,162000.0,50900.0,40200.0,789,Home,10630000.0,300,27170000.0,Urban,1
LN2025107614,36,Male,Married,2,Salaried,13,118400.0,0.0,13700.0,689,Personal,720000.0,36,0.0,Urban,1
LN2025101169,45,Female,Married,3,Salaried,20,70700.0,0.0,0.0,647,Vehicle,1000000.0,36,1310000.0,Urban,0
LN2025106628,29,Female,Single,0,Salaried,11,52900.0,0.0,0.0,836,Vehicle,480000.0,48,480000.0,Semi-Urban,1
LN2025108418,38,Female,Married,2,SEP,8,69200.0,0.0,0.0,750,Business,860000.0,84,1170000.0,Urban,1
LN2025105375,36,Female,Married,1,Salaried,15,16500.0,0.0,0.0,725,Personal,110000.0,24,0.0,Semi-Urban,1
LN2025105871,21,Female,Single,0,Salaried,3,48100.0,0.0,12400.0,589,Vehicle,350000.0,60,490000.0,Urban,0
LN2025107715,45,Male,Married,0,SENP,16,386500.0,0.0,0.0,669,Business,4320000.0,60,7380000.0,Urban,1
LN2025101920,40,Female,Single,0,Salaried,16,42300.0,0.0,0.0,763,Vehicle,610000.0,48,650000.0,Urban,1
LN2025105318,32,Male,Married,0,SEP,2,56600.0,0.0,0.0,701,Vehicle,540000.0,60,630000.0,Urban,0
LN2025104863,42,Male,Married,0,SENP,9,73000.0,23900.0,21400.0,777,Home,2870000.0,180,6460000.0,Rural,1
LN2025102461,40,Male,Married,2,SEP,12,79400.0,0.0,0.0,750,Home,2170000.0,300,2750000.0,Semi-Urban,1
LN2025108618,55,Male,Single,0,Salaried,35,96100.0,0.0,0.0,776,Personal,390000.0,36,0.0,Urban,1
LN2025104649,58,Unknown,Married,2,SENP,28,97300.0,0.0,0.0,515,Business,800000.0,12,0.0,Urban,0
LN2025104083,33,Male,Single,0,Salaried,7,40500.0,0.0,0.0,671,Vehicle,590000.0,36,770000.0,Urban,1
LN2025109798,33,Male,Married,1,SENP,14,97500.0,0.0,8600.0,535,Business,1560000.0,60,0.0,Semi-Urban,0
LN2025101709,36,Male,Married,3,Salaried,14,38600.0,96500.0,0.0,773,Home,7920000.0,180,12090000.0,Urban,1
LN2025104085,38,Unknown,Single,1,Salaried,16,42200.0,0.0,0.0,673,Vehicle,460000.0,84,470000.0,Semi-Urban,1
LN2025108590,41,Male,Widowed,1,Salaried,16,49200.0,83800.0,0.0,737,Home,3580000.0,180,5880000.0,Semi-Urban,1
LN2025109244,51,Female,Married,2,SENP,25,66500.0,42200.0,11300.0,813,Home,3240000.0,120,4850000.0,Semi-Urban,1
LN2025100803,51,Male,Married,2,SENP,23,249900.0,23600.0,0.0,738,Business,3350000.0,60,8280000.0,Urban,1
LN2025107831,35,Male,Married,2,Salaried,12,46800.0,24800.0,0.0,739,Home,2390000.0,240,2900000.0,Urban,1
LN2025108714,47,Male,Married,3,SENP,21,38900.0,0.0,4700.0,739,Personal,100000.0,60,0.0,Urban,0
LN2025107509,40,Male,Married,3,Salaried,18,88300.0,29000.0,0.0,687,Business,740000.0,48,1120000.0,Urban,1
LN2025100637,28,Male,Single,0,Salaried,5,47400.0,0.0,0.0,760,Personal,350000.0,60,0.0,Urban,1
LN2025108528,47,Male,Married,2,Salaried,23,79900.0,0.0,26300.0,699,Personal,530000.0,60,0.0,Semi-Urban,0
LN2025108712,22,Male,Single,2,SENP,0,53800.0,33500.0,0.0,645,Home,2805000.0,120,1770000.0,Urban,0
LN2025104761,43,Male,Married,3,Salaried,21,50700.0,47400.0,0.0,686,Personal,440000.0,36,0.0,Urban,1
LN2025105804,47,Male,Married,2,SEP,18,182800.0,0.0,71100.0,723,Personal,1100000.0,48,0.0,Urban,1
LN2025106812,35,Male,Married,0,SEP,6,60300.0,0.0,0.0,757,Home,2660000.0,240,4390000.0,Semi-Urban,1
LN2025107783,49,Male,Married,1,SENP,26,33000.0,0.0,0.0,748,Business,450000.0,48,0.0,Semi-Urban,1
LN2025104362,30,Male,Single,0,Salaried,8,68800.0,0.0,15800.0,685,Vehicle,1390000.0,60,1880000.0,Urban,0
LN2025106278,42,Female,Married,2,SENP,17,19900.0,0.0,0.0,711,Business,340000.0,48,850000.0,Semi-Urban,0
LN2025108061,30,Female,Single,1,Salaried,8,24600.0,0.0,0.0,690,Personal,150000.0,48,0.0,Rural,0
LN2025107396,32,Male,Married,0,SEP,6,34900.0,40100.0,7700.0,760,Vehicle,360000.0,60,440000.0,Rural,1
LN2025105059,41,Female,Married,1,Salaried,16,37000.0,58000.0,10400.0,864,Personal,1260000.0,60,0.0,Urban,1
LN2025100679,20,Female,Single,0,Salaried,0,29400.0,0.0,2900.0,801,Personal,330000.0,48,0.0,Urban,0
LN2025100614,28,Male,Married,0,Salaried,10,51300.0,57000.0,26700.0,650,Home,5350000.0,120,7910000.0,Urban,0
LN2025104495,31,Female,Married,2,Salaried,10,59600.0,49100.0,11000.0,747,Home,1370000.0,240,2390000.0,Urban,1
LN2025105512,48,Female,Married,2,Salaried,26,146800.0,0.0,0.0,736,Personal,630000.0,36,0.0,Urban,1
LN2025101220,35,Female,Married,1,Salaried,11,50400.0,35100.0,11900.0,731,Personal,430000.0,36,0.0,Semi-Urban,1
LN2025105572,34,Male,Married,3,Salaried,9,38500.0,35900.0,0.0,686,Vehicle,640000.0,48,700000.0,Urban,1
LN2025108272,46,Female,Married,2,Salaried,23,50100.0,0.0,0.0,625,Home,1170000.0,120,1740000.0,Urban,0
LN2025108463,26,Female,Single,0,SENP,6,36000.0,0.0,4300.0,748,Personal,170000.0,36,0.0,Rural,1
LN2025101056,35,Male,Married,3,Salaried,12,29200.0,0.0,0.0,727,Vehicle,80000.0,24,80000.0,Semi-Urban,1
LN2025108398,37,Male,Married,2,Salaried,15,43500.0,0.0,0.0,605,Personal,130000.0,36,0.0,Urban,0
LN2025105606,50,Male,Married,1,SENP,21,20200.0,0.0,0.0,729,Vehicle,220000.0,48,300000.0,Semi-Urban,1
LN2025109461,21,Male,Single,1,Salaried,0,63600.0,0.0,0.0,-1,Home,2300000.0,240,3150000.0,Urban,0
LN2025102352,42,Male,Married,3,Salaried,22,42200.0,0.0,17100.0,781,Personal,1030000.0,36,0.0,Urban,0
LN2025107149,41,Female,Married,2,SENP,16,30600.0,31400.0,2200.0,567,Home,2010000.0,240,3440000.0,Semi-Urban,0
LN2025104795,30,Male,Married,2,Salaried,5,42600.0,0.0,9700.0,716,Personal,1080000.0,60,0.0,Rural,0
LN2025108200,24,Male,Single,0,Salaried,2,31700.0,0.0,17900.0,675,Home,1080000.0,180,1190000.0,Semi-Urban,0
LN2025109213,20,Female,Single,0,Salaried,0,26400.0,0.0,0.0,752,Home,1150000.0,360,2050000.0,Semi-Urban,0
LN2025106422,49,Male,Married,1,Salaried,23,91000.0,30600.0,12900.0,653,Home,2930000.0,120,3100000.0,Urban,0
LN2025102933,51,Female,Married,1,SENP,25,227400.0,0.0,0.0,724,Business,8000000.0,36,11080000.0,Urban,0
LN2025106656,42,Male,Single,0,Salaried,22,51300.0,0.0,0.0,771,Vehicle,1050000.0,60,1180000.0,Semi-Urban,1
LN2025103604,37,Male,Married,3,SENP,15,188100.0,54500.0,0.0,759,Business,1770000.0,60,0.0,Urban,1
LN2025109744,59,Female,Married,2,SENP,31,151700.0,0.0,0.0,752,Personal,1210000.0,36,0.0,Urban,1
LN2025104164,45,Male,Married,2,Salaried,20,40500.0,18600.0,0.0,817,Personal,170000.0,12,0.0,Semi-Urban,1
LN2025108082,36,Female,Married,2,Salaried,16,87100.0,30900.0,33900.0,678,Home,2270000.0,240,2990000.0,Urban,1
LN2025102633,42,Male,Married,3,Salaried,20,45300.0,0.0,0.0,689,Personal,240000.0,36,0.0,Urban,1
LN2025102651,37,Male,Married,0,Salaried,15,69300.0,0.0,0.0,743,Personal,520000.0,48,0.0,Urban,1
LN2025104307,37,Female,Married,3,Salaried,15,31900.0,0.0,2900.0,676,Vehicle,400000.0,48,480000.0,Urban,0
LN2025100159,42,Male,Married,1,Salaried,20,85600.0,0.0,0.0,748,Personal,440000.0,24,0.0,Semi-Urban,1
LN2025101062,32,Female,Married,2,Salaried,11,28300.0,0.0,9300.0,741,Vehicle,310000.0,48,310000.0,Urban,0
LN2025103338,29,Female,Married,2,Salaried,8,107300.0,0.0,0.0,739,Vehicle,1090000.0,36,1140000.0,Urban,1
LN2025102652,56,Male,Single,1,SENP,27,363400.0,0.0,0.0,767,Business,1650000.0,60,3500000.0,Urban,1
LN2025106532,44,Male,Single,0,SEP,16,137700.0,0.0,0.0,797,Business,440000.0,60,0.0,Urban,1
LN2025101005,35,Male,Married,2,Salaried,9,61200.0,0.0,0.0,822,Personal,300000.0,36,0.0,Urban,1
LN2025103302,38,Male,Married,0,Salaried,14,38200.0,10900.0,7900.0,701,Home,1570000.0,120,2060000.0,Semi-Urban,0
LN2025106140,42,Male,Married,2,SENP,16,97100.0,72100.0,17900.0,799,Vehicle,2280000.0,48,2560000.0,Urban,1
LN2025109572,28,Male,Single,1,SEP,2,94300.0,0.0,0.0,759,Business,1200000.0,12,0.0,Rural,0
LN2025105848,28,Male,Married,1,Salaried,7,46900.0,0.0,0.0,814,Personal,750000.0,12,0.0,Urban,0
LN2025108327,29,Female,Single,0,Salaried,6,38200.0,0.0,3700.0,797,Personal,230000.0,36,0.0,Semi-Urban,1
LN2025100442,23,Male,Single,1,SENP,0,72100.0,0.0,13900.0,821,Business,1040000.0,36,2190000.0,Urban,0
LN2025103766,29,Male,Married,1,Salaried,4,28300.0,0.0,5500.0,-1,Personal,170000.0,60,0.0,Rural,1
LN2025101923,36,Male,Married,3,SENP,11,24700.0,0.0,0.0,827,Business,160000.0,36,0.0,Urban,1
LN2025108591,41,Male,Married,2,SENP,14,40700.0,0.0,0.0,785,Vehicle,440000.0,48,540000.0,Rural,1
LN2025101345,31,Male,Married,2,Salaried,9,65000.0,0.0,0.0,770,Vehicle,120000.0,24,170000.0,Semi-Urban,1
LN2025106673,39,Male,Single,0,SENP,12,27400.0,0.0,0.0,709,Personal,140000.0,24,0.0,Urban,1
LN2025104308,33,Male,Single,0,Salaried,10,25900.0,58500.0,0.0,708,Home,1670000.0,300,2430000.0,Semi-Urban,1
LN2025101287,36,Female,Married,2,SENP,8,64900.0,21900.0,0.0,-1,Business,440000.0,48,860000.0,Rural,1
LN2025102738,55,Male,Married,3,SENP,35,64100.0,0.0,9400.0,748,Personal,390000.0,24,0.0,Rural,1
LN2025102109,21,Female,Single,0,Salaried,0,26400.0,32500.0,0.0,715,Home,1690000.0,300,2370000.0,Urban,0
LN2025101595,38,Male,Married,1,SENP,14,67400.0,0.0,0.0,720,Business,370000.0,84,0.0,Rural,1
LN2025105062,47,Female,Married,1,SENP,20,11900.0,21600.0,800.0,-1,Home,1640000.0,180,3480000.0,Rural,0
LN2025100475,36,Male,Married,1,Salaried,14,35000.0,20200.0,0.0,759,Home,1930000.0,240,3470000.0,Rural,1
LN2025103606,35,Male,Married,3,Salaried,12,38600.0,0.0,0.0,816,Personal,290000.0,24,0.0,Urban,1
LN2025102722,23,Male,Single,0,SENP,0,101300.0,0.0,0.0,795,Personal,740000.0,48,0.0,Semi-Urban,0
LN2025106116,33,Female,Married,2,Salaried,12,25800.0,0.0,0.0,-1,Personal,720000.0,36,0.0,Urban,0
LN2025100381,46,Male,Married,2,SEP,12,144600.0,20200.0,0.0,681,Home,6030000.0,180,6580000.0,Urban,0
LN2025103853,29,Male,Married,3,Salaried,6,53000.0,0.0,0.0,738,Vehicle,550000.0,36,730000.0,Urban,1
LN2025107275,30,Male,Married,2,Salaried,4,50000.0,39400.0,0.0,770,Home,6070000.0,180,7100000.0,Urban,0
LN2025102948,55,Male,Married,3,SENP,29,369300.0,0.0,22800.0,676,Business,2440000.0,36,0.0,Urban,0
LN2025109443,57,Female,Married,1,SENP,29,53000.0,0.0,0.0,655,Personal,310000.0,24,0.0,Rural,0
LN2025102101,51,Male,Married,2,Salaried,28,70300.0,0.0,3600.0,724,Vehicle,1200000.0,60,1200000.0,Urban,1
LN2025107375,44,Male,Married,0,SEP,17,112600.0,24900.0,0.0,-1,Home,2805000.0,240,5420000.0,Rural,0
LN2025101484,44,Male,Married,0,Salaried,20,72400.0,0.0,0.0,686,Personal,600000.0,48,0.0,Urban,1
LN2025105670,43,Female,Married,2,Salaried,20,20500.0,0.0,0.0,738,Vehicle,490000.0,60,560000.0,Urban,0
LN2025109494,53,Male,Married,1,SENP,30,171300.0,34900.0,0.0,-1,Home,7310000.0,120,8050000.0,Semi-Urban,0
LN2025100154,36,Male,Single,0,SENP,14,319100.0,0.0,0.0,827,Business,5050000.0,60,0.0,Urban,1
LN2025107369,44,Female,Married,3,SENP,20,88900.0,0.0,0.0,671,Personal,860000.0,60,0.0,Urban,1
LN2025108970,37,Female,Married,1,SENP,10,32500.0,57000.0,13300.0,722,Business,1070000.0,60,0.0,Urban,0
LN2025101644,38,Male,Married,2,Salaried,16,91100.0,0.0,7600.0,768,Personal,450000.0,24,0.0,Semi-Urban,1
LN2025102185,38,Female,Married,1,SEP,10,63600.0,73700.0,11200.0,850,Home,4840000.0,180,11440000.0,Urban,1
LN2025107439,33,Male,Married,3,SENP,5,49300.0,22700.0,0.0,900,Home,2880000.0,300,3520000.0,Semi-Urban,1
LN2025109272,33,Male,Married,0,Salaried,12,53800.0,0.0,19200.0,763,Personal,380000.0,36,0.0,Semi-Urban,0
LN2025107990,25,Female,Single,0,SENP,1,14400.0,0.0,600.0,777,Business,170000.0,60,0.0,Rural,0
LN2025108180,53,Male,Single,0,SENP,31,133400.0,0.0,18100.0,772,Business,1900000.0,24,2690000.0,Semi-Urban,0
LN2025106326,30,Male,Single,0,Salaried,7,39400.0,0.0,0.0,781,Home,1970000.0,360,3770000.0,Rural,1
LN2025104780,46,Male,Married,2,SENP,24,136900.0,0.0,8200.0,885,Personal,970000.0,60,0.0,Semi-Urban,1
LN2025100723,39,Female,Married,2,Salaried,17,53800.0,0.0,0.0,793,Home,2060000.0,240,2510000.0,Rural,1
LN2025107931,20,Male,Single,0,Salaried,0,41900.0,0.0,0.0,636,Personal,520000.0,48,0.0,Urban,0
LN2025103334,37,Male,Married,2,Salaried,13,53100.0,0.0,20400.0,716,Vehicle,1380000.0,60,1540000.0,Semi-Urban,0
LN2025100918,49,Female,Married,2,SEP,21,84700.0,36200.0,2000.0,-1,Home,6540000.0,120,11890000.0,Rural,0
LN2025109730,32,Male,Married,2,Salaried,12,73500.0,0.0,0.0,-1,Personal,340000.0,36,0.0,Urban,0
LN2025105982,35,Female,Married,1,Salaried,10,27400.0,0.0,6300.0,733,Personal,270000.0,12,0.0,Rural,0
LN2025106050,45,Female,Married,0,SENP,17,52700.0,24000.0,0.0,589,Business,260000.0,12,0.0,Semi-Urban,0
LN2025104909,43,Male,Divorced,0,Salaried,22,139900.0,0.0,0.0,764,Home,5650000.0,180,9970000.0,Urban,1
LN2025108412,39,Female,Married,2,Salaried,14,68700.0,0.0,0.0,730,Vehicle,690000.0,60,760000.0,Urban,1
LN2025100940,36,Male,Married,1,Salaried,12,41300.0,0.0,0.0,720,Personal,530000.0,36,0.0,Semi-Urban,1
LN2025104790,38,Male,Married,0,SEP,11,69200.0,42200.0,8700.0,-1,Business,1650000.0,48,3120000.0,Rural,0
LN2025106412,37,Male,Married,2,SEP,10,57900.0,0.0,0.0,845,Business,630000.0,36,0.0,Rural,1
LN2025109834,26,Female,Single,0,Salaried,4,57400.0,0.0,0.0,737,Home,3670000.0,180,5970000.0,Semi-Urban,0
LN2025105467,38,Male,Married,1,Salaried,16,61800.0,0.0,2000.0,715,Vehicle,530000.0,60,690000.0,Semi-Urban,1
LN2025104896,33,Female,Married,3,Salaried,9,28400.0,0.0,0.0,743,Vehicle,270000.0,84,390000.0,Rural,1
LN2025100221,39,Male,Married,1,Salaried,14,24600.0,0.0,2200.0,765,Personal,200000.0,36,0.0,Rural,1
LN2025107769,33,Female,Married,2,Salaried,11,29300.0,0.0,4900.0,627,Personal,50000.0,24,0.0,Rural,0
LN2025102860,50,Male,Married,0,Salaried,29,42000.0,14200.0,0.0,722,Home,1570000.0,120,2200000.0,Rural,0
LN2025103008,23,Female,Single,0,Salaried,0,89300.0,0.0,0.0,831,Personal,470000.0,60,0.0,Urban,0
LN2025102842,36,Female,Married,2,Salaried,11,51300.0,0.0,0.0,739,Personal,270000.0,36,0.0,Urban,1
LN2025106864,37,Male,Married,2,Salaried,16,75900.0,0.0,0.0,722,Home,1560000.0,240,4230000.0,Rural,1
LN2025104715,30,Female,Married,1,SENP,3,41500.0,0.0,0.0,720,Business,490000.0,48,0.0,Semi-Urban,0
LN2025100730,32,Male,Married,1,Salaried,9,21700.0,19100.0,0.0,765,Vehicle,350000.0,60,350000.0,Urban,1
LN2025101807,35,Male,Married,2,Salaried,10,36800.0,16300.0,4000.0,645,Home,2580000.0,240,3420000.0,Urban,0
LN2025103960,46,Male,Married,1,SENP,27,44800.0,15600.0,0.0,657,Vehicle,440000.0,60,460000.0,Semi-Urban,1
LN2025100330,38,Male,Married,2,SENP,15,119700.0,0.0,17700.0,822,Home,4250000.0,180,5120000.0,Rural,0
LN2025104310,37,Female,Married,0,Salaried,14,22500.0,0.0,6500.0,602,Personal,220000.0,48,0.0,Rural,0
LN2025103734,33,Female,Married,3,Salaried,8,19000.0,0.0,5400.0,767,Personal,70000.0,36,0.0,Urban,0
LN2025101250,22,Male,Single,0,SENP,0,24500.0,15900.0,0.0,693,Home,1990000.0,240,2790000.0,Semi-Urban,0
LN2025106541,57,Male,Married,2,SEP,27,86300.0,0.0,3900.0,714,Business,490000.0,36,0.0,Rural,1
LN2025100396,36,Male,Married,1,Salaried,14,75100.0,0.0,9200.0,685,Vehicle,530000.0,60,620000.0,Urban,1
LN2025105459,46,Female,Married,2,Salaried,21,38300.0,13500.0,5900.0,752,Home,1440000.0,120,2540000.0,Semi-Urban,1
LN2025102654,27,Male,Single,0,Salaried,1,30400.0,0.0,2600.0,766,Personal,340000.0,36,0.0,Urban,1
LN2025108836,33,Male,Married,3,Salaried,12,63100.0,43000.0,0.0,843,Personal,750000.0,24,0.0,Semi-Urban,1
LN2025103180,49,Male,Married,3,Salaried,28,116300.0,5600.0,0.0,850,Home,2810000.0,120,6200000.0,Rural,1
LN2025102560,33,Female,Married,2,SENP,10,21100.0,0.0,0.0,715,Home,940000.0,240,1700000.0,Urban,1
LN2025102884,50,Male,Married,2,SENP,28,82400.0,106500.0,28200.0,708,Home,9290000.0,180,19180000.0,Urban,1
LN2025109530,35,Male,Married,2,SENP,12,18500.0,0.0,6300.0,703,Business,330000.0,24,0.0,Semi-Urban,0
LN2025102697,24,Female,Single,0,Salaried,2,13900.0,0.0,0.0,731,Personal,100000.0,36,0.0,Semi-Urban,0
LN2025100906,34,Male,Married,2,Salaried,10,50900.0,35800.0,0.0,674,Home,3770000.0,240,4830000.0,Semi-Urban,1
LN2025100798,40,Male,Married,2,SEP,13,64000.0,0.0,0.0,785,Business,730000.0,84,1140000.0,Urban,1
LN2025104864,49,Male,Married,2,SENP,28,155800.0,32500.0,10300.0,738,Vehicle,2300000.0,60,3040000.0,Urban,1
LN2025106810,49,Male,Married,0,SEP,21,222400.0,0.0,37400.0,741,Home,6130000.0,180,9180000.0,Semi-Urban,1
LN2025102062,26,Male,Single,0,Salaried,4,30300.0,4600.0,3200.0,767,Home,920000.0,240,1260000.0,Semi-Urban,1
LN2025109856,43,Male,Married,2,Salaried,20,54700.0,41300.0,8700.0,879,Home,5460000.0,180,11460000.0,Urban,0
LN2025104617,42,Male,Married,2,SEP,14,69400.0,0.0,19500.0,749,Personal,390000.0,60,0.0,Rural,1
LN2025100122,42,Male,Married,1,Salaried,20,99300.0,0.0,34500.0,784,Vehicle,420000.0,60,1720000.0,Urban,0
LN2025106426,20,Male,Married,1,Salaried,0,27600.0,0.0,5400.0,737,Personal,480000.0,36,0.0,Urban,0
LN2025104095,50,Male,Married,2,SENP,21,47600.0,40200.0,0.0,-1,Business,200000.0,36,0.0,Rural,1
LN2025109654,29,Female,Married,0,Salaried,6,37800.0,0.0,0.0,688,Personal,180000.0,36,0.0,Semi-Urban,1
LN2025100885,35,Male,Married,0,Salaried,4,27400.0,0.0,0.0,786,Personal,160000.0,24,0.0,Rural,1
LN2025102358,49,Male,Married,3,Salaried,26,44000.0,31400.0,0.0,775,Home,5440000.0,120,9890000.0,Semi-Urban,1
LN2025104575,35,Male,Married,2,Salaried,13,24800.0,0.0,1500.0,680,Personal,190000.0,36,0.0,Semi-Urban,1
LN2025109197,37,Male,Unknown,3,SEP,9,42900.0,0.0,0.0,595,Home,2230000.0,240,5000000.0,Rural,0
LN2025101063,29,Male,Single,0,Salaried,7,44000.0,15600.0,2200.0,698,Home,820000.0,300,1100000.0,Semi-Urban,1
LN2025102436,42,Female,Married,0,SEP,13,39500.0,0.0,10400.0,668,Personal,210000.0,60,0.0,Urban,0
LN2025109826,34,Male,Married,2,Salaried,12,41900.0,0.0,1300.0,817,Personal,380000.0,24,0.0,Urban,1
LN2025101955,38,Female,Married,3,SEP,13,70500.0,0.0,26900.0,764,Personal,250000.0,36,0.0,Urban,1
LN2025107729,39,Male,Married,3,SEP,9,113600.0,14500.0,0.0,863,Vehicle,830000.0,48,920000.0,Semi-Urban,1
LN2025108576,44,Female,Single,1,SENP,17,45500.0,0.0,0.0,772,Home,1980000.0,120,2950000.0,Urban,0
LN2025105710,42,Male,Married,2,SENP,19,118700.0,0.0,0.0,786,Business,870000.0,84,0.0,Semi-Urban,1
LN2025107062,44,Female,Married,0,Salaried,21,49300.0,64500.0,0.0,686,Vehicle,680000.0,48,850000.0,Semi-Urban,1
LN2025105524,34,Female,Married,2,SENP,12,44100.0,23000.0,0.0,665,Vehicle,600000.0,48,770000.0,Semi-Urban,1
LN2025103265,41,Male,Married,2,Salaried,17,29500.0,0.0,3000.0,650,Personal,140000.0,60,0.0,Rural,0
LN2025102694,40,Male,Married,3,SEP,13,154300.0,8500.0,12500.0,-1,Home,6090000.0,300,10770000.0,Rural,0
LN2025103690,70,Male,Divorced,0,SENP,43,232200.0,0.0,80500.0,763,Business,1060000.0,120,0.0,Urban,0
LN2025100264,57,Male,Single,3,SENP,38,217200.0,0.0,0.0,779,Home,9250000.0,360,12920000.0,Rural,0
LN2025100356,26,Female,Single,0,Salaried,4,35600.0,0.0,0.0,694,Personal,380000.0,36,0.0,Semi-Urban,1
LN2025105326,52,Male,Married,1,SEP,23,115700.0,33300.0,0.0,781,Business,1180000.0,48,0.0,Urban,1
LN2025100115,38,Female,Married,3,SEP,13,231800.0,0.0,28000.0,785,Home,6520000.0,180,9150000.0,Semi-Urban,1
LN2025108569,51,Male,Married,2,Salaried,30,72500.0,29900.0,20500.0,773,Vehicle,730000.0,60,940000.0,Semi-Urban,1
LN2025108731,38,Male,Married,1,Salaried,18,38700.0,0.0,0.0,634,Home,2770000.0,240,4120000.0,Urban,0
LN2025101022,38,Male,Married,2,SEP,9,152200.0,0.0,49100.0,801,Home,5600000.0,300,8130000.0,Urban,1
LN2025109839,41,Male,Married,2,SEP,16,217600.0,23000.0,71000.0,656,Vehicle,110000.0,24,150000.0,Urban,1
LN2025100509,61,Unknown,Married,2,SEP,30,379100.0,0.0,39900.0,793,Vehicle,100000.0,12,100000.0,Urban,1
LN2025105462,35,Female,Married,2,Salaried,10,57200.0,0.0,0.0,683,Vehicle,1520000.0,48,2170000.0,Urban,0
LN2025105949,51,Female,Married,0,SENP,31,211800.0,106000.0,0.0,767,Home,9980000.0,120,13700000.0,Urban,1
LN2025104658,33,Female,Married,3,Salaried,10,22200.0,19600.0,0.0,-1,Home,1100000.0,180,1650000.0,Rural,0
LN2025103685,51,Male,Married,2,SENP,28,154800.0,39500.0,58800.0,657,Business,1610000.0,12,0.0,Urban,0
LN2025107402,32,Male,Married,1,Salaried,8,88300.0,0.0,19800.0,676,Personal,260000.0,60,0.0,Semi-Urban,1
LN2025101090,41,Female,Married,2,SENP,12,34700.0,19000.0,0.0,785,Home,2970000.0,180,4720000.0,Urban,1
LN2025105007,35,Male,Married,1,SENP,10,20600.0,35400.0,0.0,721,Business,320000.0,48,470000.0,Urban,1
LN2025106775,43,Female,Married,3,SENP,17,38900.0,47100.0,11900.0,873,Business,730000.0,24,1620000.0,Semi-Urban,1
LN2025106517,39,Male,Married,2,SENP,14,81100.0,0.0,0.0,710,Business,1940000.0,84,4750000.0,Urban,1
LN2025108094,25,Male,Married,1,Salaried,1,39500.0,62600.0,0.0,580,Home,5570000.0,300,7230000.0,Urban,0
LN2025103686,37,Male,Single,0,SEP,6,20500.0,0.0,1500.0,729,Personal,250000.0,36,0.0,Semi-Urban,1
LN2025100619,47,Male,Married,3,SENP,18,88000.0,0.0,0.0,765,Personal,620000.0,36,0.0,Semi-Urban,1
LN2025102057,36,Male,Married,3,Salaried,16,63100.0,0.0,8400.0,827,Personal,340000.0,60,0.0,Urban,1
LN2025106190,47,Male,Single,0,SEP,20,95900.0,0.0,25200.0,700,Vehicle,1150000.0,60,1300000.0,Urban,1
LN2025102570,50,Male,Married,2,SENP,30,117000.0,26600.0,43500.0,798,Business,940000.0,60,0.0,Semi-Urban,1
LN2025100346,29,Male,Married,2,SENP,11,53500.0,0.0,0.0,710,Vehicle,240000.0,60,280000.0,Urban,1
LN2025109454,28,Male,Single,0,SENP,9,35400.0,0.0,0.0,-1,Personal,330000.0,36,0.0,Urban,0
LN2025101555,61,Male,Married,1,SENP,41,94400.0,30200.0,25500.0,826,Business,480000.0,48,0.0,Semi-Urban,1
LN2025109480,23,Female,Single,0,Salaried,0,50700.0,0.0,0.0,790,Home,2150000.0,240,2720000.0,Urban,0
LN2025105124,64,Male,Single,2,SEP,37,98900.0,0.0,0.0,743,Home,3880000.0,240,6570000.0,Semi-Urban,0
LN2025107636,41,Male,Married,1,Salaried,21,147600.0,0.0,0.0,740,Personal,1040000.0,24,0.0,Urban,1
LN2025104543,42,Male,Married,0,SEP,15,106600.0,0.0,0.0,773,Business,980000.0,24,1440000.0,Urban,1
LN2025100889,20,Male,Single,0,Salaried,0,61300.0,27300.0,0.0,766,Home,2630000.0,120,5460000.0,Urban,0
LN2025104441,47,Female,Married,3,SEP,18,51300.0,0.0,0.0,860,Vehicle,260000.0,84,300000.0,Semi-Urban,1
LN2025107847,27,Female,Single,0,SENP,6,50800.0,0.0,0.0,708,Business,590000.0,48,0.0,Urban,0
LN2025106846,33,Male,Married,2,Salaried,7,34100.0,22000.0,22300.0,727,Home,2460000.0,120,3080000.0,Semi-Urban,0
LN2025106596,32,Male,Married,1,Salaried,9,60300.0,29000.0,3300.0,812,Home,2350000.0,300,2610000.0,Urban,0
LN2025102528,48,Male,Married,2,Salaried,24,58900.0,16900.0,0.0,766,Home,3630000.0,120,5750000.0,Semi-Urban,0
LN2025108744,37,Female,Married,2,Salaried,16,44400.0,0.0,12100.0,682,Vehicle,470000.0,84,480000.0,Urban,0
LN2025103895,29,Female,Single,0,Salaried,4,30100.0,0.0,0.0,-1,Home,910000.0,360,1360000.0,Urban,1
LN2025105157,41,Female,Married,3,SEP,14,59600.0,23700.0,0.0,-1,Home,3570000.0,180,4280000.0,Urban,0
LN2025109608,28,Female,Married,2,Salaried,3,24000.0,46300.0,0.0,703,Home,4520000.0,360,7020000.0,Urban,0
LN2025101284,29,Male,Married,0,Salaried,7,66900.0,0.0,0.0,803,Home,2280000.0,240,4020000.0,Semi-Urban,1
LN2025103075,37,Female,Married,1,Salaried,12,33200.0,0.0,1400.0,752,Personal,190000.0,60,0.0,Semi-Urban,1
LN2025108810,38,Female,Married,3,SENP,17,35700.0,0.0,0.0,738,Business,160000.0,84,300000.0,Semi-Urban,1
LN2025101704,28,Male,Single,0,Salaried,5,43300.0,0.0,0.0,671,Vehicle,900000.0,60,910000.0,Urban,1
LN2025107455,39,Female,Married,2,SEP,13,52900.0,70800.0,0.0,693,Home,2490000.0,300,4010000.0,Urban,1
LN2025100664,42,Female,Married,3,SENP,21,107300.0,24400.0,6200.0,881,Business,1340000.0,48,0.0,Rural,1
LN2025107330,28,Male,Single,0,Salaried,7,40800.0,0.0,0.0,724,Home,1100000.0,240,2410000.0,Semi-Urban,1
LN2025100033,34,Female,Single,0,Salaried,12,46900.0,0.0,21500.0,658,Home,900000.0,300,1800000.0,Urban,0
LN2025107014,21,Male,Single,0,Salaried,0,16300.0,0.0,0.0,783,Personal,120000.0,48,0.0,Urban,0
LN2025103973,57,Male,Married,2,SENP,35,66300.0,59400.0,38300.0,547,Business,660000.0,24,950000.0,Semi-Urban,0
LN2025107599,42,Male,Married,0,SENP,14,79200.0,0.0,0.0,781,Personal,740000.0,24,0.0,Urban,1
LN2025100074,29,Female,Married,0,Salaried,4,29400.0,0.0,0.0,-1,Personal,160000.0,36,0.0,Rural,0
LN2025100522,51,Male,Married,1,SENP,25,91300.0,0.0,18600.0,729,Business,710000.0,48,0.0,Semi-Urban,1
LN2025102980,37,Male,Married,1,Salaried,14,41000.0,0.0,0.0,-1,Vehicle,870000.0,36,1020000.0,Rural,0
LN2025103626,62,Male,Married,2,SENP,39,293700.0,0.0,0.0,763,Business,4300000.0,36,10180000.0,Urban,1
LN2025106670,41,Male,Married,1,Salaried,18,33500.0,0.0,0.0,684,Personal,420000.0,12,0.0,Semi-Urban,0
LN2025101956,43,Male,Married,1,Salaried,19,16700.0,31200.0,11400.0,719,Home,1830000.0,180,3500000.0,Rural,0
LN2025101132,33,Male,Married,1,Salaried,8,31300.0,0.0,4200.0,655,Personal,480000.0,12,0.0,Semi-Urban,0
LN2025107707,39,Male,Married,2,SEP,12,117900.0,38900.0,0.0,786,Personal,1910000.0,24,0.0,Semi-Urban,1
LN2025106022,42,Female,Married,3,Salaried,21,72200.0,36600.0,0.0,760,Personal,280000.0,60,0.0,Semi-Urban,1
LN2025106877,44,Female,Married,3,SENP,16,170400.0,0.0,0.0,739,Vehicle,1150000.0,48,1200000.0,Rural,1
LN2025100941,46,Female,Married,1,Salaried,12,62800.0,0.0,0.0,668,Home,4560000.0,120,7560000.0,Urban,0
LN2025102607,28,Male,Single,0,Salaried,4,21900.0,0.0,0.0,744,Personal,630000.0,36,0.0,Semi-Urban,0
LN2025106494,48,Transgender,Married,1,Salaried,25,69000.0,0.0,2400.0,703,Personal,250000.0,12,0.0,Semi-Urban,1
LN2025103848,23,Male,Single,1,Salaried,0,38900.0,0.0,0.0,631,Vehicle,600000.0,60,860000.0,Rural,0
LN2025109587,39,Male,Married,0,Salaried,16,45100.0,0.0,0.0,839,Vehicle,1010000.0,60,1080000.0,Urban,0
LN2025106710,37,Male,Married,0,Salaried,11,57200.0,74500.0,14800.0,840,Personal,560000.0,36,0.0,Urban,1
LN2025106825,23,Female,Married,2,Salaried,3,71100.0,35300.0,12500.0,807,Personal,780000.0,60,0.0,Urban,1
LN2025105927,35,Male,Married,3,Salaried,9,8000.0,36300.0,0.0,566,Home,1230000.0,180,1910000.0,Semi-Urban,0
LN2025107484,33,Male,Married,2,Salaried,10,41200.0,18300.0,0.0,676,Vehicle,880000.0,36,980000.0,Urban,0
LN2025100318,27,Unknown,Single,0,Salaried,5,54700.0,0.0,0.0,789,Personal,80000.0,36,0.0,Urban,1
LN2025101356,24,Female,Single,0,SEP,0,46800.0,0.0,6400.0,759,Business,490000.0,60,1400000.0,Semi-Urban,0
LN2025109726,55,Male,Widowed,1,Salaried,31,104900.0,0.0,24600.0,659,Personal,1580000.0,60,0.0,Urban,1
LN2025100876,42,Male,Married,1,Salaried,20,65900.0,0.0,11400.0,725,Home,1420000.0,180,1730000.0,Urban,0
LN2025103005,42,Male,Married,1,SENP,15,127000.0,0.0,0.0,737,Business,820000.0,36,0.0,Urban,1
LN2025108991,35,Male,Married,2,SEP,7,45500.0,116700.0,0.0,718,Business,1040000.0,36,1640000.0,Urban,1
LN2025103140,29,Male,Married,3,Salaried,6,37300.0,0.0,0.0,780,Vehicle,360000.0,60,450000.0,Rural,1
LN2025105162,38,Male,Married,1,Salaried,15,44000.0,0.0,0.0,727,Personal,260000.0,24,0.0,Semi-Urban,1
LN2025102823,41,Male,Married,2,Salaried,20,76100.0,27000.0,0.0,767,Home,4110000.0,180,5720000.0,Rural,1
LN2025102166,53,Female,Married,0,Salaried,29,24000.0,23000.0,0.0,-1,Personal,340000.0,60,0.0,Rural,0
LN2025108519,42,Male,Married,1,Salaried,18,94100.0,30600.0,0.0,777,Home,4070000.0,180,6320000.0,Urban,1
LN2025106857,41,Male,Divorced,0,SEP,12,224800.0,0.0,8100.0,772,Home,9160000.0,120,10720000.0,Urban,0
LN2025103141,39,Female,Married,1,Salaried,18,23200.0,0.0,500.0,729,Vehicle,170000.0,60,200000.0,Urban,1
LN2025109816,46,Male,Single,0,SENP,20,75700.0,0.0,0.0,822,Business,450000.0,24,770000.0,Semi-Urban,1
LN2025107394,41,Male,Widowed,0,SEP,13,56700.0,17400.0,0.0,655,Business,600000.0,60,960000.0,Urban,1
LN2025107073,39,Male,Married,1,Salaried,18,45400.0,0.0,0.0,705,Personal,140000.0,36,0.0,Urban,1
LN2025109041,37,Female,Married,1,Salaried,14,38800.0,15000.0,1700.0,547,Home,1490000.0,240,2000000.0,Urban,0
LN2025107163,26,Male,Unknown,3,Salaried,0,57100.0,0.0,0.0,832,Home,1530000.0,180,2350000.0,Urban,0
LN2025108908,53,Male,Married,3,SENP,24,33300.0,0.0,0.0,696,Personal,310000.0,48,0.0,Urban,1
LN2025102284,47,Male,Married,3,SENP,24,293900.0,0.0,0.0,739,Personal,2580000.0,48,0.0,Semi-Urban,1
LN2025103915,40,Male,Married,1,Salaried,17,74600.0,51800.0,0.0,757,Home,5740000.0,180,8540000.0,Semi-Urban,1
LN2025104792,42,Male,Married,1,SENP,18,77200.0,66800.0,0.0,737,Home,6260000.0,180,9470000.0,Rural,1
LN2025101093,34,Male,Married,3,SEP,4,59300.0,19200.0,0.0,692,Home,2820000.0,240,3770000.0,Urban,1
LN2025101264,45,Male,Married,1,SEP,18,122600.0,21000.0,21500.0,757,Home,2805000.0,240,6120000.0,Rural,1
LN2025103218,28,Male,Single,0,Salaried,4,29900.0,0.0,0.0,-1,Home,940000.0,180,1110000.0,Rural,1
LN2025106696,35,Male,Married,1,Salaried,11,47500.0,0.0,0.0,739,Vehicle,490000.0,60,510000.0,Urban,1
LN2025106154,67,Male,Married,3,SENP,38,61200.0,0.0,12500.0,781,Business,600000.0,36,1500000.0,Semi-Urban,0
LN2025106886,33,Male,Single,0,Salaried,12,47100.0,0.0,15000.0,782,Personal,290000.0,24,0.0,Rural,0
LN2025100734,37,Male,Married,2,SENP,12,55300.0,0.0,3600.0,798,Business,530000.0,36,0.0,Urban,1
LN2025106837,58,Female,Married,1,SEP,32,125300.0,0.0,25400.0,713,Personal,1260000.0,36,0.0,Urban,1
LN2025106379,42,Male,Married,2,SENP,21,31600.0,63100.0,0.0,-1,Home,3960000.0,300,11310000.0,Rural,0
LN2025103873,38,Male,Married,2,Salaried,16,34300.0,0.0,0.0,728,Home,910000.0,180,2360000.0,Urban,1
LN2025105356,20,Male,Single,0,Salaried,0,63300.0,0.0,0.0,739,Vehicle,880000.0,60,1250000.0,Urban,0
LN2025100884,31,Male,Married,1,Salaried,9,44800.0,0.0,12600.0,786,Home,1420000.0,240,2670000.0,Semi-Urban,0
LN2025109288,45,Female,Married,1,SENP,21,92900.0,0.0,0.0,660,Vehicle,580000.0,84,730000.0,Urban,1
LN2025103354,42,Female,Married,1,Salaried,19,28800.0,0.0,0.0,776,Home,1140000.0,180,1890000.0,Urban,0
LN2025103372,47,Male,Married,2,SENP,19,69100.0,0.0,0.0,630,Vehicle,1200000.0,36,1350000.0,Urban,0
LN2025102338,45,Male,Unknown,1,Salaried,25,114500.0,0.0,0.0,728,Home,3720000.0,180,4670000.0,Semi-Urban,0
LN2025107762,35,Male,Married,2,Salaried,11,77000.0,0.0,0.0,803,Personal,460000.0,36,0.0,Urban,1
LN2025107804,39,Male,Married,2,Salaried,16,180100.0,0.0,0.0,767,Vehicle,120000.0,24,140000.0,Semi-Urban,1
LN2025102512,28,Male,Single,3,SENP,4,35400.0,0.0,0.0,706,Business,280000.0,48,0.0,Urban,0
LN2025104234,45,Male,Married,1,SENP,25,28000.0,0.0,0.0,666,Business,230000.0,36,350000.0,Semi-Urban,1
LN2025101433,52,Male,Married,3,SENP,32,165700.0,27700.0,25800.0,767,Personal,1190000.0,60,0.0,Semi-Urban,1
LN2025105951,36,Male,Married,0,Salaried,14,36900.0,70900.0,0.0,589,Home,2010000.0,120,3720000.0,Urban,1
LN2025108564,38,Male,Married,2,Salaried,15,78800.0,0.0,0.0,677,Home,2260000.0,240,3080000.0,Semi-Urban,1
LN2025107303,40,Male,Married,2,SENP,20,300300.0,0.0,0.0,644,Vehicle,4000000.0,36,5570000.0,Urban,0
LN2025105542,39,Male,Married,2,Salaried,16,46500.0,0.0,8300.0,719,Personal,150000.0,48,0.0,Urban,1
LN2025102157,20,Male,Single,0,Salaried,0,24500.0,26700.0,0.0,677,Home,1050000.0,360,2150000.0,Urban,0
LN2025100040,43,Male,Married,3,Salaried,21,111600.0,46200.0,0.0,825,Personal,650000.0,60,0.0,Urban,1
LN2025103722,20,Female,Single,0,Salaried,0,8000.0,0.0,0.0,641,Home,500000.0,300,770000.0,Rural,0
LN2025108413,36,Male,Married,2,SEP,9,66900.0,0.0,15000.0,648,Business,560000.0,12,0.0,Semi-Urban,0
LN2025102085,28,Male,Single,1,Salaried,8,49900.0,0.0,0.0,739,Personal,320000.0,36,0.0,Urban,1
LN2025109464,32,Male,Married,1,Salaried,8,38500.0,0.0,0.0,685,Vehicle,310000.0,36,380000.0,Urban,1
LN2025109478,31,Female,Single,0,Salaried,8,49200.0,0.0,10000.0,869,Personal,370000.0,36,0.0,Semi-Urban,1
LN2025101779,43,Female,Married,3,SENP,14,86100.0,0.0,8800.0,616,Vehicle,790000.0,48,1110000.0,Urban,0
LN2025109358,62,Female,Married,1,SENP,34,27900.0,60100.0,0.0,725,Home,1480000.0,300,3570000.0,Semi-Urban,0
LN2025104015,36,Male,Married,3,SEP,7,289400.0,133500.0,67000.0,823,Vehicle,110000.0,12,120000.0,Urban,1
LN2025106311,30,Female,Single,2,SENP,10,37000.0,0.0,0.0,842,Business,300000.0,24,610000.0,Urban,1
LN2025104018,33,Male,Married,3,Salaried,13,25400.0,88200.0,0.0,795,Business,450000.0,12,0.0,Urban,1
LN2025108300,34,Male,Married,2,Salaried,13,22800.0,34800.0,0.0,575,Personal,360000.0,24,0.0,Semi-Urban,0
LN2025102391,37,Female,Married,1,Salaried,13,44300.0,50500.0,0.0,849,Vehicle,370000.0,84,400000.0,Semi-Urban,1
LN2025104925,43,Male,Married,3,SENP,22,129700.0,28900.0,28500.0,799,Home,7310000.0,240,11050000.0,Urban,1
LN2025102188,30,Male,Single,0,SENP,7,22500.0,80300.0,0.0,806,Business,1190000.0,60,1850000.0,Urban,1
LN2025100397,35,Male,Single,0,Salaried,10,28600.0,70600.0,0.0,776,Home,2290000.0,180,3390000.0,Urban,1
LN2025105907,41,Male,Married,3,SENP,13,128700.0,46700.0,43900.0,804,Personal,1590000.0,60,0.0,Urban,1
LN2025108636,49,Male,Married,1,SENP,22,366300.0,0.0,0.0,758,Vehicle,4000000.0,60,5390000.0,Rural,1
LN2025103253,35,Male,Married,0,Salaried,13,54000.0,0.0,0.0,707,Vehicle,690000.0,60,740000.0,Urban,1
LN2025108259,29,Female,Single,0,Salaried,9,39500.0,0.0,0.0,746,Home,1830000.0,360,4870000.0,Urban,1
LN2025108838,35,Female,Married,1,Salaried,12,50500.0,29100.0,0.0,757,Vehicle,700000.0,84,880000.0,Rural,1
LN2025101139,36,Male,Married,1,SEP,5,71700.0,0.0,0.0,645,Home,2040000.0,240,2640000.0,Urban,0
LN2025102544,31,Female,Married,2,Salaried,9,40800.0,0.0,0.0,763,Vehicle,670000.0,36,820000.0,Urban,0
LN2025103971,32,Female,Married,1,Salaried,10,55900.0,0.0,0.0,-1,Personal,830000.0,36,0.0,Semi-Urban,0
LN2025106664,39,Male,Single,0,Salaried,16,56700.0,38700.0,0.0,681,Home,2260000.0,120,2440000.0,Urban,0
LN2025107578,35,Male,Married,0,SEP,8,240300.0,0.0,0.0,823,Business,1240000.0,12,0.0,Semi-Urban,1
LN2025107656,61,Male,Married,3,SENP,40,44600.0,40500.0,8300.0,796,Home,3690000.0,300,5490000.0,Urban,0
LN2025103633,29,Female,Married,3,Salaried,4,24500.0,0.0,6700.0,733,Personal,90000.0,12,0.0,Semi-Urban,0
LN2025100497,32,Male,Married,0,SEP,5,27200.0,27300.0,3400.0,-1,Personal,260000.0,48,0.0,Rural,1
LN2025101091,35,Male,Married,2,Salaried,11,35400.0,27400.0,0.0,866,Home,3550000.0,120,4140000.0,Semi-Urban,0
LN2025102730,33,Male,Married,3,Salaried,8,16800.0,0.0,0.0,720,Personal,180000.0,60,0.0,Urban,0
LN2025106789,56,Female,Married,1,SENP,27,158100.0,14400.0,7500.0,765,Home,4020000.0,120,4680000.0,Urban,0
LN2025104352,34,Male,Married,1,Salaried,12,49300.0,0.0,0.0,860,Personal,90000.0,36,0.0,Urban,1
LN2025106567,40,Male,Married,0,SEP,13,114500.0,42400.0,0.0,555,Business,400000.0,84,540000.0,Urban,0
LN2025101637,37,Male,Married,2,SEP,7,162000.0,0.0,0.0,712,Home,7810000.0,180,12070000.0,Semi-Urban,1
LN2025101079,40,Male,Married,1,Salaried,16,52500.0,0.0,4900.0,805,Personal,310000.0,36,0.0,Semi-Urban,1
LN2025109248,35,Male,Married,2,Salaried,9,74700.0,0.0,0.0,736,Personal,310000.0,24,0.0,Semi-Urban,1
LN2025100553,26,Male,Single,0,Salaried,2,8000.0,0.0,0.0,853,Personal,50000.0,60,0.0,Semi-Urban,0
LN2025109123,30,Male,Unknown,0,Salaried,12,22500.0,0.0,0.0,777,Personal,180000.0,36,0.0,Urban,1
LN2025102215,37,Unknown,Married,3,Salaried,16,46700.0,0.0,0.0,820,Personal,200000.0,60,0.0,Semi-Urban,1
LN2025106786,33,Male,Married,2,Salaried,11,47900.0,60500.0,2600.0,753,Home,5530000.0,240,9960000.0,Urban,1
LN2025109250,34,Male,Married,0,SENP,8,122400.0,15200.0,55500.0,733,Business,460000.0,36,1170000.0,Rural,1
LN2025104861,37,Male,Married,1,Salaried,14,33500.0,0.0,0.0,760,Home,1980000.0,240,3140000.0,Urban,0
LN2025102374,37,Male,Married,0,Salaried,17,59100.0,0.0,6500.0,699,Home,2500000.0,240,5080000.0,Urban,1
LN2025100661,32,Male,Married,0,Salaried,10,19000.0,37200.0,9600.0,662,Home,2170000.0,300,3160000.0,Rural,0
LN2025102981,44,Female,Married,2,SENP,19,168600.0,0.0,41800.0,705,Personal,4000000.0,36,0.0,Urban,0
LN2025106722,36,Female,Married,2,Salaried,12,28700.0,34700.0,0.0,727,Vehicle,310000.0,60,310000.0,Semi-Urban,1
LN2025106895,55,Male,Married,0,SENP,29,87900.0,0.0,0.0,715,Home,6140000.0,120,11200000.0,Urban,0
LN2025104191,34,Male,Married,3,Salaried,10,85400.0,26700.0,11800.0,695,Vehicle,60000.0,24,70000.0,Semi-Urban,1
LN2025101057,47,Male,Married,1,Salaried,22,72300.0,33900.0,0.0,738,Personal,1000000.0,36,0.0,Semi-Urban,1
LN2025106598,41,Male,Married,1,Salaried,17,32700.0,0.0,2000.0,634,Personal,350000.0,12,0.0,Semi-Urban,0
LN2025109210,32,Female,Married,2,Salaried,9,17900.0,0.0,5100.0,780,Vehicle,360000.0,60,410000.0,Urban,0
LN2025100860,21,Male,Single,0,Salaried,0,24300.0,0.0,0.0,773,Personal,110000.0,36,0.0,Semi-Urban,0
LN2025101531,38,Male,Married,2,Salaried,14,67600.0,34900.0,0.0,790,Home,4340000.0,240,5190000.0,Urban,0
LN2025109170,39,Male,Married,3,Salaried,15,32400.0,0.0,0.0,709,Personal,210000.0,60,0.0,Semi-Urban,1
LN2025101155,46,Male,Unknown,3,SEP,18,71000.0,34000.0,0.0,802,Home,3440000.0,180,7560000.0,Semi-Urban,1
LN2025103872,33,Female,Married,2,Salaried,12,64400.0,0.0,0.0,757,Personal,280000.0,48,0.0,Urban,1
LN2025109822,58,Male,Married,2,SENP,33,64000.0,0.0,4100.0,716,Business,780000.0,36,1290000.0,Semi-Urban,1
LN2025103977,35,Female,Married,1,Salaried,10,47000.0,0.0,0.0,714,Home,1890000.0,120,2810000.0,Urban,1
LN2025101508,41,Female,Married,2,SENP,13,80600.0,0.0,0.0,668,Vehicle,540000.0,36,650000.0,Urban,0
LN2025109663,63,Male,Married,1,SENP,36,13300.0,95800.0,0.0,724,Home,6250000.0,300,8730000.0,Urban,0
LN2025109815,22,Female,Single,0,Salaried,0,66800.0,0.0,0.0,644,Personal,1030000.0,24,0.0,Urban,0
LN2025108954,30,Male,Single,0,Salaried,5,62700.0,0.0,0.0,758,Home,3060000.0,240,3440000.0,Urban,0
LN2025105465,21,Female,Single,0,Salaried,0,14500.0,0.0,0.0,699,Personal,150000.0,36,0.0,Rural,0
LN2025100392,41,Male,Married,2,Salaried,21,69100.0,0.0,1000.0,691,Vehicle,870000.0,60,930000.0,Urban,1
LN2025107239,30,Male,Married,2,SEP,3,40500.0,0.0,1300.0,682,Home,830000.0,240,1340000.0,Semi-Urban,1
LN2025108551,32,Male,Married,2,SENP,12,73000.0,130000.0,24600.0,703,Vehicle,540000.0,60,630000.0,Semi-Urban,1
LN2025101428,33,Male,Married,2,Salaried,12,47900.0,0.0,20100.0,723,Vehicle,140000.0,24,180000.0,Urban,0
LN2025102357,37,Male,Married,2,SENP,10,30100.0,0.0,0.0,831,Business,340000.0,36,570000.0,Semi-Urban,1
LN2025107977,35,Female,Married,2,Salaried,11,40400.0,31300.0,9700.0,578,Vehicle,390000.0,48,490000.0,Urban,0
LN2025102004,32,Female,Married,0,Salaried,10,31000.0,35800.0,0.0,-1,Personal,360000.0,48,0.0,Rural,0
LN2025103024,31,Male,Married,1,Salaried,5,50300.0,59000.0,0.0,883,Home,7510000.0,300,10220000.0,Urban,1
LN2025102076,35,Male,Married,0,Salaried,12,54100.0,18000.0,0.0,795,Home,3450000.0,120,5390000.0,Semi-Urban,0
LN2025100616,41,Female,Divorced,3,SENP,12,49200.0,0.0,7400.0,725,Vehicle,310000.0,36,330000.0,Urban,1
LN2025108918,28,Male,Single,0,Salaried,4,24200.0,0.0,0.0,702,Vehicle,250000.0,60,310000.0,Urban,1
LN2025101035,45,Male,Married,2,Salaried,22,54200.0,0.0,0.0,717,Personal,330000.0,36,0.0,Semi-Urban,1
LN2025106213,28,Male,Married,1,SENP,4,224800.0,60600.0,57400.0,798,Business,870000.0,36,1580000.0,Urban,1
LN2025107723,32,Female,Single,1,Salaried,11,58300.0,0.0,0.0,743,Personal,410000.0,48,0.0,Urban,1
LN2025105457,20,Male,Single,0,Salaried,0,58700.0,0.0,0.0,655,Home,1710000.0,240,2470000.0,Urban,0
LN2025101525,46,Female,Married,1,Salaried,24,42600.0,0.0,0.0,711,Personal,660000.0,60,0.0,Urban,1
LN2025103854,34,Female,Single,0,SENP,9,70400.0,0.0,0.0,762,Vehicle,980000.0,60,1150000.0,Urban,0
LN2025103337,44,Male,Married,3,Salaried,21,49200.0,0.0,6900.0,684,Personal,210000.0,36,0.0,Urban,1
LN2025104544,32,Male,Single,3,SENP,3,138900.0,0.0,0.0,863,Business,550000.0,24,1210000.0,Urban,1
LN2025108110,50,Male,Married,2,Salaried,24,75000.0,0.0,0.0,746,Personal,490000.0,60,0.0,Urban,1
LN2025101575,45,Male,Married,2,SENP,19,72600.0,72400.0,6500.0,634,Business,510000.0,84,0.0,Urban,0
LN2025106174,62,Male,Married,3,SENP,41,185500.0,0.0,0.0,783,Home,10330000.0,180,11060000.0,Urban,0
LN2025102504,44,Female,Married,3,SEP,19,106400.0,40200.0,28100.0,779,Home,5700000.0,240,12870000.0,Semi-Urban,1
LN2025108517,24,Female,Single,0,Salaried,1,20400.0,0.0,3200.0,-1,Home,570000.0,300,1580000.0,Urban,0
LN2025107775,47,Male,Married,0,SENP,25,63300.0,0.0,11000.0,690,Personal,200000.0,60,0.0,Urban,1
LN2025106110,38,Male,Married,2,SENP,13,90800.0,88400.0,0.0,-1,Vehicle,100000.0,36,120000.0,Urban,1
LN2025103305,37,Female,Married,1,Salaried,15,32200.0,0.0,0.0,693,Home,1190000.0,240,1850000.0,Urban,1
LN2025102494,31,Male,Married,0,Salaried,10,36400.0,61100.0,0.0,-1,Home,3010000.0,240,5340000.0,Urban,1
LN2025102472,33,Male,Married,0,Salaried,12,33000.0,53300.0,6100.0,656,Personal,290000.0,24,0.0,Urban,1
LN2025103593,51,Male,Married,1,SENP,30,483200.0,0.0,0.0,683,Vehicle,120000.0,24,130000.0,Urban,1
LN2025104336,25,Male,Single,0,Salaried,4,36400.0,0.0,0.0,838,Vehicle,210000.0,60,250000.0,Semi-Urban,1
LN2025102523,30,Male,Married,3,Salaried,4,52700.0,0.0,10000.0,729,Personal,390000.0,36,0.0,Urban,0
LN2025108651,39,Female,Married,1,Salaried,17,34500.0,17900.0,0.0,741,Home,1290000.0,240,1520000.0,Urban,1
LN2025106891,35,Female,Married,3,Salaried,14,105800.0,57500.0,0.0,742,Home,5720000.0,300,10070000.0,Urban,1
LN2025100883,37,Male,Married,1,Salaried,14,60600.0,36700.0,17800.0,656,Vehicle,430000.0,84,570000.0,Urban,1
LN2025100499,39,Male,Married,3,SEP,8,29300.0,16600.0,0.0,746,Business,430000.0,48,0.0,Semi-Urban,1
LN2025105135,32,Male,Married,2,Salaried,9,30400.0,0.0,4200.0,773,Personal,370000.0,24,0.0,Rural,1
LN2025104584,26,Female,Married,1,SEP,0,28800.0,38500.0,0.0,764,Home,2570000.0,240,5520000.0,Semi-Urban,0
LN2025101951,33,Female,Married,2,Salaried,9,41800.0,0.0,0.0,797,Personal,190000.0,60,0.0,Urban,1
LN2025100983,24,Female,Single,0,Salaried,3,57700.0,0.0,7800.0,784,Vehicle,380000.0,60,420000.0,Urban,1
LN2025109713,32,Male,Married,3,Salaried,6,20400.0,0.0,0.0,772,Personal,200000.0,36,0.0,Rural,1
LN2025102522,22,Male,Single,0,Salaried,0,57000.0,0.0,0.0,721,Personal,390000.0,60,0.0,Semi-Urban,0
LN2025104163,36,Male,Married,3,Salaried,16,44000.0,29600.0,0.0,708,Vehicle,120000.0,36,160000.0,Semi-Urban,1
LN2025100826,33,Male,Single,0,Salaried,9,73500.0,12300.0,0.0,739,Home,2480000.0,300,3120000.0,Urban,1
LN2025106951,50,Male,Married,0,SEP,22,94900.0,0.0,24400.0,751,Vehicle,630000.0,60,900000.0,Rural,1
LN2025108036,38,Female,Married,0,SENP,15,30300.0,0.0,0.0,736,Vehicle,500000.0,60,550000.0,Semi-Urban,1
LN2025101499,28,Male,Single,1,Salaried,7,22500.0,0.0,0.0,814,Personal,130000.0,36,0.0,Rural,1
LN2025105107,39,Female,Married,0,Salaried,18,67500.0,0.0,16900.0,724,Personal,690000.0,60,0.0,Urban,1
LN2025107671,39,Male,Married,2,Salaried,14,15400.0,21200.0,0.0,580,Home,1530000.0,240,2850000.0,Rural,0
LN2025100462,27,Female,Single,0,Salaried,6,53100.0,0.0,22100.0,697,Vehicle,50000.0,36,60000.0,Urban,1
LN2025106090,57,Unknown,Married,2,SENP,29,33200.0,63800.0,0.0,845,Home,2560000.0,300,4330000.0,Semi-Urban,0
LN2025107020,32,Female,Married,2,SENP,9,46900.0,31400.0,1900.0,637,Vehicle,90000.0,12,90000.0,Urban,0
LN2025109795,40,Male,Married,2,Salaried,20,30300.0,0.0,1400.0,698,Personal,450000.0,48,0.0,Semi-Urban,1
LN2025102748,31,Female,Single,0,Salaried,6,15100.0,0.0,0.0,628,Personal,50000.0,60,0.0,Semi-Urban,0
LN2025107454,35,Female,Married,1,Salaried,12,28200.0,36600.0,5200.0,806,Personal,870000.0,60,0.0,Urban,1
LN2025107967,26,Male,Single,3,SENP,3,24900.0,129100.0,0.0,838,Business,630000.0,36,0.0,Urban,1
LN2025107103,36,Male,Married,0,SENP,7,52500.0,0.0,0.0,750,Personal,200000.0,48,0.0,Urban,0
LN2025102874,35,Female,Married,1,Salaried,11,18900.0,32800.0,0.0,730,Home,990000.0,300,1470000.0,Semi-Urban,1
LN2025101716,47,Male,Married,1,SENP,22,62200.0,0.0,11700.0,-1,Business,390000.0,60,0.0,Rural,0
LN2025103057,35,Female,Married,2,SENP,9,110400.0,39200.0,21300.0,754,Business,890000.0,24,1910000.0,Urban,1
LN2025101946,44,Female,Married,3,SENP,22,222200.0,0.0,126400.0,754,Personal,1790000.0,36,0.0,Semi-Urban,0
LN2025106823,25,Male,Single,0,Salaried,1,27800.0,0.0,0.0,761,Home,710000.0,240,1130000.0,Urban,1
LN2025100452,40,Female,Married,2,Salaried,15,79000.0,0.0,0.0,769,Vehicle,60000.0,36,60000.0,Urban,1
LN2025102849,34,Male,Married,2,SENP,14,50500.0,0.0,0.0,792,Personal,540000.0,36,0.0,Rural,1
LN2025103226,50,Male,Married,3,SEP,24,116100.0,0.0,0.0,748,Home,3810000.0,120,6910000.0,Urban,1
LN2025109760,43,Male,Married,2,Salaried,17,46700.0,0.0,0.0,816,Personal,280000.0,48,0.0,Rural,1
LN2025102398,41,Male,Single,0,Salaried,20,32200.0,0.0,5400.0,675,Vehicle,70000.0,24,100000.0,Urban,1
LN2025102757,28,Female,Married,0,Salaried,2,25100.0,0.0,1800.0,707,Home,860000.0,180,1450000.0,Urban,1
LN2025108949,52,Male,Married,0,SEP,25,89100.0,36600.0,18500.0,783,Home,3650000.0,120,6830000.0,Rural,1
LN2025103319,33,Male,Married,3,Salaried,9,65200.0,39300.0,0.0,750,Home,3610000.0,120,6340000.0,Semi-Urban,1
LN2025107093,53,Male,Married,2,Salaried,28,41000.0,0.0,0.0,623,Personal,330000.0,36,0.0,Urban,0
LN2025101721,39,Male,Married,1,Salaried,19,19800.0,0.0,5100.0,727,Home,2805000.0,240,1280000.0,Semi-Urban,1
LN2025109035,40,Male,Married,1,SEP,13,53300.0,67200.0,0.0,698,Home,3150000.0,240,7060000.0,Urban,1
LN2025101527,37,Male,Married,2,Salaried,16,99300.0,0.0,0.0,688,Vehicle,90000.0,12,100000.0,Urban,1
LN2025101171,44,Male,Married,2,SENP,21,51700.0,71800.0,0.0,783,Business,1100000.0,36,1470000.0,Semi-Urban,1
LN2025106608,28,Male,Single,1,SEP,0,95400.0,0.0,0.0,756,Vehicle,150000.0,36,170000.0,Rural,0
LN2025105439,42,Male,Married,1,Salaried,17,74500.0,0.0,13800.0,775,Personal,1080000.0,12,0.0,Urban,0
LN2025104350,42,Male,Married,2,SENP,14,109900.0,0.0,0.0,801,Business,760000.0,60,0.0,Semi-Urban,1
LN2025103059,29,Male,Single,0,Salaried,7,47900.0,0.0,0.0,773,Personal,350000.0,24,0.0,Semi-Urban,1
LN2025109058,27,Female,Single,1,Salaried,1,30000.0,0.0,0.0,702,Vehicle,270000.0,60,370000.0,Rural,0
LN2025100134,33,Male,Married,2,SENP,6,36000.0,0.0,2400.0,806,Vehicle,100000.0,36,120000.0,Rural,1
LN2025101289,40,Male,Married,3,SENP,18,73900.0,0.0,0.0,771,Vehicle,650000.0,60,860000.0,Urban,1
LN2025106360,47,Female,Married,3,Salaried,25,87100.0,0.0,7300.0,792,Vehicle,1070000.0,60,1180000.0,Semi-Urban,1
LN2025108100,39,Male,Married,3,Salaried,16,11200.0,0.0,0.0,771,Personal,50000.0,60,0.0,Semi-Urban,0
LN2025106166,38,Male,Married,2,Salaried,13,105600.0,0.0,25000.0,765,Home,8760000.0,240,10270000.0,Urban,0
LN2025104053,34,Male,Married,1,Salaried,8,42700.0,30300.0,0.0,688,Home,1640000.0,300,3900000.0,Semi-Urban,1
LN2025108506,47,Male,Married,1,SEP,17,84400.0,0.0,14100.0,570,Vehicle,740000.0,48,990000.0,Semi-Urban,0
LN2025102561,40,Male,Married,3,Salaried,15,75600.0,88500.0,0.0,789,Home,4150000.0,240,4680000.0,Urban,0
LN2025104354,42,Male,Married,1,Salaried,20,97300.0,0.0,0.0,734,Vehicle,1570000.0,60,1740000.0,Semi-Urban,1
LN2025104679,60,Female,Single,0,SEP,33,82300.0,0.0,0.0,686,Vehicle,150000.0,36,180000.0,Urban,1
LN2025103935,34,Unknown,Married,2,Salaried,9,37300.0,0.0,0.0,-1,Vehicle,120000.0,36,130000.0,Urban,1
LN2025108873,40,Male,Married,3,SEP,13,109900.0,32300.0,5400.0,739,Business,390000.0,24,980000.0,Urban,0
LN2025106793,56,Male,Married,1,Salaried,36,46900.0,0.0,2400.0,-1,Vehicle,150000.0,12,160000.0,Urban,1
LN2025108174,32,Male,Married,0,Salaried,10,45200.0,0.0,0.0,762,Home,3110000.0,300,4050000.0,Urban,0
LN2025109759,40,Male,Married,2,Salaried,17,28200.0,62800.0,11700.0,721,Home,3540000.0,240,4530000.0,Semi-Urban,0
LN2025103990,33,Female,Single,0,Salaried,11,75700.0,0.0,0.0,783,Personal,300000.0,60,0.0,Urban,1
LN2025101765,40,Male,Married,3,SENP,12,60600.0,45500.0,0.0,812,Vehicle,50000.0,12,60000.0,Urban,1
LN2025106713,23,Male,Single,1,Salaried,0,53800.0,0.0,13500.0,561,Personal,370000.0,36,0.0,Urban,0
LN2025100348,39,Male,Married,3,SENP,18,86300.0,0.0,5200.0,720,Personal,940000.0,36,0.0,Rural,1
LN2025107664,24,Male,Single,2,SENP,0,54400.0,0.0,9900.0,745,Business,180000.0,48,0.0,Semi-Urban,0
LN2025101734,26,Female,Single,1,Salaried,2,29100.0,0.0,2100.0,797,Personal,130000.0,36,0.0,Urban,1
LN2025104119,51,Male,Married,2,SENP,25,101100.0,0.0,12800.0,740,Business,610000.0,48,970000.0,Rural,1
LN2025103238,52,Male,Married,2,SENP,31,32400.0,64300.0,5200.0,826,Vehicle,310000.0,60,370000.0,Rural,1
LN2025103511,40,Female,Married,1,Salaried,18,59800.0,0.0,23700.0,650,Vehicle,140000.0,24,150000.0,Urban,0
LN2025106392,47,Male,Married,2,SENP,26,64100.0,33500.0,22000.0,792,Business,650000.0,120,0.0,Rural,1
LN2025108059,35,Male,Married,3,Salaried,13,45900.0,16800.0,0.0,746,Personal,650000.0,24,0.0,Urban,0
LN2025107724,46,Male,Married,1,SEP,19,86100.0,0.0,0.0,716,Business,1350000.0,60,0.0,Urban,0
LN2025102428,31,Female,Married,1,Salaried,11,26800.0,0.0,5600.0,732,Vehicle,290000.0,60,390000.0,Semi-Urban,0
LN2025104736,29,Male,Single,0,Salaried,9,25900.0,0.0,0.0,643,Personal,300000.0,36,0.0,Urban,0
LN2025106330,33,Male,Married,2,Salaried,10,51500.0,0.0,0.0,751,Personal,250000.0,24,0.0,Urban,1
LN2025103703,32,Male,Married,1,Salaried,8,41000.0,0.0,0.0,660,Vehicle,320000.0,84,320000.0,Semi-Urban,1
LN2025106914,41,Male,Unknown,1,SEP,13,59400.0,0.0,3500.0,718,Vehicle,560000.0,60,560000.0,Semi-Urban,1
LN2025108630,34,Female,Married,1,Salaried,12,29300.0,17300.0,0.0,747,Home,950000.0,300,1960000.0,Rural,1
LN2025105647,33,Female,Married,1,Salaried,10,53500.0,0.0,0.0,758,Personal,320000.0,48,0.0,Semi-Urban,1
LN2025106506,35,Male,Married,1,Salaried,15,42900.0,0.0,5200.0,726,Personal,500000.0,24,0.0,Semi-Urban,0
LN2025105248,30,Male,Married,1,Salaried,12,26000.0,0.0,0.0,743,Personal,90000.0,48,0.0,Semi-Urban,1
LN2025101217,31,Female,Single,0,Salaried,9,31300.0,41400.0,19500.0,753,Home,4510000.0,300,5750000.0,Urban,0
LN2025104809,45,Male,Widowed,0,SENP,24,251300.0,0.0,0.0,693,Business,2020000.0,36,3950000.0,Urban,1
LN2025107019,29,Female,Married,3,SENP,7,115900.0,0.0,0.0,739,Business,690000.0,60,0.0,Urban,1
LN2025102896,47,Male,Married,1,SEP,19,84900.0,0.0,0.0,760,Personal,710000.0,24,0.0,Semi-Urban,1
LN2025101128,48,Male,Married,3,SEP,19,154100.0,45900.0,0.0,672,Business,1220000.0,48,0.0,Urban,1
LN2025105281,32,Male,Married,2,Salaried,7,93600.0,0.0,0.0,-1,Vehicle,710000.0,60,750000.0,Urban,1
LN2025109830,36,Female,Married,1,Salaried,11,40000.0,0.0,0.0,810,Vehicle,490000.0,60,590000.0,Semi-Urban,1
LN2025105752,39,Male,Married,0,SENP,12,13400.0,38900.0,0.0,827,Vehicle,70000.0,24,80000.0,Rural,1
LN2025109143,45,Male,Single,2,SEP,15,51700.0,0.0,4300.0,803,Vehicle,630000.0,36,680000.0,Rural,1
LN2025101624,27,Female,Single,0,Salaried,3,28900.0,15400.0,0.0,765,Home,2270000.0,300,3410000.0,Urban,1
LN2025109707,30,Male,Married,1,Salaried,9,61700.0,144800.0,0.0,756,Personal,1420000.0,36,0.0,Urban,1
LN2025102342,40,Male,Married,2,Salaried,16,33700.0,0.0,0.0,754,Vehicle,230000.0,60,250000.0,Urban,1
LN2025104381,40,Male,Married,2,Salaried,16,26500.0,35300.0,0.0,642,Vehicle,1260000.0,60,1510000.0,Rural,0
LN2025101000,29,Male,Single,0,Salaried,7,30200.0,32000.0,0.0,645,Home,3040000.0,360,4800000.0,Semi-Urban,0
LN2025104786,47,Male,Married,2,Salaried,26,150700.0,0.0,16100.0,826,Vehicle,1530000.0,48,1650000.0,Urban,1
LN2025107944,31,Female,Single,1,SEP,2,200600.0,0.0,0.0,825,Business,1420000.0,36,0.0,Semi-Urban,0
LN2025107674,37,Male,Married,0,Salaried,14,28400.0,0.0,3800.0,-1,Personal,120000.0,60,0.0,Semi-Urban,0
LN2025100071,45,Male,Married,2,SEP,15,216900.0,0.0,0.0,723,Personal,1430000.0,36,0.0,Urban,1
LN2025109218,32,Male,Married,1,Salaried,8,46500.0,0.0,800.0,740,Vehicle,620000.0,60,690000.0,Urban,1
LN2025103154,37,Female,Married,3,Salaried,16,60300.0,83100.0,0.0,739,Vehicle,100000.0,36,140000.0,Urban,1
LN2025106934,39,Female,Married,3,SENP,16,178800.0,0.0,0.0,763,Business,980000.0,24,0.0,Semi-Urban,1
LN2025103485,42,Female,Married,0,Salaried,21,62400.0,0.0,0.0,860,Home,2330000.0,180,2840000.0,Urban,1
LN2025108896,49,Male,Married,3,Salaried,24,54600.0,0.0,3100.0,718,Personal,290000.0,60,0.0,Urban,1
LN2025108475,53,Male,Married,3,SEP,28,212300.0,0.0,0.0,823,Vehicle,1870000.0,48,2050000.0,Rural,1
LN2025105584,42,Female,Married,1,Salaried,16,106700.0,0.0,53100.0,748,Personal,860000.0,36,0.0,Urban,0
LN2025107519,44,Female,Married,1,Salaried,22,36600.0,24400.0,0.0,-1,Vehicle,50000.0,12,60000.0,Urban,1
LN2025103199,30,Female,Single,0,Salaried,7,33200.0,0.0,0.0,618,Vehicle,870000.0,84,1000000.0,Semi-Urban,0
LN2025105126,30,Female,Married,2,Salaried,4,23200.0,0.0,0.0,-1,Home,680000.0,180,1100000.0,Rural,0
LN2025100550,30,Male,Single,3,SENP,1,82400.0,0.0,0.0,720,Personal,440000.0,36,0.0,Urban,0
LN2025106964,22,Male,Single,0,Salaried,1,22000.0,39600.0,0.0,787,Vehicle,230000.0,36,310000.0,Urban,1
LN2025101409,36,Male,Married,3,Salaried,14,52200.0,0.0,0.0,732,Personal,460000.0,48,0.0,Rural,0
LN2025104853,38,Female,Married,2,SEP,8,75100.0,0.0,11600.0,677,Vehicle,510000.0,36,640000.0,Semi-Urban,0
LN2025104248,45,Male,Married,0,Salaried,23,44300.0,0.0,7800.0,784,Personal,230000.0,24,0.0,Semi-Urban,1
LN2025106547,49,Female,Single,0,SENP,26,111500.0,0.0,22700.0,738,Business,470000.0,24,0.0,Semi-Urban,1
LN2025102776,36,Male,Married,3,Salaried,15,50900.0,0.0,0.0,683,Personal,650000.0,12,0.0,Urban,0
LN2025101630,36,Male,Married,1,Salaried,13,27900.0,0.0,0.0,610,Personal,230000.0,48,0.0,Rural,0
LN2025109077,32,Male,Single,0,Salaried,10,24400.0,0.0,0.0,771,Vehicle,180000.0,60,220000.0,Semi-Urban,1
LN2025106533,49,Male,Married,3,Salaried,24,141900.0,0.0,0.0,820,Home,3810000.0,120,5670000.0,Urban,1
LN2025108780,47,Female,Married,1,SENP,25,126800.0,29900.0,0.0,815,Vehicle,2550000.0,60,2950000.0,Urban,1
LN2025109124,42,Female,Married,0,SEP,12,40200.0,0.0,0.0,618,Personal,360000.0,60,0.0,Urban,0
LN2025107667,31,Male,Married,3,Salaried,7,45600.0,46100.0,0.0,762,Home,2190000.0,240,2570000.0,Urban,1
LN2025106730,37,Male,Married,3,SENP,13,127900.0,29800.0,0.0,826,Home,7750000.0,300,11530000.0,Urban,1
LN2025101812,53,Female,Married,1,SEP,24,106900.0,0.0,20600.0,688,Vehicle,380000.0,60,490000.0,Urban,1
LN2025107788,40,Male,Married,2,SEP,12,144200.0,0.0,0.0,773,Business,920000.0,84,0.0,Urban,1
LN2025107280,42,Male,Married,1,SENP,14,137700.0,0.0,0.0,697,Home,5410000.0,240,8190000.0,Rural,1
LN2025108824,30,Male,Single,2,Salaried,5,49800.0,0.0,17400.0,696,Home,1760000.0,180,4580000.0,Rural,0
LN2025103308,52,Female,Married,1,Salaried,28,71200.0,0.0,0.0,825,Personal,570000.0,36,0.0,Urban,1
LN2025105385,48,Female,Married,2,SENP,22,68600.0,0.0,0.0,754,Home,2130000.0,180,3540000.0,Urban,1
LN2025107256,36,Male,Married,3,Salaried,14,59400.0,23200.0,34500.0,705,Home,2790000.0,240,4370000.0,Urban,0
LN2025101202,38,Male,Married,2,SENP,11,84400.0,0.0,11900.0,743,Home,2510000.0,300,3360000.0,Semi-Urban,0
LN2025101871,34,Male,Married,3,Salaried,10,65000.0,0.0,20600.0,732,Vehicle,1010000.0,48,1130000.0,Urban,0
LN2025104040,31,Male,Married,2,SENP,7,33600.0,0.0,0.0,676,Personal,370000.0,48,0.0,Urban,1
LN2025102432,30,Male,Married,3,Salaried,7,42700.0,40600.0,0.0,808,Personal,740000.0,48,0.0,Urban,1
LN2025101903,47,Male,Married,2,SEP,22,220000.0,0.0,0.0,826,Business,2270000.0,36,3990000.0,Semi-Urban,1
LN2025107645,36,Male,Single,0,Salaried,13,44400.0,0.0,0.0,-1,Personal,360000.0,24,0.0,Semi-Urban,0
LN2025100009,34,Male,Married,2,Salaried,13,64900.0,0.0,0.0,700,Personal,520000.0,60,0.0,Semi-Urban,1
LN2025107378,37,Female,Married,2,Salaried,12,42800.0,0.0,7300.0,729,Personal,590000.0,60,0.0,Urban,0
LN2025102674,31,Male,Married,2,Salaried,7,32400.0,0.0,0.0,687,Vehicle,110000.0,24,130000.0,Urban,1
LN2025109466,46,Male,Married,1,Salaried,22,78300.0,0.0,0.0,755,Personal,330000.0,24,0.0,Semi-Urban,1
LN2025105867,32,Male,Married,1,Salaried,9,29300.0,33600.0,0.0,764,Personal,330000.0,48,0.0,Urban,1
LN2025101578,36,Male,Married,1,SENP,13,88100.0,84400.0,0.0,895,Vehicle,860000.0,36,930000.0,Urban,1
LN2025105798,41,Male,Married,3,SENP,20,60900.0,32000.0,18600.0,866,Business,440000.0,24,0.0,Semi-Urban,1
LN2025101898,47,Male,Single,3,SENP,27,158100.0,0.0,0.0,749,Business,700000.0,60,0.0,Rural,1
LN2025107157,33,Male,Married,3,SENP,10,86200.0,0.0,0.0,756,Business,610000.0,60,0.0,Semi-Urban,1
LN2025107144,26,Female,Single,0,SENP,0,16700.0,18100.0,0.0,739,Home,1810000.0,180,3330000.0,Semi-Urban,0
LN2025102725,41,Male,Married,1,SEP,14,258500.0,20100.0,29500.0,769,Business,1910000.0,60,3380000.0,Rural,1
LN2025101371,32,Male,Married,0,Salaried,9,18000.0,20300.0,7300.0,765,Vehicle,320000.0,36,360000.0,Rural,1
LN2025106067,50,Male,Divorced,0,Salaried,29,84200.0,0.0,0.0,746,Personal,930000.0,60,0.0,Urban,1
LN2025102518,38,Female,Married,2,SEP,10,114000.0,0.0,0.0,805,Business,730000.0,60,0.0,Urban,1
LN2025109225,38,Male,Married,0,Salaried,13,31800.0,27500.0,0.0,700,Home,1150000.0,240,1810000.0,Urban,1
LN2025102819,55,Male,Single,1,SENP,34,61100.0,0.0,0.0,774,Personal,520000.0,60,0.0,Semi-Urban,1
LN2025108266,39,Male,Married,2,Salaried,15,33200.0,0.0,0.0,772,Vehicle,660000.0,60,920000.0,Urban,1
LN2025106445,24,Male,Single,1,Salaried,2,21600.0,0.0,0.0,700,Business,200000.0,48,0.0,Rural,1
LN2025109704,42,Male,Married,2,SENP,15,113800.0,0.0,0.0,773,Business,450000.0,84,0.0,Urban,1
LN2025106186,27,Male,Married,0,Salaried,4,73300.0,0.0,0.0,727,Home,2600000.0,240,3600000.0,Urban,1
LN2025101262,39,Male,Married,2,SEP,9,35900.0,0.0,7700.0,702,Vehicle,480000.0,48,610000.0,Urban,0
LN2025106391,39,Unknown,Married,2,SENP,14,32900.0,19800.0,0.0,771,Business,340000.0,84,600000.0,Urban,1
LN2025100043,48,Male,Married,2,SEP,19,242800.0,39200.0,0.0,663,Personal,1140000.0,60,0.0,Urban,1
LN2025101277,38,Male,Married,1,Salaried,14,78800.0,0.0,24100.0,705,Vehicle,110000.0,12,130000.0,Semi-Urban,0
LN2025100169,45,Male,Married,2,Salaried,21,69200.0,63400.0,18000.0,843,Personal,540000.0,24,0.0,Semi-Urban,1
LN2025105874,38,Male,Married,2,SENP,14,40300.0,0.0,1700.0,713,Business,170000.0,60,0.0,Rural,1
LN2025103331,38,Female,Married,2,Salaried,16,43800.0,0.0,0.0,609,Personal,190000.0,36,0.0,Urban,0
LN2025109172,40,Male,Married,3,SEP,11,93000.0,0.0,24500.0,746,Personal,700000.0,48,0.0,Semi-Urban,1
LN2025106733,43,Male,Married,2,SENP,17,66700.0,27300.0,0.0,731,Business,380000.0,84,0.0,Urban,1
LN2025100023,48,Male,Married,1,SENP,20,80800.0,0.0,0.0,852,Business,1180000.0,12,0.0,Urban,0
LN2025102918,41,Male,Married,1,Salaried,19,49600.0,26900.0,0.0,816,Vehicle,750000.0,60,860000.0,Rural,1
LN2025105726,45,Female,Married,1,Salaried,23,149900.0,0.0,0.0,694,Vehicle,970000.0,60,1140000.0,Urban,1
LN2025105440,39,Male,Married,3,SEP,10,92300.0,63300.0,27800.0,662,Business,2150000.0,60,2960000.0,Urban,0
LN2025106691,38,Male,Married,2,Salaried,13,54500.0,49400.0,0.0,660,Home,4460000.0,240,6570000.0,Semi-Urban,1
LN2025108983,24,Male,Single,0,Salaried,4,85700.0,0.0,0.0,732,Personal,640000.0,24,0.0,Urban,1
LN2025102797,28,Male,Married,2,Salaried,3,21000.0,20200.0,2400.0,751,Vehicle,120000.0,60,160000.0,Rural,1
LN2025105821,37,Female,Married,2,Salaried,14,48300.0,32500.0,0.0,526,Home,3880000.0,360,6190000.0,Rural,0
LN2025109381,36,Male,Married,1,Salaried,10,32800.0,0.0,0.0,642,Vehicle,280000.0,48,330000.0,Urban,0
LN2025101295,21,Male,Single,0,Salaried,0,35400.0,0.0,0.0,-1,Personal,60000.0,24,0.0,Rural,1
LN2025103715,40,Female,Married,1,Salaried,18,30900.0,0.0,0.0,730,Home,1600000.0,240,2060000.0,Semi-Urban,0
LN2025109731,55,Male,Widowed,0,SENP,28,82400.0,0.0,17800.0,705,Business,390000.0,36,0.0,Urban,1
LN2025103578,31,Male,Married,2,Salaried,9,69100.0,0.0,0.0,782,Home,2010000.0,180,2860000.0,Semi-Urban,1
LN2025109563,33,Male,Married,3,Salaried,12,45600.0,64900.0,0.0,759,Home,3730000.0,180,4950000.0,Urban,1
LN2025100002,38,Female,Married,2,Salaried,16,72200.0,11600.0,0.0,603,Home,2400000.0,240,3590000.0,Rural,0
LN2025102129,44,Male,Married,2,Salaried,19,75700.0,39000.0,0.0,713,Home,5350000.0,300,8690000.0,Rural,0
LN2025108662,61,Female,Married,2,SEP,33,153400.0,0.0,18300.0,795,Personal,700000.0,36,0.0,Semi-Urban,1
LN2025108133,48,Male,Married,0,SENP,26,132300.0,50100.0,0.0,709,Business,1170000.0,36,2070000.0,Urban,1
LN2025104820,38,Male,Married,2,Salaried,15,51100.0,0.0,0.0,726,Vehicle,620000.0,60,770000.0,Urban,1
LN2025106727,40,Female,Unknown,3,SEP,10,36400.0,0.0,0.0,552,Business,180000.0,36,370000.0,Urban,0
LN2025106056,56,Male,Married,3,SENP,27,46900.0,14000.0,0.0,-1,Home,3100000.0,120,4570000.0,Rural,0
LN2025109052,52,Male,Widowed,0,SENP,29,14200.0,0.0,0.0,762,Business,170000.0,24,0.0,Rural,0
LN2025100851,36,Male,Married,2,SENP,11,76700.0,0.0,5200.0,729,Business,930000.0,60,0.0,Urban,1
LN2025105955,36,Male,Married,3,SENP,15,14700.0,0.0,3100.0,676,Business,580000.0,84,0.0,Urban,0
LN2025106589,61,Female,Married,1,SENP,34,116700.0,135500.0,0.0,786,Business,1680000.0,48,0.0,Urban,1
LN2025103752,53,Male,Married,2,SEP,25,113400.0,0.0,0.0,712,Personal,780000.0,60,0.0,Rural,1
LN2025107258,22,Female,Single,3,Salaried,1,64300.0,0.0,0.0,851,Personal,340000.0,24,0.0,Urban,1
LN2025106207,50,Male,Single,1,Salaried,26,78600.0,0.0,0.0,727,Vehicle,1350000.0,48,1380000.0,Urban,1
LN2025101963,32,Unknown,Married,3,Salaried,8,49900.0,69400.0,0.0,700,Home,4550000.0,180,7390000.0,Semi-Urban,1
LN2025101445,43,Female,Married,1,SENP,22,86800.0,0.0,11500.0,517,Vehicle,610000.0,84,640000.0,Urban,0
LN2025102698,27,Male,Single,0,Salaried,3,66000.0,0.0,0.0,-1,Vehicle,110000.0,36,150000.0,Semi-Urban,1
LN2025100090,29,Male,Single,1,SENP,3,16400.0,0.0,3400.0,663,Vehicle,110000.0,24,130000.0,Rural,0
LN2025104323,39,Male,Married,2,Salaried,17,159900.0,28900.0,0.0,764,Personal,980000.0,36,0.0,Urban,1
LN2025102627,40,Male,Married,2,SEP,11,127000.0,0.0,5400.0,770,Home,5650000.0,180,8380000.0,Urban,1
LN2025104829,58,Male,Married,2,SEP,29,178500.0,0.0,0.0,785,Home,4590000.0,240,7580000.0,Urban,0
LN2025100370,31,Male,Married,1,Salaried,6,105800.0,37600.0,0.0,727,Home,2020000.0,180,3470000.0,Urban,1
LN2025108304,42,Male,Married,2,SEP,16,231600.0,0.0,0.0,665,Business,2380000.0,48,4460000.0,Urban,1
LN2025104437,36,Male,Married,1,Salaried,13,43000.0,0.0,0.0,634,Personal,250000.0,12,0.0,Rural,0
LN2025108354,30,Male,Single,0,Salaried,7,38100.0,0.0,0.0,698,Home,1930000.0,240,2420000.0,Semi-Urban,1
LN2025100012,33,Male,Single,0,Salaried,8,70300.0,0.0,0.0,716,Home,3310000.0,120,5940000.0,Urban,0
LN2025104951,33,Male,Married,3,Salaried,11,63100.0,0.0,5500.0,582,Vehicle,660000.0,48,900000.0,Urban,0
LN2025106200,32,Male,Married,1,SENP,10,157000.0,38900.0,0.0,740,Business,710000.0,48,1060000.0,Urban,1
LN2025105926,35,Male,Married,2,Salaried,12,23000.0,0.0,0.0,723,Vehicle,150000.0,12,200000.0,Rural,0
LN2025108416,42,Female,Married,2,SENP,17,197700.0,0.0,17900.0,760,Vehicle,2340000.0,48,2440000.0,Urban,1
LN2025107294,43,Male,Married,2,Salaried,19,67900.0,0.0,10400.0,811,Home,3810000.0,180,4790000.0,Urban,0
LN2025109257,31,Unknown,Married,0,SEP,4,126100.0,178900.0,0.0,809,Vehicle,2770000.0,36,3050000.0,Urban,1
LN2025101170,53,Male,Married,3,SEP,26,100400.0,0.0,13200.0,739,Home,4240000.0,360,6490000.0,Urban,0
LN2025108655,35,Male,Married,1,Salaried,13,46100.0,9100.0,13100.0,838,Home,1590000.0,240,2140000.0,Semi-Urban,1
LN2025107067,31,Male,Married,0,Salaried,11,33100.0,35800.0,0.0,679,Personal,320000.0,36,0.0,Urban,1
LN2025103384,31,Male,Single,0,Salaried,11,59200.0,0.0,0.0,862,Personal,740000.0,48,0.0,Semi-Urban,1
LN2025103664,44,Female,Married,2,SENP,24,170700.0,0.0,52400.0,740,Home,2805000.0,240,5930000.0,Urban,0
LN2025104373,49,Unknown,Married,2,Salaried,25,152200.0,0.0,49800.0,837,Personal,630000.0,36,0.0,Urban,1
LN2025104420,33,Male,Single,3,SEP,5,31100.0,0.0,0.0,815,Personal,250000.0,36,0.0,Urban,1
LN2025101329,32,Male,Married,1,SENP,11,65100.0,59000.0,0.0,688,Home,4460000.0,360,7730000.0,Urban,1
LN2025103957,46,Female,Widowed,0,Salaried,20,32800.0,0.0,0.0,733,Personal,620000.0,60,0.0,Urban,1
LN2025101794,34,Male,Married,0,Salaried,9,72200.0,34100.0,38100.0,842,Home,3200000.0,240,3660000.0,Urban,0
LN2025100721,35,Male,Married,3,Salaried,13,89900.0,0.0,28400.0,761,Personal,800000.0,36,0.0,Urban,0
LN2025107802,38,Female,Married,2,Salaried,16,32200.0,60000.0,24400.0,708,Personal,530000.0,24,0.0,Urban,0
LN2025101019,56,Male,Married,2,SENP,27,121900.0,0.0,0.0,770,Home,2770000.0,180,4520000.0,Urban,0
LN2025105575,48,Male,Married,2,SENP,23,8500.0,0.0,2400.0,595,Vehicle,120000.0,36,130000.0,Rural,0
LN2025100666,42,Male,Married,1,SENP,15,176800.0,0.0,0.0,698,Vehicle,3790000.0,60,5280000.0,Urban,1
LN2025104206,32,Male,Unknown,1,Salaried,8,30600.0,0.0,0.0,-1,Vehicle,170000.0,36,170000.0,Semi-Urban,1
LN2025102264,29,Male,Married,2,Salaried,7,41400.0,26100.0,0.0,702,Home,1550000.0,240,2440000.0,Urban,1
LN2025106100,48,Unknown,Married,1,SEP,22,78100.0,96600.0,0.0,661,Home,11290000.0,180,16800000.0,Urban,1
LN2025108292,28,Male,Married,3,Salaried,8,61400.0,27600.0,37900.0,629,Home,2680000.0,240,3140000.0,Rural,0
LN2025104894,22,Male,Single,0,Salaried,0,10600.0,0.0,1900.0,739,Personal,80000.0,36,0.0,Rural,0
LN2025104513,41,Male,Married,3,Salaried,19,155200.0,0.0,0.0,560,Vehicle,1280000.0,60,1440000.0,Urban,0
LN2025100644,32,Male,Married,1,Salaried,10,52700.0,0.0,9700.0,642,Personal,240000.0,12,0.0,Urban,0
LN2025103575,46,Male,Married,1,SENP,22,18100.0,0.0,4800.0,699,Business,170000.0,12,0.0,Rural,0
LN2025101177,30,Male,Single,0,SENP,7,322700.0,0.0,0.0,767,Business,3600000.0,24,6450000.0,Semi-Urban,1
LN2025105057,23,Male,Single,1,Salaried,0,41300.0,0.0,1500.0,746,Personal,300000.0,60,0.0,Urban,0
LN2025106783,31,Male,Married,2,Salaried,9,34900.0,0.0,0.0,713,Personal,210000.0,60,0.0,Urban,1
LN2025102573,51,Male,Married,1,SEP,20,274400.0,38200.0,53900.0,735,Home,23430000.0,120,60850000.0,Semi-Urban,0
LN2025103916,43,Male,Married,1,Salaried,19,32100.0,32200.0,7700.0,733,Personal,500000.0,12,0.0,Rural,0
LN2025106313,35,Male,Married,1,Salaried,10,25900.0,0.0,600.0,656,Personal,320000.0,60,0.0,Urban,1
LN2025103517,46,Male,Married,3,SENP,21,56800.0,0.0,10200.0,838,Vehicle,120000.0,24,130000.0,Urban,1
LN2025101300,48,Male,Married,3,SENP,18,176400.0,0.0,0.0,786,Vehicle,840000.0,60,1070000.0,Rural,1
LN2025103326,32,Female,Single,1,Salaried,10,43100.0,0.0,0.0,721,Personal,200000.0,12,0.0,Urban,1
LN2025101931,39,Male,Married,1,Salaried,18,44300.0,0.0,0.0,770,Vehicle,580000.0,60,670000.0,Rural,1
LN2025109252,38,Unknown,Married,2,SEP,9,99300.0,33100.0,0.0,832,Home,5820000.0,300,6830000.0,Urban,0
LN2025102122,46,Male,Married,1,Salaried,25,131300.0,0.0,0.0,846,Home,8220000.0,120,14470000.0,Urban,0
LN2025107737,34,Male,Married,1,Salaried,11,47600.0,0.0,0.0,790,Home,1230000.0,300,1650000.0,Rural,1
LN2025105447,59,Male,Single,0,SENP,33,124500.0,0.0,25700.0,754,Home,5530000.0,360,6880000.0,Urban,0
LN2025107083,39,Male,Married,0,Salaried,16,53900.0,0.0,0.0,713,Home,1930000.0,240,2140000.0,Rural,0
LN2025108103,56,Male,Married,0,SENP,30,65900.0,20100.0,6700.0,710,Vehicle,110000.0,12,160000.0,Urban,1
LN2025107417,37,Male,Married,1,SENP,8,204000.0,41400.0,0.0,749,Home,10740000.0,300,16190000.0,Semi-Urban,1
LN2025105995,42,Male,Married,2,Salaried,20,68300.0,23900.0,0.0,657,Home,4480000.0,180,5340000.0,Semi-Urban,0
LN2025109162,54,Female,Married,0,Salaried,31,53000.0,24400.0,10700.0,738,Vehicle,620000.0,48,720000.0,Rural,1
LN2025101999,41,Male,Married,1,Salaried,19,71600.0,0.0,0.0,809,Personal,610000.0,24,0.0,Urban,1
LN2025102864,45,Male,Married,1,Salaried,23,53600.0,17100.0,17000.0,699,Home,1680000.0,180,2160000.0,Rural,0
LN2025100890,28,Male,Single,0,SEP,1,67900.0,0.0,0.0,-1,Vehicle,420000.0,60,680000.0,Urban,0
LN2025102507,29,Female,Married,2,Salaried,6,35200.0,0.0,0.0,731,Personal,180000.0,24,0.0,Semi-Urban,1
LN2025103590,38,Female,Married,1,SENP,12,11400.0,0.0,0.0,656,Business,100000.0,48,0.0,Urban,0
LN2025101191,33,Male,Married,2,Salaried,12,50100.0,0.0,6200.0,742,Personal,320000.0,48,0.0,Semi-Urban,1
LN2025108038,38,Female,Married,1,Salaried,14,42200.0,0.0,0.0,-1,Personal,420000.0,36,0.0,Semi-Urban,0
LN2025101327,28,Female,Single,1,Salaried,6,23700.0,0.0,5700.0,682,Personal,150000.0,36,0.0,Semi-Urban,0
LN2025109651,33,Female,Married,3,Salaried,12,42300.0,85500.0,0.0,787,Home,4420000.0,300,5380000.0,Urban,0
LN2025109672,46,Male,Married,3,SEP,19,45000.0,0.0,15800.0,739,Home,2040000.0,180,3630000.0,Rural,0
LN2025105247,58,Female,Married,3,SENP,38,48900.0,0.0,5700.0,710,Business,180000.0,12,420000.0,Urban,0
LN2025105302,39,Male,Married,2,Salaried,15,34500.0,44800.0,0.0,719,Personal,220000.0,60,0.0,Urban,0
LN2025101429,39,Male,Single,1,SENP,18,35100.0,0.0,13400.0,645,Business,320000.0,60,530000.0,Rural,0
LN2025100137,41,Female,Married,3,Salaried,15,25100.0,35700.0,0.0,679,Home,1040000.0,180,1200000.0,Rural,1
LN2025104071,39,Unknown,Married,1,Salaried,15,56900.0,0.0,0.0,759,Vehicle,80000.0,36,90000.0,Semi-Urban,1
LN2025107853,42,Male,Married,2,Salaried,17,42500.0,43000.0,0.0,642,Business,950000.0,36,1580000.0,Urban,0
LN2025102690,28,Male,Married,3,Salaried,5,40500.0,0.0,0.0,648,Personal,280000.0,24,0.0,Rural,0
LN2025101248,33,Female,Married,3,Salaried,13,65800.0,0.0,5000.0,768,Home,2860000.0,180,3630000.0,Urban,1
LN2025101213,37,Male,Married,2,Salaried,16,55500.0,16800.0,0.0,716,Home,3050000.0,240,3410000.0,Rural,0
LN2025105732,35,Female,Single,0,Salaried,13,38800.0,0.0,0.0,587,Personal,260000.0,36,0.0,Rural,0
LN2025108183,33,Male,Single,0,Salaried,9,27800.0,0.0,0.0,747,Personal,80000.0,36,0.0,Semi-Urban,1
LN2025108735,30,Female,Married,0,Salaried,9,52000.0,0.0,0.0,696,Personal,250000.0,48,0.0,Urban,1
LN2025103624,20,Male,Single,0,Salaried,0,28100.0,0.0,0.0,727,Vehicle,150000.0,84,160000.0,Semi-Urban,0
LN2025108867,24,Female,Single,0,Salaried,2,35800.0,0.0,0.0,702,Vehicle,260000.0,36,330000.0,Semi-Urban,1
LN2025104453,41,Male,Married,2,Salaried,20,48400.0,40300.0,0.0,754,Home,2500000.0,180,3030000.0,Semi-Urban,1
LN2025106370,33,Female,Married,0,SEP,12,29000.0,43700.0,0.0,808,Personal,550000.0,24,0.0,Rural,1
LN2025103630,30,Male,Married,0,Salaried,8,49700.0,0.0,5400.0,761,Personal,240000.0,36,0.0,Urban,1
LN2025104697,22,Male,Single,0,SENP,0,23200.0,0.0,0.0,650,Business,150000.0,24,280000.0,Rural,0
LN2025109843,33,Male,Married,2,Salaried,7,34200.0,26100.0,0.0,683,Personal,290000.0,60,0.0,Rural,1
LN2025109083,33,Male,Married,1,SEP,5,35800.0,0.0,0.0,669,Vehicle,330000.0,48,360000.0,Urban,1
LN2025107792,35,Male,Married,1,Salaried,13,33200.0,56500.0,0.0,732,Home,3770000.0,300,5610000.0,Urban,1
LN2025101044,20,Female,Single,0,Salaried,0,53000.0,0.0,0.0,732,Personal,320000.0,48,0.0,Urban,0
LN2025103834,41,Male,Married,2,SENP,20,40300.0,16200.0,6300.0,790,Home,2805000.0,180,2750000.0,Rural,1
LN2025109824,21,Male,Single,0,Salaried,0,20400.0,33200.0,0.0,731,Home,2530000.0,120,3660000.0,Semi-Urban,0
LN2025104451,29,Male,Unknown,0,Salaried,8,36100.0,0.0,0.0,723,Personal,390000.0,24,0.0,Urban,0
LN2025105755,29,Male,Married,2,SENP,9,171100.0,45800.0,0.0,761,Home,6870000.0,180,9370000.0,Semi-Urban,1
LN2025103691,42,Male,Married,1,SENP,15,90100.0,16200.0,18000.0,639,Vehicle,1200000.0,60,1660000.0,Urban,0
LN2025108944,45,Male,Married,3,SENP,17,49700.0,0.0,0.0,739,Business,450000.0,48,740000.0,Urban,1
LN2025105708,26,Female,Single,0,Salaried,8,11000.0,0.0,1200.0,719,Vehicle,60000.0,12,60000.0,Rural,0
LN2025104747,25,Male,Single,0,Salaried,4,45400.0,0.0,0.0,758,Home,900000.0,240,1110000.0,Semi-Urban,1
LN2025108845,41,Male,Married,0,SEP,15,126500.0,32000.0,0.0,765,Vehicle,970000.0,48,1240000.0,Urban,1
LN2025105553,45,Male,Married,0,Salaried,23,50900.0,7600.0,0.0,717,Vehicle,310000.0,60,390000.0,Semi-Urban,1
LN2025108895,36,Male,Married,2,Salaried,11,79900.0,0.0,4000.0,745,Personal,280000.0,24,0.0,Semi-Urban,1
LN2025107810,34,Male,Married,2,SEP,7,62500.0,34600.0,0.0,743,Business,410000.0,60,620000.0,Semi-Urban,1
LN2025100254,42,Male,Married,3,Salaried,18,209900.0,72200.0,19900.0,724,Vehicle,4000000.0,60,4070000.0,Urban,1
LN2025101340,45,Male,Married,3,SEP,18,105300.0,35300.0,24200.0,675,Home,7770000.0,240,15660000.0,Semi-Urban,0
LN2025103344,25,Female,Single,0,Salaried,5,8000.0,0.0,0.0,765,Vehicle,50000.0,60,60000.0,Rural,0
LN2025104729,37,Male,Single,2,Salaried,13,27700.0,36800.0,15500.0,772,Home,2670000.0,240,3680000.0,Urban,0
LN2025104737,27,Male,Single,0,Salaried,5,47200.0,0.0,4800.0,716,Home,1010000.0,240,1240000.0,Urban,1
LN2025109742,34,Male,Married,1,Salaried,10,136800.0,0.0,31000.0,806,Vehicle,2280000.0,84,2540000.0,Urban,1
LN2025104262,34,Female,Married,2,Salaried,12,18500.0,0.0,0.0,646,Vehicle,120000.0,60,120000.0,Rural,0
LN2025101795,32,Female,Married,1,SENP,9,64500.0,54500.0,0.0,702,Business,290000.0,120,0.0,Semi-Urban,0
LN2025105592,20,Male,Single,2,Salaried,0,37800.0,0.0,0.0,882,Home,960000.0,240,1230000.0,Urban,0
LN2025104552,31,Female,Married,3,Salaried,9,16000.0,0.0,0.0,702,Personal,90000.0,36,0.0,Rural,1
LN2025102818,34,Male,Married,2,Salaried,10,28700.0,27900.0,9200.0,736,Vehicle,270000.0,36,380000.0,Urban,1
LN2025107518,35,Male,Single,1,Salaried,10,35100.0,0.0,0.0,748,Home,1270000.0,180,1690000.0,Semi-Urban,1
LN2025105182,43,Male,Married,1,SENP,19,38000.0,53100.0,0.0,730,Home,4080000.0,240,6350000.0,Semi-Urban,1
LN2025109365,34,Male,Married,3,Salaried,9,74800.0,63900.0,13300.0,763,Vehicle,1540000.0,36,1560000.0,Urban,1
LN2025106863,47,Male,Married,1,Salaried,23,81500.0,30300.0,0.0,741,Personal,2470000.0,24,0.0,Urban,0
LN2025107835,43,Male,Married,2,SENP,22,262500.0,0.0,0.0,789,Personal,2030000.0,36,0.0,Semi-Urban,1
LN2025104384,48,Male,Divorced,0,Salaried,25,65800.0,0.0,3900.0,656,Vehicle,1460000.0,48,1720000.0,Urban,0
LN2025108446,36,Male,Married,2,Salaried,15,32500.0,0.0,8400.0,757,Personal,380000.0,36,0.0,Semi-Urban,0
LN2025103166,53,Male,Married,0,SENP,30,635500.0,40000.0,0.0,818,Home,30000000.0,120,40660000.0,Semi-Urban,1
LN2025103823,29,Male,Married,0,Salaried,6,38600.0,0.0,9600.0,648,Vehicle,350000.0,36,500000.0,Rural,0
LN2025105933,36,Male,Married,2,SEP,11,123700.0,0.0,16600.0,776,Business,700000.0,48,0.0,Semi-Urban,1
LN2025100898,20,Female,Single,0,Salaried,0,21400.0,0.0,3900.0,758,Personal,80000.0,36,0.0,Rural,0
LN2025103041,51,Male,Single,0,SEP,23,102700.0,0.0,13000.0,740,Business,1380000.0,48,2540000.0,Urban,1
LN2025101503,33,Female,Married,1,Salaried,8,39900.0,114900.0,0.0,777,Home,6570000.0,180,10860000.0,Urban,1
LN2025106098,36,Female,Married,0,SEP,7,86400.0,75500.0,0.0,650,Home,7820000.0,300,9750000.0,Semi-Urban,0
LN2025104383,52,Male,Married,2,SENP,30,96500.0,0.0,0.0,741,Business,730000.0,60,1430000.0,Rural,1
LN2025101670,43,Female,Married,3,SEP,14,69000.0,51500.0,0.0,773,Home,3700000.0,240,5220000.0,Semi-Urban,1
LN2025105206,37,Male,Married,2,SEP,10,106300.0,32900.0,0.0,-1,Business,650000.0,36,0.0,Urban,0
LN2025106025,41,Male,Married,0,Salaried,19,61300.0,0.0,0.0,900,Personal,460000.0,36,0.0,Rural,1
LN2025101867,29,Male,Single,3,Salaried,6,26600.0,17400.0,0.0,632,Home,1590000.0,300,1780000.0,Semi-Urban,0
LN2025103956,54,Female,Married,3,Salaried,30,96100.0,0.0,0.0,618,Personal,450000.0,48,0.0,Urban,0
LN2025108083,44,Male,Married,0,Salaried,19,47600.0,0.0,2300.0,732,Home,1820000.0,180,3400000.0,Semi-Urban,1
LN2025107253,35,Female,Married,2,Salaried,11,82600.0,0.0,0.0,793,Personal,280000.0,60,0.0,Urban,1
LN2025108640,36,Male,Married,1,Salaried,12,157000.0,0.0,20700.0,832,Personal,1600000.0,36,0.0,Urban,1
LN2025101201,48,Female,Single,0,SEP,22,363000.0,0.0,79700.0,-1,Home,11470000.0,180,17790000.0,Urban,1
LN2025104194,32,Male,Married,2,Salaried,8,17800.0,0.0,0.0,667,Home,730000.0,180,1220000.0,Urban,0
LN2025107750,32,Female,Married,2,Salaried,9,44900.0,18500.0,0.0,733,Home,1700000.0,180,2020000.0,Urban,1
LN2025102044,42,Male,Widowed,1,Salaried,19,55100.0,0.0,8900.0,686,Personal,600000.0,48,0.0,Rural,1
LN2025104969,46,Male,Married,3,Salaried,22,78000.0,62900.0,8400.0,697,Personal,620000.0,48,0.0,Urban,1
LN2025106654,59,Female,Married,1,SENP,36,76200.0,0.0,11500.0,797,Personal,490000.0,24,0.0,Semi-Urban,1
LN2025102805,30,Male,Married,2,Salaried,5,41600.0,0.0,0.0,-1,Vehicle,430000.0,36,520000.0,Urban,0
LN2025103097,35,Female,Married,0,Salaried,10,50000.0,0.0,0.0,811,Vehicle,440000.0,60,580000.0,Urban,1
LN2025105582,56,Female,Married,2,Salaried,36,118900.0,0.0,0.0,833,Personal,540000.0,36,0.0,Semi-Urban,1
LN2025107736,32,Female,Married,1,Salaried,10,59900.0,17400.0,27100.0,714,Personal,550000.0,60,0.0,Semi-Urban,0
LN2025100725,39,Male,Married,1,SEP,13,198600.0,0.0,0.0,828,Business,5720000.0,48,0.0,Urban,0
LN2025101212,39,Female,Married,2,SEP,11,88200.0,25600.0,0.0,793,Business,470000.0,120,840000.0,Urban,1
LN2025108684,40,Male,Married,3,SEP,11,49100.0,0.0,0.0,720,Business,220000.0,84,0.0,Urban,1
LN2025105838,40,Female,Single,0,Salaried,18,49900.0,0.0,0.0,768,Home,2860000.0,120,5730000.0,Urban,0
LN2025100270,47,Female,Married,2,Salaried,25,85800.0,44600.0,0.0,728,Home,3300000.0,120,3990000.0,Urban,1
LN2025105981,55,Female,Married,1,SENP,30,143500.0,158900.0,0.0,658,Business,1670000.0,36,3660000.0,Urban,1
LN2025103795,45,Female,Married,1,Salaried,22,35400.0,41500.0,0.0,739,Home,3170000.0,180,7790000.0,Rural,1
LN2025100709,32,Male,Married,1,Salaried,8,45900.0,33900.0,0.0,699,Home,3080000.0,240,7510000.0,Urban,0
LN2025102138,29,Male,Single,3,Salaried,4,23600.0,0.0,4300.0,611,Personal,100000.0,60,0.0,Rural,0
LN2025106865,25,Male,Single,1,SENP,0,43600.0,0.0,0.0,701,Vehicle,110000.0,36,130000.0,Semi-Urban,0
LN2025106483,48,Female,Married,1,SEP,18,159900.0,0.0,37100.0,719,Home,6980000.0,180,13840000.0,Rural,0
LN2025108242,40,Male,Married,3,SENP,16,216200.0,0.0,0.0,759,Business,3550000.0,36,6400000.0,Rural,1
LN2025100128,37,Male,Married,1,Salaried,14,33500.0,18300.0,0.0,631,Vehicle,80000.0,12,90000.0,Urban,0
LN2025101597,34,Male,Married,3,Salaried,12,30200.0,0.0,0.0,764,Personal,230000.0,60,0.0,Semi-Urban,1
LN2025105101,27,Female,Single,1,Salaried,6,14300.0,0.0,0.0,685,Personal,150000.0,12,0.0,Rural,0
LN2025105017,38,Male,Married,1,Salaried,15,42500.0,0.0,7400.0,588,Personal,520000.0,48,0.0,Semi-Urban,0
LN2025105151,48,Male,Married,2,SENP,19,60400.0,0.0,0.0,-1,Home,1440000.0,180,1800000.0,Semi-Urban,1
LN2025102064,45,Male,Married,2,Salaried,23,21500.0,16200.0,2300.0,665,Home,1210000.0,180,1260000.0,Rural,0
LN2025103807,28,Male,Single,3,Salaried,3,20500.0,0.0,0.0,834,Vehicle,230000.0,60,310000.0,Semi-Urban,1
LN2025102524,34,Male,Married,0,Salaried,9,52400.0,0.0,0.0,-1,Vehicle,570000.0,60,650000.0,Semi-Urban,1
LN2025102182,44,Male,Married,3,SENP,25,85800.0,31200.0,0.0,695,Home,5700000.0,240,9660000.0,Rural,1
LN2025102175,42,Female,Married,2,SEP,14,62600.0,0.0,4300.0,681,Vehicle,650000.0,84,770000.0,Urban,1
LN2025102853,30,Male,Single,1,SEP,2,56400.0,64700.0,15200.0,793,Home,3930000.0,240,9910000.0,Semi-Urban,0
LN2025104219,45,Male,Widowed,1,SENP,18,278300.0,44100.0,0.0,673,Home,10280000.0,240,13500000.0,Urban,0
LN2025106549,43,Male,Married,3,SENP,23,134700.0,29700.0,0.0,791,Home,5150000.0,180,6890000.0,Urban,1
LN2025108207,42,Male,Married,3,SENP,17,55700.0,0.0,0.0,711,Home,4480000.0,300,12800000.0,Rural,0
LN2025105803,28,Female,Single,2,Salaried,7,37200.0,0.0,0.0,795,Vehicle,70000.0,24,70000.0,Semi-Urban,1
LN2025105875,33,Male,Married,1,Salaried,13,26300.0,46800.0,0.0,731,Personal,230000.0,36,0.0,Rural,1
LN2025107218,22,Male,Single,0,Salaried,0,61100.0,0.0,25300.0,-1,Personal,420000.0,60,0.0,Urban,0
LN2025104523,45,Female,Married,2,SENP,18,74000.0,0.0,18500.0,804,Personal,390000.0,36,0.0,Urban,1
LN2025101024,40,Male,Married,2,Salaried,16,51900.0,0.0,900.0,662,Personal,250000.0,36,0.0,Urban,1
LN2025104797,39,Male,Married,1,Salaried,16,52900.0,0.0,3400.0,669,Home,1450000.0,240,2340000.0,Semi-Urban,1
LN2025108257,41,Male,Married,1,Salaried,20,55600.0,0.0,0.0,732,Personal,120000.0,36,0.0,Rural,1
LN2025101291,32,Female,Married,1,Salaried,6,40600.0,0.0,0.0,739,Home,2100000.0,300,2690000.0,Semi-Urban,0
LN2025104316,40,Female,Unknown,1,SENP,19,75500.0,61100.0,23200.0,808,Home,5430000.0,240,8090000.0,Urban,1
LN2025101627,25,Male,Single,2,Salaried,2,27000.0,32500.0,3200.0,689,Home,1810000.0,120,2610000.0,Semi-Urban,1
LN2025103662,33,Male,Married,1,Salaried,12,93000.0,0.0,0.0,713,Home,2940000.0,240,4350000.0,Semi-Urban,1
LN2025107976,40,Male,Married,2,Salaried,14,54100.0,0.0,3600.0,834,Personal,480000.0,48,0.0,Semi-Urban,1
LN2025102828,27,Male,Single,0,Salaried,3,25000.0,0.0,0.0,761,Home,1070000.0,240,1910000.0,Rural,1
LN2025108199,32,Male,Married,1,Salaried,12,26800.0,0.0,4200.0,655,Personal,190000.0,12,0.0,Semi-Urban,0
LN2025105115,29,Male,Single,0,SENP,8,56400.0,0.0,0.0,512,Business,890000.0,12,1650000.0,Urban,0
LN2025101210,27,Transgender,Unknown,0,SEP,0,30400.0,0.0,0.0,738,Vehicle,300000.0,48,300000.0,Semi-Urban,0
LN2025100633,53,Male,Married,1,SEP,24,151600.0,0.0,0.0,729,Personal,1530000.0,48,0.0,Urban,1
LN2025105288,31,Male,Single,0,Salaried,8,24800.0,0.0,0.0,655,Vehicle,180000.0,36,220000.0,Rural,0
LN2025103451,47,Male,Married,2,SEP,21,154200.0,29500.0,56400.0,719,Home,9580000.0,180,13160000.0,Semi-Urban,0
LN2025108841,38,Female,Married,1,SENP,15,91800.0,0.0,0.0,788,Business,750000.0,48,0.0,Semi-Urban,1
LN2025102718,35,Male,Married,2,Salaried,14,38700.0,0.0,0.0,642,Home,1080000.0,240,2570000.0,Semi-Urban,0
LN2025107679,45,Male,Married,3,Salaried,22,98400.0,0.0,0.0,-1,Business,1000000.0,12,0.0,Urban,0
LN2025107126,47,Male,Married,2,Salaried,22,95900.0,0.0,31100.0,-1,Vehicle,760000.0,48,770000.0,Urban,1
LN2025108973,20,Male,Single,0,Salaried,0,39800.0,0.0,0.0,724,Home,990000.0,360,1560000.0,Urban,0
LN2025105558,33,Male,Married,3,SENP,7,30200.0,0.0,6500.0,626,Business,290000.0,48,470000.0,Semi-Urban,0
LN2025103190,36,Male,Married,3,Salaried,11,44500.0,23400.0,2800.0,715,Home,4550000.0,240,6770000.0,Semi-Urban,0
LN2025106830,37,Male,Married,1,SEP,8,86500.0,35600.0,0.0,754,Personal,480000.0,36,0.0,Semi-Urban,1
LN2025105810,40,Female,Married,3,Salaried,19,138000.0,48100.0,0.0,665,Home,4880000.0,240,5980000.0,Urban,0
LN2025100663,27,Male,Single,2,SEP,9,52300.0,37000.0,0.0,842,Home,1980000.0,300,3040000.0,Semi-Urban,0
LN2025108654,45,Male,Married,1,Salaried,24,63900.0,0.0,0.0,742,Personal,770000.0,36,0.0,Semi-Urban,1
LN2025103598,50,Male,Married,1,SENP,21,55900.0,0.0,0.0,701,Business,480000.0,36,0.0,Semi-Urban,0
LN2025107273,52,Male,Married,2,Salaried,30,71700.0,21400.0,0.0,712,Vehicle,810000.0,60,950000.0,Urban,1
LN2025106717,31,Male,Married,2,Salaried,7,40100.0,37000.0,0.0,-1,Vehicle,60000.0,12,80000.0,Urban,1
LN2025106368,40,Male,Married,1,Salaried,17,55600.0,0.0,5500.0,661,Vehicle,610000.0,60,750000.0,Urban,0
LN2025109717,36,Female,Married,1,SENP,9,50600.0,0.0,13000.0,662,Vehicle,140000.0,24,170000.0,Urban,0
LN2025105768,25,Male,Single,3,SENP,0,13600.0,0.0,100.0,667,Vehicle,130000.0,48,150000.0,Urban,0
LN2025105769,38,Female,Married,2,Salaried,16,36200.0,0.0,0.0,755,Home,970000.0,120,1100000.0,Rural,1
LN2025102090,40,Male,Married,3,Salaried,18,57500.0,0.0,0.0,665,Personal,240000.0,36,0.0,Urban,1
LN2025106447,53,Female,Divorced,0,SENP,30,65700.0,0.0,0.0,824,Business,360000.0,60,990000.0,Urban,1
LN2025103050,29,Male,Married,1,Salaried,7,30000.0,0.0,0.0,759,Personal,220000.0,60,0.0,Semi-Urban,0
LN2025102922,30,Male,Married,0,Salaried,7,63500.0,0.0,0.0,694,Home,2970000.0,240,5580000.0,Semi-Urban,1
LN2025105515,35,Male,Married,0,Salaried,12,80200.0,0.0,5200.0,818,Personal,520000.0,24,0.0,Urban,1
LN2025105751,34,Male,Married,1,Salaried,11,68500.0,0.0,0.0,752,Home,2600000.0,240,4420000.0,Urban,1
LN2025103616,41,Female,Married,1,SEP,14,138700.0,0.0,0.0,729,Personal,1100000.0,60,0.0,Semi-Urban,1
LN2025105304,34,Male,Married,3,Salaried,9,62400.0,65100.0,5600.0,900,Personal,360000.0,60,0.0,Rural,1
LN2025104955,42,Male,Married,3,SENP,17,319600.0,0.0,0.0,786,Business,870000.0,60,1560000.0,Urban,1
LN2025104301,41,Female,Married,2,SEP,13,121700.0,54100.0,0.0,694,Home,7640000.0,240,11910000.0,Urban,1
LN2025108852,46,Female,Married,3,SENP,23,99400.0,54500.0,0.0,795,Business,540000.0,36,1410000.0,Urban,1
LN2025104261,20,Male,Single,0,Salaried,0,12600.0,0.0,0.0,845,Vehicle,150000.0,48,180000.0,Semi-Urban,0
LN2025102537,38,Male,Married,1,Salaried,15,33700.0,50300.0,0.0,796,Personal,180000.0,12,0.0,Semi-Urban,1
LN2025104689,34,Female,Single,0,Salaried,11,25700.0,0.0,0.0,785,Personal,150000.0,36,0.0,Semi-Urban,1
LN2025105563,44,Male,Married,1,SENP,21,62100.0,90100.0,41200.0,687,Home,6490000.0,240,11380000.0,Urban,1
LN2025106233,26,Female,Married,3,Salaried,4,29700.0,0.0,0.0,719,Vehicle,240000.0,36,280000.0,Semi-Urban,0
LN2025107650,44,Male,Married,1,Salaried,23,93500.0,0.0,0.0,713,Vehicle,870000.0,60,960000.0,Semi-Urban,1
LN2025100832,47,Female,Married,3,Salaried,23,82900.0,84200.0,0.0,594,Home,6610000.0,120,7780000.0,Urban,0
LN2025108886,31,Female,Married,1,Salaried,9,22100.0,0.0,0.0,680,Home,690000.0,300,1500000.0,Rural,1
LN2025107208,24,Male,Married,2,Salaried,2,49700.0,0.0,0.0,754,Vehicle,470000.0,60,560000.0,Semi-Urban,1
LN2025103533,40,Male,Married,2,Salaried,19,217600.0,0.0,15800.0,813,Vehicle,2590000.0,60,2840000.0,Urban,1
LN2025107461,42,Male,Married,0,Salaried,18,45300.0,24200.0,0.0,-1,Vehicle,700000.0,60,700000.0,Semi-Urban,1
LN2025107470,32,Male,Married,2,Salaried,8,37100.0,22800.0,12000.0,769,Home,1780000.0,120,2410000.0,Urban,0
LN2025102336,40,Male,Single,1,SENP,18,33800.0,0.0,7700.0,539,Business,480000.0,84,920000.0,Rural,0
LN2025108741,58,Male,Married,1,SENP,37,72800.0,0.0,16000.0,756,Personal,170000.0,12,0.0,Rural,1
LN2025102991,30,Male,Married,1,SENP,5,53600.0,36700.0,0.0,828,Business,510000.0,36,0.0,Rural,1
LN2025101148,64,Male,Married,3,SEP,34,83000.0,25300.0,0.0,867,Personal,820000.0,12,0.0,Urban,0
LN2025104734,36,Male,Married,3,Salaried,14,46100.0,28200.0,8600.0,766,Home,5020000.0,180,8390000.0,Rural,0
LN2025103046,30,Male,Married,1,Salaried,7,99500.0,0.0,0.0,768,Home,7770000.0,120,9550000.0,Urban,0
LN2025100478,51,Male,Married,1,SENP,28,63200.0,35700.0,0.0,775,Business,320000.0,60,790000.0,Urban,1
LN2025104338,24,Female,Single,0,Salaried,0,27700.0,0.0,0.0,670,Vehicle,250000.0,36,260000.0,Semi-Urban,0
LN2025100181,36,Male,Married,1,SEP,6,108900.0,0.0,0.0,796,Business,620000.0,36,1220000.0,Urban,1
LN2025103282,39,Female,Married,3,SEP,11,87100.0,0.0,10600.0,752,Business,240000.0,24,0.0,Urban,1
LN2025101760,30,Male,Married,2,Salaried,6,42100.0,0.0,0.0,665,Personal,400000.0,60,0.0,Semi-Urban,0
LN2025101151,32,Male,Single,0,Salaried,7,54300.0,0.0,0.0,558,Personal,290000.0,36,0.0,Urban,0
LN2025103532,30,Male,Single,0,Salaried,8,33800.0,0.0,6400.0,755,Personal,50000.0,36,0.0,Urban,1
LN2025101278,32,Male,Married,3,SEP,3,40500.0,0.0,2700.0,815,Vehicle,130000.0,12,180000.0,Semi-Urban,1
LN2025107329,44,Female,Married,2,SENP,21,79800.0,40400.0,29100.0,740,Business,600000.0,60,0.0,Urban,1
LN2025104954,28,Female,Married,1,Salaried,2,59300.0,0.0,0.0,733,Personal,340000.0,48,0.0,Semi-Urban,1
LN2025107691,48,Male,Married,1,Salaried,23,65200.0,0.0,0.0,816,Personal,150000.0,36,0.0,Semi-Urban,1
LN2025102194,39,Male,Married,2,SEP,9,96000.0,0.0,10900.0,778,Personal,1130000.0,12,0.0,Semi-Urban,0
LN2025109743,33,Male,Married,2,Salaried,13,83300.0,0.0,12500.0,750,Business,1280000.0,60,0.0,Semi-Urban,1
LN2025100443,50,Female,Married,1,SENP,30,49100.0,0.0,15400.0,691,Personal,290000.0,24,0.0,Semi-Urban,0
LN2025104936,49,Male,Married,2,Salaried,28,57800.0,50100.0,0.0,711,Vehicle,100000.0,36,120000.0,Semi-Urban,1
LN2025102481,35,Female,Married,1,Salaried,14,42600.0,25300.0,4800.0,755,Home,1540000.0,240,2320000.0,Urban,1
LN2025107290,34,Female,Married,2,Salaried,11,56800.0,0.0,0.0,739,Home,930000.0,240,1160000.0,Urban,1
LN2025104707,34,Female,Married,1,SEP,8,72500.0,0.0,6400.0,783,Business,580000.0,24,0.0,Semi-Urban,1
LN2025107400,34,Female,Married,1,Salaried,9,61800.0,0.0,11700.0,734,Personal,980000.0,60,0.0,Urban,1
LN2025108422,47,Male,Married,2,SENP,25,94600.0,0.0,22000.0,728,Business,1060000.0,12,0.0,Urban,0
LN2025104104,36,Male,Married,0,Salaried,12,113100.0,0.0,15700.0,777,Personal,310000.0,48,0.0,Semi-Urban,1
LN2025101938,39,Female,Married,0,Salaried,14,38000.0,0.0,0.0,812,Vehicle,180000.0,36,240000.0,Urban,1
LN2025106908,37,Male,Married,1,SENP,16,160600.0,0.0,31800.0,716,Vehicle,1810000.0,36,2110000.0,Urban,0
LN2025109594,35,Male,Married,1,Salaried,12,14000.0,19800.0,0.0,745,Vehicle,420000.0,60,480000.0,Rural,1
LN2025102006,37,Male,Married,2,Salaried,13,76600.0,34900.0,10300.0,633,Home,11170000.0,240,16970000.0,Urban,0
LN2025102664,37,Male,Married,1,Salaried,13,40400.0,17800.0,0.0,-1,Home,1640000.0,240,2680000.0,Semi-Urban,1
LN2025102373,24,Female,Single,1,Salaried,3,15200.0,0.0,0.0,739,Personal,110000.0,60,0.0,Semi-Urban,1
LN2025106414,48,Male,Married,2,SEP,21,146000.0,21200.0,37400.0,789,Home,10790000.0,180,13650000.0,Urban,0
LN2025100729,24,Female,Single,0,Salaried,0,29500.0,0.0,0.0,-1,Personal,230000.0,36,0.0,Semi-Urban,0
LN2025105859,43,Male,Single,1,SEP,15,120500.0,0.0,0.0,713,Personal,1370000.0,36,0.0,Semi-Urban,1
LN2025105477,38,Female,Married,0,Salaried,17,89600.0,0.0,19100.0,765,Vehicle,500000.0,48,640000.0,Urban,1
LN2025106822,21,Male,Single,0,Salaried,0,20800.0,0.0,0.0,-1,Personal,50000.0,36,0.0,Urban,0
LN2025101361,34,Unknown,Married,1,Salaried,13,59800.0,23700.0,0.0,700,Home,3920000.0,240,5810000.0,Urban,1
LN2025107504,38,Male,Single,1,SEP,10,21900.0,0.0,0.0,-1,Vehicle,260000.0,48,320000.0,Urban,0
LN2025108558,49,Unknown,Married,3,Salaried,29,58700.0,0.0,0.0,558,Personal,720000.0,24,0.0,Urban,0
LN2025104640,40,Male,Single,0,Salaried,15,66600.0,0.0,0.0,712,Personal,1380000.0,36,0.0,Urban,0
LN2025100378,20,Male,Single,1,Salaried,0,42800.0,0.0,0.0,727,Personal,320000.0,60,0.0,Urban,0
LN2025100158,33,Male,Married,0,SEP,4,50700.0,0.0,0.0,653,Vehicle,390000.0,60,510000.0,Rural,1
LN2025106395,29,Female,Single,0,Salaried,7,27000.0,0.0,9500.0,726,Personal,180000.0,60,0.0,Rural,0
LN2025108546,32,Unknown,Married,1,Salaried,10,46100.0,0.0,18500.0,-1,Personal,180000.0,24,0.0,Rural,0
LN2025106017,32,Male,Married,1,Salaried,11,34600.0,62800.0,0.0,781,Home,2805000.0,240,7760000.0,Urban,1
LN2025107559,54,Male,Married,1,SENP,26,43900.0,0.0,0.0,614,Business,160000.0,60,260000.0,Rural,0
LN2025105024,28,Female,Married,1,Salaried,2,26200.0,23900.0,15300.0,697,Vehicle,370000.0,60,390000.0,Urban,1
LN2025106660,21,Female,Single,0,Salaried,0,16500.0,0.0,4000.0,757,Personal,50000.0,60,0.0,Urban,0
LN2025109412,29,Male,Single,0,Salaried,6,35500.0,13900.0,10900.0,767,Home,1990000.0,180,2460000.0,Rural,0
LN2025100588,37,Male,Married,1,Salaried,12,109800.0,13100.0,0.0,663,Home,4320000.0,240,8100000.0,Semi-Urban,1
LN2025103991,47,Male,Married,1,Salaried,22,52200.0,0.0,0.0,744,Business,1000000.0,36,0.0,Semi-Urban,0
LN2025102060,30,Male,Single,0,Salaried,9,55000.0,0.0,19600.0,635,Vehicle,100000.0,24,130000.0,Semi-Urban,0
LN2025107118,26,Male,Single,2,Salaried,5,100400.0,0.0,0.0,863,Home,6380000.0,180,9490000.0,Urban,1
LN2025109508,59,Male,Married,2,SENP,35,351300.0,0.0,87300.0,658,Vehicle,140000.0,36,190000.0,Semi-Urban,1
LN2025107099,34,Male,Single,0,Salaried,11,52200.0,0.0,0.0,701,Home,2660000.0,300,3790000.0,Urban,1
LN2025103803,38,Female,Single,3,Salaried,15,54700.0,0.0,0.0,685,Vehicle,660000.0,60,660000.0,Urban,1
LN2025106833,25,Male,Single,0,Salaried,2,64400.0,49500.0,20200.0,778,Home,2790000.0,300,6020000.0,Urban,1
LN2025104122,46,Male,Married,1,SENP,16,82900.0,0.0,16600.0,774,Home,3800000.0,180,5100000.0,Rural,0
LN2025106591,33,Male,Married,2,SENP,13,55000.0,93600.0,0.0,579,Business,1480000.0,84,0.0,Urban,0
LN2025105246,27,Male,Single,2,Salaried,4,46100.0,0.0,13600.0,733,Personal,140000.0,36,0.0,Semi-Urban,1
LN2025100988,40,Unknown,Married,3,SENP,17,30400.0,0.0,2500.0,777,Vehicle,70000.0,60,80000.0,Rural,1
LN2025101145,28,Male,Married,1,Salaried,2,15500.0,0.0,1900.0,696,Vehicle,170000.0,48,230000.0,Semi-Urban,1
LN2025104907,43,Female,Married,2,SEP,16,118200.0,34800.0,28300.0,751,Business,3110000.0,36,0.0,Urban,0
LN2025107506,45,Male,Single,1,SEP,19,57600.0,26800.0,3700.0,635,Business,690000.0,12,0.0,Rural,0
LN2025105132,31,Female,Married,2,Salaried,9,22200.0,0.0,0.0,706,Personal,90000.0,48,0.0,Semi-Urban,0
LN2025108478,48,Male,Single,1,Salaried,27,137300.0,0.0,0.0,727,Vehicle,2550000.0,60,2770000.0,Semi-Urban,1
LN2025100112,43,Male,Married,1,Salaried,18,34200.0,0.0,0.0,681,Home,1730000.0,240,2360000.0,Urban,0
LN2025104834,39,Male,Married,1,Salaried,18,64600.0,67900.0,0.0,759,Personal,1750000.0,60,0.0,Urban,1
LN2025108808,28,Male,Single,0,SENP,10,10100.0,0.0,0.0,712,Personal,50000.0,36,0.0,Semi-Urban,0
LN2025105030,36,Female,Married,0,SEP,9,98300.0,0.0,31000.0,722,Vehicle,1080000.0,84,1320000.0,Urban,1
LN2025104445,38,Male,Married,3,Salaried,14,110600.0,0.0,24800.0,769,Home,3280000.0,120,4720000.0,Semi-Urban,1
LN2025106245,49,Male,Married,1,SENP,17,16200.0,0.0,0.0,823,Personal,150000.0,60,0.0,Rural,0
LN2025107830,39,Male,Married,0,Salaried,18,49300.0,59200.0,0.0,791,Vehicle,490000.0,48,520000.0,Rural,1
LN2025101460,30,Male,Married,3,SEP,0,39500.0,26000.0,6600.0,681,Business,280000.0,36,0.0,Semi-Urban,0
LN2025101782,26,Male,Single,0,Salaried,3,103900.0,0.0,0.0,706,Personal,980000.0,36,0.0,Urban,1
LN2025101970,34,Male,Married,1,Salaried,12,14800.0,0.0,0.0,756,Personal,170000.0,36,0.0,Rural,0
LN2025105349,34,Male,Married,2,Salaried,11,86000.0,0.0,0.0,816,Personal,510000.0,60,0.0,Urban,1
LN2025101860,36,Male,Married,2,SENP,9,14100.0,24800.0,0.0,763,Home,1370000.0,240,1730000.0,Rural,1
LN2025109601,42,Female,Married,3,Salaried,22,21000.0,0.0,4100.0,689,Personal,150000.0,48,0.0,Rural,0
LN2025109854,33,Male,Married,1,SEP,7,129500.0,62000.0,27500.0,741,Personal,730000.0,36,0.0,Semi-Urban,1
LN2025106927,27,Male,Single,0,SENP,3,19600.0,0.0,0.0,781,Business,100000.0,48,0.0,Semi-Urban,1
LN2025106359,38,Female,Married,2,SENP,9,23200.0,56700.0,17500.0,803,Business,240000.0,120,0.0,Urban,1
LN2025106982,46,Male,Divorced,0,Salaried,20,107500.0,0.0,0.0,739,Personal,570000.0,36,0.0,Urban,1
LN2025101077,44,Male,Married,1,SENP,17,50350.0,11500.0,0.0,766,Home,10810000.0,240,15550000.0,Rural,1
LN2025107510,25,Female,Single,0,Salaried,1,26500.0,0.0,4700.0,808,Vehicle,230000.0,36,240000.0,Semi-Urban,1
LN2025108862,32,Male,Married,1,SENP,4,58800.0,0.0,10900.0,776,Personal,450000.0,60,0.0,Semi-Urban,1
LN2025107805,31,Female,Married,0,SEP,4,48500.0,0.0,0.0,790,Home,2420000.0,240,4480000.0,Urban,1
LN2025108935,61,Male,Married,2,SENP,34,40200.0,17200.0,16300.0,803,Home,1710000.0,300,1810000.0,Rural,0
LN2025109498,30,Male,Married,1,SEP,0,79100.0,0.0,7700.0,691,Personal,310000.0,60,0.0,Urban,0
LN2025108871,32,Male,Married,1,Salaried,12,43300.0,0.0,0.0,700,Vehicle,340000.0,60,470000.0,Urban,1
LN2025104239,38,Male,Married,2,SEP,10,130000.0,0.0,0.0,734,Personal,1500000.0,24,0.0,Urban,1
LN2025106285,40,Male,Married,0,Salaried,18,80600.0,0.0,26600.0,671,Vehicle,110000.0,24,130000.0,Semi-Urban,1
LN2025105899,31,Male,Married,2,Salaried,10,89200.0,0.0,7200.0,758,Personal,630000.0,36,0.0,Urban,1
LN2025105372,32,Male,Married,0,Salaried,7,17200.0,0.0,0.0,-1,Vehicle,340000.0,60,350000.0,Rural,1
LN2025103907,43,Male,Single,0,Salaried,12,89000.0,0.0,2500.0,762,Vehicle,90000.0,12,110000.0,Urban,1
LN2025102963,43,Male,Married,0,Salaried,22,128100.0,0.0,25000.0,832,Personal,500000.0,60,0.0,Urban,1
LN2025104448,46,Male,Married,3,Salaried,23,74600.0,0.0,0.0,757,Personal,370000.0,60,0.0,Semi-Urban,1
LN2025101384,28,Male,Married,1,Salaried,6,29900.0,0.0,0.0,689,Home,800000.0,240,1770000.0,Urban,1
LN2025105309,34,Male,Married,3,Salaried,12,79900.0,0.0,13500.0,658,Vehicle,1150000.0,48,1350000.0,Urban,1
LN2025104755,36,Male,Married,2,Salaried,11,35000.0,46300.0,9100.0,706,Home,5280000.0,180,8580000.0,Urban,0
LN2025101729,35,Male,Single,0,SEP,5,69500.0,99500.0,21400.0,799,Home,4750000.0,180,6270000.0,Urban,1
LN2025106797,49,Male,Unknown,2,Salaried,27,46400.0,25300.0,20100.0,557,Personal,250000.0,48,0.0,Rural,0
LN2025102351,31,Male,Married,0,SEP,2,56000.0,50400.0,0.0,727,Business,350000.0,60,0.0,Urban,0
LN2025108673,40,Male,Married,3,Salaried,16,61000.0,0.0,0.0,840,Home,1700000.0,240,2860000.0,Rural,1
LN2025100299,25,Male,Single,1,Salaried,5,40600.0,0.0,0.0,816,Personal,470000.0,60,0.0,Rural,1
LN2025104917,48,Female,Married,2,SENP,26,51200.0,21300.0,0.0,777,Business,400000.0,60,1050000.0,Rural,1
LN2025109182,36,Male,Married,2,SENP,9,39300.0,0.0,0.0,812,Vehicle,60000.0,12,80000.0,Urban,1
LN2025101563,53,Female,Married,0,SEP,24,145100.0,0.0,19800.0,544,Home,4430000.0,120,6720000.0,Urban,0
LN2025109091,35,Female,Married,2,Salaried,10,37500.0,0.0,0.0,753,Business,130000.0,36,0.0,Rural,1
LN2025107410,27,Male,Single,3,Salaried,4,17200.0,0.0,0.0,690,Vehicle,280000.0,84,300000.0,Rural,1
LN2025101304,50,Male,Single,2,SENP,31,146000.0,36200.0,0.0,582,Business,1380000.0,120,2900000.0,Urban,0
LN2025103224,41,Male,Single,0,Salaried,18,105500.0,0.0,0.0,748,Personal,670000.0,36,0.0,Urban,1
LN2025101607,41,Male,Widowed,0,Salaried,17,115900.0,29500.0,0.0,770,Home,4560000.0,180,6920000.0,Urban,1
LN2025108675,38,Male,Married,1,Salaried,14,41300.0,67600.0,31300.0,759,Vehicle,1680000.0,84,1740000.0,Urban,1
LN2025108401,39,Male,Married,1,SENP,17,72600.0,32000.0,0.0,723,Home,3570000.0,300,7770000.0,Semi-Urban,1
LN2025104938,38,Male,Single,1,Salaried,17,65800.0,0.0,0.0,768,Vehicle,550000.0,48,660000.0,Semi-Urban,1
LN2025108670,43,Male,Single,0,Salaried,21,71100.0,0.0,0.0,652,Home,1750000.0,180,3350000.0,Rural,1
LN2025109606,44,Male,Married,3,SENP,14,26700.0,0.0,7300.0,751,Business,190000.0,36,270000.0,Semi-Urban,0
LN2025103627,34,Unknown,Married,1,SENP,8,52100.0,0.0,11300.0,682,Personal,450000.0,60,0.0,Semi-Urban,0
LN2025107720,48,Male,Married,2,SEP,17,67900.0,33500.0,0.0,849,Vehicle,1340000.0,48,1570000.0,Urban,1
LN2025109597,25,Female,Single,1,Salaried,0,22100.0,0.0,0.0,768,Personal,250000.0,48,0.0,Urban,0
LN2025103174,67,Female,Married,3,SEP,36,133700.0,0.0,0.0,731,Business,1160000.0,36,1820000.0,Urban,0
LN2025109491,23,Male,Married,3,Salaried,0,20100.0,0.0,0.0,777,Personal,170000.0,24,0.0,Semi-Urban,0
LN2025102517,28,Female,Married,0,Salaried,5,35100.0,0.0,0.0,728,Home,1350000.0,360,1570000.0,Rural,1
LN2025107652,32,Male,Married,3,Salaried,11,62700.0,0.0,19200.0,716,Vehicle,750000.0,60,1040000.0,Urban,1
LN2025107469,38,Male,Unknown,1,Salaried,14,22900.0,0.0,0.0,716,Personal,200000.0,12,0.0,Urban,0
LN2025105420,50,Male,Married,1,SENP,25,111700.0,12700.0,20400.0,794,Business,770000.0,48,0.0,Rural,1
LN2025109000,37,Female,Married,2,SENP,13,18700.0,0.0,4200.0,642,Business,250000.0,36,0.0,Rural,0
LN2025107316,21,Female,Single,0,Salaried,0,54700.0,39300.0,10400.0,838,Home,1150000.0,240,1330000.0,Urban,0
LN2025107233,30,Male,Married,1,Salaried,4,22500.0,44500.0,12100.0,744,Home,3470000.0,300,5160000.0,Urban,0
LN2025104429,51,Female,Married,2,Salaried,28,86900.0,0.0,6000.0,771,Vehicle,870000.0,84,1210000.0,Urban,1
LN2025105665,28,Female,Single,1,SENP,0,51900.0,0.0,7800.0,742,Personal,200000.0,60,0.0,Urban,0
LN2025104670,45,Male,Married,2,SENP,17,80400.0,0.0,0.0,821,Business,990000.0,36,0.0,Urban,1
LN2025105905,54,Male,Married,1,SENP,29,77900.0,0.0,27400.0,774,Business,620000.0,12,880000.0,Semi-Urban,0
LN2025109222,38,Male,Married,3,Salaried,15,81800.0,33700.0,35500.0,649,Vehicle,1370000.0,84,1490000.0,Rural,0
LN2025106890,43,Female,Married,3,Salaried,18,62300.0,0.0,14600.0,-1,Home,1150000.0,180,1770000.0,Semi-Urban,1
LN2025107761,37,Male,Single,0,Salaried,14,94900.0,0.0,10200.0,753,Home,2630000.0,120,4210000.0,Urban,1
LN2025102850,38,Male,Married,2,Salaried,18,33200.0,0.0,0.0,724,Vehicle,470000.0,48,550000.0,Rural,1
LN2025103161,29,Transgender,Married,2,Salaried,8,42700.0,24000.0,7200.0,739,Personal,440000.0,24,0.0,Semi-Urban,1
LN2025102424,44,Female,Married,2,Salaried,23,99000.0,51400.0,43400.0,710,Personal,810000.0,36,0.0,Urban,0
LN2025103983,34,Female,Married,0,SENP,14,91300.0,0.0,0.0,767,Vehicle,510000.0,84,720000.0,Urban,1
LN2025107293,43,Male,Single,0,Salaried,20,42900.0,0.0,0.0,784,Vehicle,210000.0,48,210000.0,Urban,1
LN2025106635,36,Female,Married,1,SENP,11,29400.0,0.0,7700.0,777,Home,750000.0,180,1290000.0,Semi-Urban,0
LN2025106161,42,Male,Married,3,SENP,20,137100.0,83700.0,0.0,585,Business,2670000.0,36,0.0,Urban,0
LN2025109433,40,Male,Married,0,Salaried,20,80100.0,10000.0,0.0,751,Personal,580000.0,36,0.0,Rural,1
LN2025105260,47,Male,Married,1,SENP,25,50200.0,0.0,0.0,642,Vehicle,390000.0,48,510000.0,Urban,0
LN2025107616,48,Female,Married,2,SENP,21,78100.0,0.0,0.0,661,Business,480000.0,24,0.0,Semi-Urban,0
LN2025100249,37,Male,Married,2,Salaried,15,54000.0,44000.0,15200.0,762,Home,2990000.0,240,4880000.0,Semi-Urban,1
LN2025108047,29,Male,Single,0,Salaried,4,63200.0,0.0,0.0,828,Home,2140000.0,300,2740000.0,Urban,1
LN2025108522,34,Unknown,Single,0,Salaried,10,61000.0,0.0,0.0,796,Vehicle,140000.0,12,140000.0,Urban,1
LN2025107735,39,Male,Married,1,Salaried,14,69100.0,0.0,2500.0,760,Vehicle,90000.0,12,110000.0,Urban,1
LN2025103352,45,Female,Married,1,SEP,16,43500.0,48300.0,0.0,748,Business,310000.0,36,530000.0,Rural,1
LN2025103552,20,Female,Single,0,Salaried,0,172800.0,32200.0,0.0,774,Home,7840000.0,180,19090000.0,Urban,0
LN2025101305,40,Female,Married,2,Salaried,14,32300.0,30600.0,6500.0,732,Home,3360000.0,120,3900000.0,Semi-Urban,0
LN2025107755,50,Male,Married,3,SENP,22,77200.0,55000.0,16100.0,759,Business,1610000.0,36,0.0,Urban,0
LN2025102205,29,Male,Single,2,SEP,0,97000.0,0.0,0.0,725,Vehicle,2000000.0,84,2350000.0,Urban,1
LN2025101118,30,Female,Married,1,Salaried,8,62500.0,16000.0,0.0,749,Personal,520000.0,24,0.0,Rural,1
LN2025102332,38,Male,Married,1,SEP,10,137200.0,0.0,0.0,712,Business,1750000.0,60,4210000.0,Urban,1
LN2025102840,37,Male,Married,1,SENP,10,32700.0,20900.0,9100.0,762,Home,2230000.0,240,2720000.0,Urban,1
LN2025107949,58,Male,Married,1,SENP,36,181600.0,0.0,11000.0,844,Business,480000.0,36,0.0,Urban,1
LN2025105218,33,Female,Married,0,SENP,9,14000.0,0.0,0.0,660,Business,100000.0,24,0.0,Rural,0
LN2025103001,47,Male,Single,0,SENP,25,30400.0,0.0,0.0,761,Business,340000.0,48,710000.0,Rural,1
LN2025108963,41,Male,Married,1,SEP,14,48300.0,0.0,16900.0,-1,Home,1680000.0,120,2750000.0,Rural,0
LN2025106763,39,Female,Married,2,Salaried,16,57900.0,120000.0,0.0,797,Home,7590000.0,180,12430000.0,Semi-Urban,1
LN2025108274,31,Male,Married,1,Salaried,7,100500.0,0.0,0.0,681,Personal,420000.0,48,0.0,Urban,1
LN2025103448,21,Male,Single,0,SENP,0,47500.0,0.0,0.0,797,Business,170000.0,24,350000.0,Semi-Urban,0
LN2025105613,36,Male,Single,0,Salaried,13,37300.0,0.0,19500.0,783,Home,1250000.0,240,2780000.0,Urban,0
LN2025101496,32,Female,Married,2,Salaried,9,37700.0,0.0,9600.0,805,Personal,620000.0,48,0.0,Semi-Urban,0
LN2025103395,43,Male,Married,2,Salaried,19,105100.0,50600.0,0.0,545,Home,3070000.0,180,4470000.0,Urban,0
LN2025105262,41,Male,Married,2,Salaried,15,89100.0,0.0,8900.0,705,Personal,1030000.0,48,0.0,Urban,0
LN2025109132,34,Female,Married,2,Salaried,10,39100.0,78500.0,0.0,640,Vehicle,60000.0,12,60000.0,Urban,0
LN2025101573,36,Male,Married,1,SENP,11,44400.0,0.0,0.0,734,Business,310000.0,36,0.0,Semi-Urban,1
LN2025100865,60,Female,Married,1,SENP,38,56000.0,0.0,6400.0,678,Business,750000.0,36,1910000.0,Semi-Urban,0
LN2025109690,42,Male,Single,1,SENP,15,76100.0,0.0,4500.0,730,Business,310000.0,60,600000.0,Rural,1
LN2025105811,46,Male,Married,2,SENP,20,71300.0,0.0,0.0,779,Business,990000.0,60,1370000.0,Semi-Urban,1
LN2025107145,44,Female,Single,0,Salaried,18,106000.0,37900.0,0.0,820,Home,3890000.0,180,5530000.0,Urban,1
LN2025104937,24,Male,Single,0,Salaried,4,81400.0,0.0,0.0,596,Home,2070000.0,240,2830000.0,Urban,0
LN2025102490,43,Male,Married,2,SENP,20,142500.0,0.0,0.0,728,Business,900000.0,36,1460000.0,Urban,1
LN2025106408,37,Male,Married,0,SEP,6,54200.0,0.0,0.0,863,Vehicle,920000.0,60,1020000.0,Urban,1
LN2025100211,36,Male,Married,1,Salaried,15,72800.0,36900.0,0.0,846,Home,2550000.0,240,4070000.0,Semi-Urban,1
LN2025107055,31,Male,Single,0,Salaried,6,67200.0,0.0,8100.0,781,Home,2590000.0,300,3280000.0,Semi-Urban,1
LN2025109718,31,Female,Married,3,SENP,8,40000.0,0.0,12900.0,700,Personal,270000.0,48,0.0,Urban,0
LN2025109538,47,Male,Married,1,Salaried,22,102700.0,0.0,33100.0,751,Personal,360000.0,36,0.0,Urban,1
LN2025102866,33,Male,Married,3,SEP,8,64500.0,0.0,0.0,637,Personal,300000.0,24,0.0,Urban,0
LN2025101846,37,Female,Married,2,SENP,17,54400.0,0.0,0.0,717,Personal,490000.0,36,0.0,Rural,0
LN2025100645,45,Male,Married,1,Salaried,22,72200.0,15500.0,0.0,776,Home,3520000.0,180,4370000.0,Semi-Urban,0
LN2025105458,45,Male,Single,1,Salaried,22,84200.0,0.0,14400.0,743,Vehicle,1050000.0,60,1350000.0,Urban,1
LN2025101994,35,Male,Married,1,Salaried,12,51300.0,0.0,0.0,871,Personal,560000.0,36,0.0,Semi-Urban,1
LN2025109653,47,Male,Married,2,Salaried,25,113000.0,0.0,0.0,737,Personal,600000.0,48,0.0,Urban,1
LN2025102566,27,Female,Single,0,Salaried,3,13400.0,0.0,0.0,810,Vehicle,170000.0,48,210000.0,Rural,0
LN2025105691,38,Male,Married,1,Salaried,13,68900.0,0.0,0.0,656,Personal,600000.0,60,0.0,Urban,0
LN2025105913,33,Male,Single,1,Salaried,12,43900.0,42500.0,0.0,801,Home,4110000.0,120,6550000.0,Urban,0
LN2025101675,22,Female,Single,0,Salaried,0,26900.0,0.0,0.0,-1,Vehicle,140000.0,60,200000.0,Urban,0
LN2025109300,32,Male,Married,3,SENP,4,49000.0,35700.0,0.0,728,Home,2970000.0,240,4190000.0,Rural,1
LN2025104344,40,Male,Married,1,Salaried,20,145600.0,0.0,26300.0,648,Personal,950000.0,60,0.0,Urban,0
LN2025109528,47,Male,Married,3,SENP,24,77600.0,27200.0,23800.0,739,Home,4520000.0,120,7190000.0,Urban,0
LN2025100506,42,Male,Married,3,SENP,21,118200.0,0.0,12700.0,772,Business,470000.0,36,0.0,Semi-Urban,1
LN2025101902,60,Male,Married,2,SENP,38,88600.0,32000.0,0.0,585,Home,5450000.0,300,8380000.0,Rural,0
LN2025103089,54,Male,Married,2,SEP,28,131900.0,0.0,67600.0,837,Vehicle,90000.0,24,100000.0,Urban,1
LN2025104045,32,Male,Married,3,Salaried,12,40800.0,16600.0,0.0,737,Vehicle,450000.0,48,640000.0,Semi-Urban,1
LN2025105470,39,Transgender,Married,3,Salaried,17,22700.0,0.0,0.0,800,Vehicle,220000.0,48,260000.0,Rural,1
LN2025102665,36,Male,Married,2,SEP,9,102200.0,44500.0,4000.0,672,Business,850000.0,48,1230000.0,Urban,0
LN2025102093,36,Male,Married,2,SEP,7,78400.0,23000.0,0.0,763,Business,930000.0,36,0.0,Urban,1
LN2025107733,38,Male,Married,3,Salaried,14,59900.0,0.0,14100.0,806,Personal,510000.0,12,0.0,Urban,0
LN2025109431,51,Male,Married,3,SEP,23,95400.0,33000.0,46100.0,671,Business,1890000.0,36,2520000.0,Urban,0
LN2025101301,26,Male,Single,0,Salaried,3,78700.0,0.0,0.0,-1,Vehicle,70000.0,12,90000.0,Semi-Urban,1
LN2025109015,35,Female,Married,2,Salaried,13,37000.0,0.0,0.0,736,Vehicle,140000.0,24,190000.0,Semi-Urban,1
LN2025102016,32,Male,Married,2,SEP,3,213500.0,0.0,7700.0,799,Vehicle,1890000.0,60,2180000.0,Semi-Urban,1
LN2025102308,26,Male,Married,1,SENP,8,52700.0,0.0,0.0,767,Business,580000.0,48,0.0,Urban,0
LN2025102687,38,Male,Married,1,Salaried,17,21000.0,17400.0,0.0,757,Personal,150000.0,36,0.0,Rural,1
LN2025100756,27,Male,Single,1,Salaried,4,95400.0,72800.0,0.0,742,Home,18770000.0,300,44490000.0,Urban,0
LN2025104212,33,Male,Married,2,Salaried,8,47800.0,34200.0,6400.0,706,Personal,210000.0,60,0.0,Urban,1
LN2025103444,47,Male,Married,2,Salaried,23,69200.0,32200.0,0.0,730,Home,4090000.0,120,5860000.0,Rural,1
LN2025104450,38,Male,Married,2,Salaried,16,34800.0,0.0,4400.0,866,Personal,260000.0,36,0.0,Rural,1
LN2025108882,41,Female,Married,2,Salaried,17,38200.0,44000.0,16900.0,641,Home,2420000.0,180,3170000.0,Rural,0
LN2025103639,48,Male,Married,1,Salaried,25,94100.0,0.0,0.0,745,Vehicle,70000.0,12,80000.0,Rural,1
LN2025105382,46,Male,Married,2,Salaried,23,76000.0,49700.0,33900.0,777,Home,5770000.0,120,7540000.0,Urban,0
LN2025106456,31,Male,Single,0,SENP,10,171200.0,0.0,0.0,630,Business,560000.0,36,0.0,Urban,0
LN2025109140,28,Male,Single,1,Salaried,7,62400.0,0.0,0.0,-1,Home,2680000.0,180,4090000.0,Semi-Urban,0
LN2025100213,25,Male,Single,0,Salaried,2,21200.0,0.0,0.0,791,Personal,200000.0,60,0.0,Semi-Urban,1
LN2025103733,48,Male,Married,2,SEP,22,307400.0,25800.0,0.0,737,Vehicle,60000.0,24,80000.0,Urban,1
LN2025108371,42,Male,Married,3,Salaried,20,90000.0,0.0,0.0,713,Personal,1130000.0,60,0.0,Semi-Urban,1
LN2025101731,33,Male,Married,3,Salaried,8,49700.0,0.0,0.0,-1,Personal,380000.0,24,0.0,Urban,0
LN2025103785,37,Female,Married,3,Salaried,15,155100.0,0.0,0.0,773,Personal,490000.0,36,0.0,Semi-Urban,1
LN2025100456,28,Male,Married,2,Salaried,4,20700.0,0.0,0.0,727,Vehicle,290000.0,48,290000.0,Semi-Urban,1
LN2025103661,34,Male,Married,1,SENP,8,34900.0,0.0,0.0,832,Vehicle,220000.0,60,310000.0,Rural,1
LN2025104591,28,Female,Married,3,Salaried,6,39800.0,38100.0,0.0,763,Home,2670000.0,120,7630000.0,Semi-Urban,1
LN2025100982,49,Male,Married,1,SENP,21,73800.0,25800.0,0.0,742,Business,520000.0,12,1330000.0,Urban,1
LN2025108147,37,Male,Single,0,SENP,17,360500.0,0.0,27600.0,762,Personal,3080000.0,48,0.0,Urban,1
LN2025109060,36,Male,Single,1,Salaried,12,84300.0,0.0,0.0,796,Personal,920000.0,60,0.0,Semi-Urban,1
LN2025105001,35,Male,Single,0,SEP,5,111300.0,0.0,0.0,551,Home,2890000.0,120,4270000.0,Urban,0
LN2025100191,37,Male,Married,0,Salaried,15,171200.0,0.0,59800.0,712,Home,6180000.0,240,8090000.0,Urban,0
LN2025109385,44,Male,Married,1,SENP,24,68400.0,71500.0,66900.0,775,Business,610000.0,12,990000.0,Urban,0
LN2025109074,37,Female,Married,0,Salaried,16,87900.0,0.0,9200.0,806,Personal,1300000.0,24,0.0,Urban,0
LN2025100257,22,Female,Single,0,Salaried,0,43800.0,0.0,8900.0,620,Personal,560000.0,36,0.0,Urban,0
LN2025102293,43,Female,Married,2,Salaried,18,70600.0,0.0,0.0,764,Vehicle,900000.0,84,970000.0,Urban,1
LN2025107827,30,Female,Married,3,Salaried,6,21400.0,0.0,0.0,660,Personal,90000.0,60,0.0,Rural,0
LN2025102322,28,Male,Single,0,Salaried,3,27100.0,50400.0,0.0,-1,Home,2060000.0,240,2630000.0,Semi-Urban,1
LN2025101076,41,Male,Married,3,SEP,14,80100.0,0.0,0.0,825,Personal,660000.0,24,0.0,Rural,1
LN2025106543,35,Male,Married,3,SENP,17,36800.0,0.0,0.0,715,Business,220000.0,24,0.0,Urban,1
LN2025100848,39,Male,Married,0,SEP,10,127900.0,0.0,0.0,812,Personal,840000.0,24,0.0,Semi-Urban,1
LN2025100625,50,Male,Married,2,Salaried,28,52700.0,0.0,0.0,-1,Vehicle,850000.0,60,1170000.0,Semi-Urban,1
LN2025109784,35,Female,Single,0,Salaried,10,41700.0,0.0,8800.0,748,Personal,260000.0,36,0.0,Urban,1
LN2025105291,40,Male,Married,3,SEP,9,230000.0,40700.0,15600.0,683,Personal,1490000.0,48,0.0,Urban,1
LN2025100797,24,Male,Single,0,SEP,0,30100.0,0.0,7300.0,-1,Business,380000.0,12,680000.0,Semi-Urban,0
LN2025107563,41,Male,Married,3,Salaried,18,45300.0,17500.0,10000.0,771,Home,1160000.0,180,2260000.0,Rural,1
LN2025107708,28,Male,Single,0,SENP,0,95500.0,0.0,0.0,742,Vehicle,290000.0,60,330000.0,Urban,0
LN2025103151,47,Male,Married,2,SEP,20,155700.0,0.0,43400.0,714,Vehicle,1270000.0,36,1790000.0,Urban,1
LN2025108330,36,Male,Married,3,Salaried,12,66400.0,0.0,0.0,670,Personal,530000.0,36,0.0,Urban,1
LN2025101442,21,Male,Single,0,Salaried,0,24200.0,0.0,0.0,602,Vehicle,710000.0,60,820000.0,Urban,0
LN2025101882,20,Male,Single,0,Salaried,0,39300.0,0.0,0.0,715,Personal,290000.0,36,0.0,Urban,0
LN2025102801,58,Male,Married,1,SENP,39,198300.0,0.0,72800.0,765,Personal,1760000.0,36,0.0,Urban,0
LN2025108079,33,Male,Married,2,SENP,4,8000.0,0.0,0.0,784,Business,100000.0,60,190000.0,Semi-Urban,0
LN2025105630,32,Male,Married,3,Salaried,9,33500.0,0.0,2500.0,720,Home,1410000.0,240,2040000.0,Rural,1
LN2025107832,37,Male,Married,0,Salaried,12,159800.0,58700.0,27700.0,809,Vehicle,3260000.0,48,3950000.0,Urban,1
LN2025106828,33,Male,Married,2,SENP,3,24500.0,0.0,3900.0,658,Personal,360000.0,60,0.0,Urban,0
LN2025101680,38,Female,Married,0,Salaried,17,88900.0,24600.0,0.0,763,Home,3850000.0,240,8700000.0,Urban,1
LN2025107060,33,Female,Single,0,SEP,6,37300.0,0.0,0.0,617,Vehicle,290000.0,48,310000.0,Rural,0
LN2025109693,51,Male,Married,3,Salaried,27,67600.0,0.0,0.0,654,Vehicle,480000.0,48,680000.0,Urban,1
LN2025100954,31,Male,Married,2,Salaried,9,20700.0,0.0,0.0,737,Personal,170000.0,24,0.0,Semi-Urban,1
LN2025100423,60,Male,Married,1,SENP,35,53400.0,0.0,10200.0,564,Business,310000.0,36,0.0,Urban,0
LN2025100989,35,Female,Married,1,Salaried,17,66900.0,0.0,0.0,828,Personal,590000.0,36,0.0,Urban,1
LN2025107459,36,Male,Married,1,SENP,14,46000.0,0.0,0.0,656,Personal,290000.0,12,0.0,Urban,0
LN2025101117,48,Male,Married,2,SENP,22,65200.0,0.0,9600.0,-1,Vehicle,540000.0,84,540000.0,Urban,1
LN2025101519,24,Male,Single,0,SENP,0,29600.0,20300.0,0.0,738,Home,1100000.0,240,1490000.0,Semi-Urban,0
LN2025102031,52,Female,Married,2,SENP,29,196300.0,0.0,0.0,796,Vehicle,80000.0,36,100000.0,Urban,1
LN2025107777,40,Female,Married,1,Salaried,19,39100.0,13900.0,0.0,785,Home,2060000.0,180,2600000.0,Semi-Urban,1
LN2025102364,27,Male,Single,0,Salaried,7,53200.0,0.0,12500.0,775,Vehicle,540000.0,60,560000.0,Semi-Urban,1
LN2025108543,23,Male,Single,0,SENP,0,54300.0,0.0,0.0,752,Vehicle,50000.0,24,50000.0,Semi-Urban,0
LN2025103700,23,Male,Single,0,Salaried,0,22100.0,0.0,0.0,568,Personal,60000.0,36,0.0,Semi-Urban,0
LN2025109778,35,Male,Married,1,Salaried,10,50600.0,0.0,0.0,665,Personal,340000.0,36,0.0,Urban,1
LN2025100945,35,Female,Married,2,Salaried,10,38900.0,20200.0,0.0,-1,Home,2400000.0,240,3040000.0,Rural,1
LN2025102439,50,Female,Married,2,SEP,22,263700.0,20500.0,58100.0,759,Home,17200000.0,180,30190000.0,Rural,0
LN2025104497,28,Male,Married,1,Salaried,10,42900.0,0.0,0.0,792,Vehicle,520000.0,36,600000.0,Urban,1
LN2025104884,34,Female,Married,2,SENP,8,77500.0,68000.0,0.0,750,Home,6340000.0,120,12730000.0,Urban,1
LN2025105068,39,Female,Married,1,Salaried,15,102400.0,28800.0,0.0,746,Personal,1020000.0,36,0.0,Urban,1
LN2025104467,48,Male,Married,2,SENP,23,31300.0,46300.0,0.0,750,Business,530000.0,24,0.0,Urban,1
LN2025102249,41,Female,Married,3,SEP,11,84200.0,35100.0,0.0,689,Home,4810000.0,240,12280000.0,Urban,1
LN2025104293,42,Male,Divorced,3,SEP,15,196600.0,0.0,36100.0,793,Vehicle,70000.0,12,70000.0,Rural,1
LN2025106758,51,Male,Married,2,SEP,23,297600.0,0.0,21900.0,786,Business,1700000.0,120,4840000.0,Rural,1
LN2025102029,38,Male,Married,1,Salaried,16,25500.0,0.0,0.0,687,Personal,400000.0,60,0.0,Semi-Urban,0
LN2025101806,41,Male,Married,3,SENP,21,65800.0,25100.0,0.0,-1,Home,3810000.0,240,4450000.0,Semi-Urban,0
LN2025104395,26,Female,Single,0,Salaried,3,80700.0,0.0,0.0,659,Personal,520000.0,36,0.0,Urban,1
LN2025104541,43,Male,Married,0,SENP,19,144400.0,0.0,0.0,731,Vehicle,2110000.0,48,2380000.0,Urban,1
LN2025100773,38,Female,Unknown,1,Salaried,18,72000.0,37300.0,10400.0,699,Home,9460000.0,240,12200000.0,Urban,0
LN2025103441,40,Male,Married,1,SEP,12,322600.0,0.0,48200.0,706,Personal,1330000.0,24,0.0,Urban,1
LN2025102017,20,Male,Single,1,Salaried,0,15500.0,0.0,0.0,678,Vehicle,90000.0,36,100000.0,Semi-Urban,0
LN2025103332,38,Male,Married,1,Salaried,16,73100.0,0.0,14200.0,699,Personal,450000.0,36,0.0,Urban,1
LN2025102375,22,Male,Single,0,Salaried,0,24700.0,0.0,0.0,-1,Personal,250000.0,60,0.0,Urban,0
LN2025107165,38,Male,Married,2,Salaried,16,70200.0,85500.0,11300.0,796,Personal,720000.0,48,0.0,Rural,1
LN2025107143,29,Male,Single,2,Salaried,5,28200.0,45000.0,6200.0,728,Home,1400000.0,360,2040000.0,Semi-Urban,1
LN2025102837,35,Male,Married,2,Salaried,11,47800.0,83100.0,12500.0,801,Vehicle,420000.0,60,1700000.0,Semi-Urban,1
LN2025101537,42,Male,Married,3,Salaried,16,62000.0,0.0,0.0,669,Vehicle,710000.0,60,860000.0,Urban,0
LN2025105636,30,Male,Married,1,SEP,1,62900.0,0.0,0.0,868,Vehicle,480000.0,60,540000.0,Semi-Urban,0
LN2025104685,36,Male,Married,1,SENP,8,26200.0,0.0,0.0,789,Vehicle,190000.0,60,220000.0,Urban,1
LN2025107609,22,Female,Married,2,Salaried,0,22400.0,0.0,0.0,681,Personal,320000.0,48,0.0,Urban,0
LN2025106322,42,Male,Married,3,SEP,11,73900.0,0.0,0.0,779,Personal,340000.0,36,0.0,Urban,1
LN2025102254,40,Male,Married,1,SENP,15,115300.0,22700.0,0.0,726,Home,2800000.0,300,3210000.0,Urban,1
LN2025108930,33,Female,Married,0,Salaried,10,66600.0,0.0,0.0,848,Personal,270000.0,48,0.0,Semi-Urban,1
LN2025107666,24,Female,Single,1,SEP,0,55200.0,0.0,0.0,783,Personal,400000.0,24,0.0,Urban,0
LN2025108126,44,Male,Married,1,Salaried,21,67300.0,65800.0,0.0,884,Home,4730000.0,180,5350000.0,Semi-Urban,0
LN2025106400,23,Male,Single,0,SENP,0,196000.0,0.0,38500.0,774,Vehicle,130000.0,24,140000.0,Urban,0
LN2025107622,33,Female,Single,0,Salaried,11,33400.0,0.0,0.0,786,Vehicle,300000.0,84,430000.0,Semi-Urban,1
LN2025108665,35,Female,Married,1,SENP,14,27800.0,0.0,9500.0,804,Vehicle,100000.0,12,100000.0,Rural,0
LN2025108244,37,Male,Married,3,Salaried,13,79100.0,0.0,0.0,885,Personal,1120000.0,36,0.0,Urban,1
LN2025107244,45,Female,Married,3,Salaried,22,54400.0,0.0,0.0,791,Personal,320000.0,36,0.0,Semi-Urban,1
LN2025103574,25,Male,Single,0,SEP,0,182100.0,0.0,0.0,748,Home,10420000.0,300,14500000.0,Semi-Urban,0
LN2025109185,31,Female,Married,2,Salaried,10,47300.0,40100.0,0.0,758,Personal,490000.0,36,0.0,Semi-Urban,1
LN2025105136,28,Male,Married,3,Salaried,8,96800.0,42100.0,0.0,683,Vehicle,860000.0,48,900000.0,Urban,1
LN2025109683,33,Female,Married,2,SENP,10,118400.0,32000.0,0.0,831,Business,470000.0,84,0.0,Semi-Urban,1
LN2025109219,23,Female,Single,1,Salaried,2,16000.0,0.0,4100.0,632,Home,500000.0,120,670000.0,Rural,0
LN2025102727,27,Male,Married,1,SENP,1,41600.0,0.0,0.0,739,Business,640000.0,36,1590000.0,Semi-Urban,0
LN2025103906,44,Male,Married,2,Salaried,19,68700.0,0.0,0.0,675,Home,1690000.0,120,2310000.0,Semi-Urban,1
LN2025107491,23,Male,Single,3,SENP,0,62400.0,0.0,0.0,698,Vehicle,500000.0,36,530000.0,Urban,0
LN2025109792,21,Male,Single,0,SENP,3,55900.0,0.0,8600.0,728,Personal,340000.0,60,0.0,Urban,0
LN2025103105,32,Male,Single,0,Salaried,8,131100.0,46200.0,42800.0,714,Personal,2290000.0,48,0.0,Urban,1
LN2025106989,28,Male,Married,1,Salaried,7,22800.0,52600.0,0.0,662,Personal,330000.0,36,0.0,Semi-Urban,1
LN2025101033,51,Male,Married,3,SENP,26,69900.0,0.0,16800.0,776,Vehicle,320000.0,60,400000.0,Semi-Urban,1
LN2025103666,49,Female,Single,1,SEP,19,100300.0,60900.0,6700.0,655,Home,6070000.0,180,8890000.0,Urban,0
LN2025108921,34,Male,Married,2,Salaried,12,144900.0,0.0,0.0,786,Personal,1060000.0,24,0.0,Urban,1
LN2025105741,38,Male,Single,0,SEP,8,110200.0,0.0,0.0,755,Business,1020000.0,36,0.0,Semi-Urban,1
LN2025100157,37,Male,Married,2,Salaried,15,35000.0,0.0,0.0,738,Personal,170000.0,48,0.0,Rural,1
LN2025106104,28,Male,Single,0,SEP,1,54000.0,22000.0,0.0,688,Home,2810000.0,300,4390000.0,Urban,0
LN2025101413,39,Male,Married,3,SENP,16,127300.0,0.0,20900.0,733,Home,5740000.0,240,6260000.0,Semi-Urban,0
LN2025100106,31,Female,Married,2,Salaried,9,44600.0,46800.0,0.0,676,Home,3740000.0,240,5770000.0,Urban,0
LN2025107866,46,Male,Married,2,SENP,19,28800.0,0.0,4000.0,717,Business,620000.0,48,1760000.0,Semi-Urban,0
LN2025100801,27,Female,Married,1,Salaried,5,46500.0,0.0,6500.0,752,Vehicle,100000.0,24,120000.0,Urban,1
LN2025103123,36,Male,Married,3,Salaried,15,25500.0,46400.0,18700.0,743,Home,5220000.0,120,9690000.0,Rural,0
LN2025109059,45,Male,Married,3,Salaried,22,80600.0,0.0,0.0,805,Vehicle,310000.0,36,350000.0,Urban,1
LN2025103931,53,Male,Married,2,SENP,28,134600.0,0.0,12400.0,-1,Business,620000.0,84,0.0,Semi-Urban,1
LN2025100402,47,Female,Widowed,0,SEP,19,68500.0,0.0,0.0,803,Business,1060000.0,48,0.0,Rural,1
LN2025109721,48,Male,Single,2,SENP,25,65200.0,0.0,0.0,719,Vehicle,490000.0,60,630000.0,Rural,1
LN2025107712,25,Female,Single,0,SEP,0,48500.0,0.0,0.0,793,Personal,250000.0,12,0.0,Rural,0
LN2025100188,35,Male,Married,3,Salaried,12,69200.0,0.0,0.0,792,Personal,330000.0,12,0.0,Urban,1
LN2025103142,40,Female,Married,3,SEP,11,88600.0,0.0,0.0,708,Business,530000.0,24,740000.0,Urban,1
LN2025105862,41,Male,Single,0,SEP,10,78600.0,0.0,0.0,818,Personal,390000.0,48,0.0,Urban,1
LN2025106388,46,Male,Married,3,Salaried,22,136300.0,0.0,21900.0,668,Personal,300000.0,12,0.0,Semi-Urban,1
LN2025108201,52,Male,Married,2,SEP,24,202500.0,77500.0,0.0,872,Home,7610000.0,120,12460000.0,Semi-Urban,1
LN2025103681,45,Female,Married,2,SENP,20,66800.0,0.0,7200.0,739,Business,1290000.0,12,0.0,Rural,0
LN2025101559,44,Male,Married,1,SENP,16,33800.0,0.0,0.0,739,Vehicle,420000.0,60,510000.0,Rural,0
LN2025107613,32,Male,Married,2,Salaried,7,81800.0,0.0,12100.0,746,Personal,810000.0,36,0.0,Urban,1
LN2025106294,47,Male,Married,1,SENP,26,142400.0,0.0,30000.0,-1,Business,1890000.0,84,2550000.0,Rural,0
LN2025106343,23,Male,Single,0,Salaried,0,38100.0,0.0,0.0,710,Home,1310000.0,180,2370000.0,Urban,0
LN2025107998,34,Male,Married,3,Salaried,12,75800.0,0.0,8700.0,849,Personal,440000.0,60,0.0,Urban,1
LN2025106609,57,Male,Married,3,SENP,29,142600.0,29200.0,46000.0,736,Home,4070000.0,240,5970000.0,Semi-Urban,0
LN2025103058,36,Unknown,Married,0,SEP,7,138600.0,25000.0,0.0,768,Home,7800000.0,240,10260000.0,Semi-Urban,0
LN2025107644,32,Male,Single,2,Salaried,12,35900.0,0.0,0.0,631,Home,1470000.0,300,2520000.0,Urban,1
LN2025102660,26,Male,Single,0,SEP,0,158800.0,0.0,0.0,724,Business,1290000.0,24,0.0,Urban,0
LN2025100684,52,Male,Single,0,SENP,31,60500.0,0.0,0.0,796,Business,890000.0,60,0.0,Urban,1
LN2025108251,33,Female,Single,0,Salaried,11,49300.0,0.0,0.0,784,Vehicle,280000.0,48,340000.0,Semi-Urban,1
LN2025104477,58,Female,Married,2,SEP,29,61900.0,0.0,0.0,696,Business,720000.0,48,0.0,Rural,0
LN2025106216,50,Female,Married,0,SENP,25,65300.0,58200.0,11600.0,714,Vehicle,90000.0,36,130000.0,Semi-Urban,0
LN2025107569,42,Male,Married,2,Salaried,21,39400.0,0.0,0.0,814,Personal,60000.0,60,0.0,Rural,1
LN2025108212,26,Female,Single,0,Salaried,3,24000.0,0.0,0.0,-1,Personal,60000.0,24,0.0,Semi-Urban,1
LN2025101780,35,Male,Married,3,Salaried,13,32000.0,12400.0,0.0,727,Home,1490000.0,180,2050000.0,Rural,0
LN2025107204,41,Female,Married,2,Salaried,16,46600.0,0.0,9800.0,660,Personal,660000.0,12,0.0,Rural,0
LN2025101246,41,Female,Married,1,Salaried,19,36600.0,0.0,8400.0,755,Home,1170000.0,180,1500000.0,Urban,0
LN2025106339,36,Unknown,Married,1,SEP,7,74800.0,18600.0,0.0,787,Business,470000.0,24,1240000.0,Semi-Urban,1
LN2025109666,27,Female,Single,2,Salaried,4,17100.0,0.0,0.0,625,Personal,90000.0,36,0.0,Rural,0
LN2025100715,43,Female,Married,0,SENP,19,133000.0,0.0,43300.0,-1,Vehicle,70000.0,12,80000.0,Rural,1
LN2025103474,58,Male,Married,3,SEP,12,260100.0,0.0,64700.0,683,Home,5770000.0,360,9310000.0,Semi-Urban,0
LN2025102735,35,Male,Married,3,Salaried,10,48000.0,0.0,0.0,809,Home,1790000.0,300,2630000.0,Semi-Urban,1
LN2025106575,38,Male,Married,2,Salaried,15,58900.0,0.0,11800.0,751,Personal,1060000.0,60,0.0,Rural,0
LN2025103967,36,Male,Single,0,Salaried,13,59500.0,0.0,0.0,784,Personal,190000.0,48,0.0,Rural,1
LN2025100815,49,Male,Married,1,Salaried,23,126300.0,0.0,16500.0,714,Vehicle,140000.0,36,180000.0,Urban,1
LN2025106138,38,Male,Married,3,Salaried,12,25900.0,0.0,2000.0,758,Personal,140000.0,48,0.0,Rural,1
LN2025109527,33,Male,Single,0,Salaried,11,76900.0,0.0,20300.0,731,Personal,960000.0,48,0.0,Semi-Urban,0
LN2025109348,38,Male,Married,1,Salaried,14,39800.0,0.0,6500.0,693,Personal,90000.0,36,0.0,Urban,1
LN2025105125,40,Male,Married,1,Salaried,16,83900.0,0.0,0.0,800,Vehicle,1950000.0,84,2150000.0,Semi-Urban,1
LN2025109168,43,Unknown,Married,2,SENP,20,183500.0,73600.0,70400.0,771,Business,1020000.0,36,1430000.0,Urban,1
LN2025107425,49,Male,Married,2,Salaried,25,58400.0,44900.0,10700.0,624,Home,4400000.0,120,6550000.0,Urban,0
LN2025103279,24,Male,Single,0,SEP,0,33900.0,24200.0,0.0,733,Home,3110000.0,240,6680000.0,Rural,0
LN2025107192,54,Male,Married,3,SENP,24,43600.0,29200.0,0.0,739,Business,250000.0,36,0.0,Semi-Urban,1
LN2025106151,43,Female,Married,2,SENP,19,105700.0,0.0,0.0,-1,Personal,710000.0,48,0.0,Rural,1
LN2025101254,40,Male,Married,0,SEP,12,98900.0,18300.0,0.0,835,Home,4190000.0,180,6120000.0,Rural,1
LN2025100474,22,Male,Married,1,Salaried,0,69100.0,0.0,0.0,769,Home,1970000.0,300,2460000.0,Semi-Urban,0
LN2025102187,46,Male,Married,2,Salaried,12,109700.0,101900.0,0.0,742,Vehicle,100000.0,24,120000.0,Semi-Urban,1
LN2025100739,38,Unknown,Married,2,Salaried,16,72700.0,0.0,0.0,729,Home,2140000.0,240,5860000.0,Semi-Urban,1
LN2025100459,29,Male,Married,0,Salaried,3,21000.0,36700.0,0.0,840,Personal,300000.0,12,0.0,Urban,1
LN2025109619,35,Male,Married,1,SENP,12,112900.0,0.0,0.0,827,Vehicle,150000.0,24,200000.0,Urban,1
LN2025102257,31,Male,Married,2,Salaried,9,54800.0,0.0,0.0,774,Personal,240000.0,60,0.0,Semi-Urban,1
LN2025103981,36,Male,Married,1,Salaried,15,67700.0,19900.0,0.0,716,Home,1290000.0,180,1840000.0,Rural,1
LN2025102988,20,Male,Single,0,Salaried,0,44300.0,0.0,0.0,-1,Personal,320000.0,48,0.0,Urban,0
LN2025100818,34,Male,Married,3,SENP,6,35100.0,0.0,3200.0,643,Personal,280000.0,48,0.0,Semi-Urban,0
LN2025106510,47,Male,Married,0,SEP,16,294700.0,77900.0,129100.0,707,Home,16300000.0,180,23280000.0,Semi-Urban,0
LN2025101689,34,Female,Married,1,Salaried,10,86200.0,0.0,0.0,780,Personal,580000.0,60,0.0,Semi-Urban,1
LN2025103833,46,Female,Married,1,SENP,24,50350.0,25300.0,0.0,737,Vehicle,1410000.0,60,1410000.0,Rural,1
LN2025100531,45,Male,Married,1,SENP,16,67700.0,0.0,0.0,672,Business,150000.0,24,220000.0,Semi-Urban,1
LN2025105971,36,Male,Married,2,SENP,11,63300.0,0.0,0.0,-1,Business,580000.0,36,770000.0,Semi-Urban,1
LN2025109321,47,Male,Married,2,Salaried,21,77300.0,44700.0,0.0,711,Vehicle,70000.0,12,80000.0,Rural,1
LN2025109529,43,Female,Married,3,SENP,22,47500.0,0.0,0.0,776,Vehicle,50000.0,24,60000.0,Urban,1
LN2025101988,33,Female,Married,2,Salaried,11,26700.0,19400.0,0.0,721,Vehicle,900000.0,48,1070000.0,Rural,0
LN2025108866,44,Male,Married,3,SENP,17,80300.0,35900.0,22000.0,789,Business,310000.0,120,780000.0,Rural,1
LN2025108774,46,Male,Married,3,SENP,22,88700.0,0.0,0.0,773,Vehicle,1100000.0,84,1410000.0,Semi-Urban,1
LN2025102202,34,Male,Married,2,Salaried,9,57000.0,39700.0,0.0,833,Home,3530000.0,120,5760000.0,Semi-Urban,1
LN2025106125,40,Male,Married,2,SENP,15,61600.0,56200.0,33600.0,739,Business,510000.0,60,0.0,Rural,0
LN2025106735,32,Male,Single,0,SEP,2,83700.0,0.0,0.0,783,Business,440000.0,36,950000.0,Urban,0
LN2025102641,23,Male,Single,0,Salaried,0,53200.0,0.0,0.0,739,Vehicle,1080000.0,60,1100000.0,Urban,0
LN2025104188,60,Male,Married,2,SEP,32,278600.0,50200.0,0.0,810,Business,3800000.0,24,0.0,Urban,1
LN2025105655,38,Male,Married,2,Salaried,16,55000.0,0.0,0.0,807,Personal,470000.0,36,0.0,Urban,1
LN2025104726,51,Male,Single,2,SENP,22,93800.0,0.0,0.0,724,Vehicle,70000.0,12,70000.0,Rural,1
LN2025101585,26,Male,Single,0,Salaried,2,47000.0,0.0,0.0,778,Personal,260000.0,24,0.0,Urban,1
LN2025106171,44,Male,Married,1,SENP,18,127400.0,0.0,19300.0,727,Personal,720000.0,60,0.0,Urban,1
LN2025101554,28,Male,Single,0,Salaried,6,27100.0,0.0,0.0,764,Personal,70000.0,36,0.0,Semi-Urban,1
LN2025102648,29,Male,Married,1,Salaried,4,25600.0,0.0,0.0,678,Vehicle,180000.0,60,220000.0,Semi-Urban,1
LN2025104075,37,Male,Married,2,Salaried,12,113200.0,73000.0,24500.0,766,Vehicle,90000.0,24,120000.0,Urban,1
LN2025100013,25,Female,Single,0,Salaried,2,25600.0,0.0,0.0,699,Personal,210000.0,48,0.0,Semi-Urban,1
LN2025102902,39,Male,Married,3,SENP,14,144400.0,0.0,0.0,809,Vehicle,60000.0,24,80000.0,Urban,1
LN2025103669,37,Male,Married,0,Salaried,13,27400.0,0.0,0.0,737,Personal,190000.0,36,0.0,Urban,1
LN2025108056,44,Male,Married,3,SEP,15,152400.0,15600.0,20600.0,832,Personal,1070000.0,48,0.0,Urban,1
LN2025106129,42,Male,Married,2,SEP,14,154300.0,0.0,20900.0,-1,Home,4610000.0,180,6120000.0,Urban,1
LN2025107821,24,Female,Single,1,SENP,0,38500.0,0.0,3900.0,656,Business,270000.0,36,550000.0,Urban,0
LN2025109846,33,Male,Married,1,Salaried,10,18700.0,0.0,3300.0,-1,Personal,140000.0,48,0.0,Rural,0
LN2025100589,44,Male,Married,1,SEP,14,18700.0,20800.0,0.0,772,Business,410000.0,60,850000.0,Urban,1
LN2025108500,32,Male,Married,0,Salaried,10,42300.0,0.0,3500.0,802,Home,1410000.0,240,2230000.0,Semi-Urban,1
LN2025109120,33,Female,Single,0,SENP,5,36300.0,54900.0,9600.0,616,Home,2030000.0,180,3920000.0,Semi-Urban,0
LN2025102068,40,Male,Single,0,SEP,12,32700.0,0.0,9100.0,784,Personal,460000.0,48,0.0,Urban,0
LN2025105849,41,Male,Married,3,Salaried,19,64900.0,0.0,0.0,775,Home,3060000.0,120,5450000.0,Semi-Urban,0
LN2025102506,52,Male,Married,2,SEP,23,379900.0,0.0,33300.0,687,Personal,1520000.0,48,0.0,Semi-Urban,1
LN2025108883,35,Male,Married,1,Salaried,14,97500.0,52900.0,0.0,777,Home,7270000.0,300,12110000.0,Urban,1
LN2025104629,42,Male,Married,3,Salaried,21,64100.0,0.0,0.0,746,Personal,350000.0,60,0.0,Urban,1
LN2025102796,31,Male,Married,3,Salaried,8,59800.0,0.0,5700.0,729,Vehicle,150000.0,12,180000.0,Urban,1
LN2025101849,29,Male,Married,1,Salaried,7,54100.0,0.0,0.0,700,Personal,220000.0,48,0.0,Urban,1
LN2025101225,45,Male,Married,2,SENP,23,89500.0,90800.0,0.0,756,Business,960000.0,24,0.0,Urban,1
LN2025109633,40,Male,Single,1,Salaried,14,65800.0,0.0,0.0,592,Personal,340000.0,24,0.0,Urban,0
LN2025104581,28,Male,Single,0,SENP,5,26300.0,53700.0,21200.0,766,Business,540000.0,120,0.0,Semi-Urban,1
LN2025107480,35,Male,Married,1,Salaried,9,22800.0,31700.0,6600.0,774,Home,1330000.0,300,2140000.0,Semi-Urban,1
LN2025102118,52,Female,Married,1,SEP,25,198200.0,0.0,0.0,-1,Business,3100000.0,48,0.0,Urban,0
LN2025100486,27,Female,Unknown,0,Salaried,6,22100.0,0.0,7200.0,800,Home,950000.0,300,1470000.0,Rural,0
LN2025100696,23,Male,Married,0,Salaried,0,12700.0,0.0,0.0,712,Home,500000.0,180,980000.0,Rural,0
LN2025108406,38,Male,Married,2,Salaried,12,129200.0,0.0,0.0,793,Personal,1510000.0,60,0.0,Urban,1
LN2025103756,39,Male,Married,0,Salaried,17,20300.0,0.0,0.0,726,Personal,180000.0,36,0.0,Rural,1
LN2025108903,38,Male,Married,2,Salaried,15,105600.0,0.0,14900.0,835,Personal,700000.0,36,0.0,Semi-Urban,1
LN2025102635,41,Male,Married,2,SENP,11,94300.0,0.0,0.0,793,Personal,370000.0,36,0.0,Rural,1
LN2025101187,34,Female,Married,2,Salaried,11,43600.0,0.0,6700.0,830,Home,2710000.0,240,3360000.0,Semi-Urban,0
LN2025108253,38,Male,Married,1,Salaried,14,88000.0,0.0,12300.0,801,Home,3410000.0,240,4210000.0,Urban,0
LN2025108471,48,Male,Married,2,SENP,19,68300.0,0.0,16300.0,754,Business,820000.0,36,1120000.0,Urban,0
LN2025100753,33,Male,Married,1,Salaried,11,47300.0,0.0,0.0,692,Personal,1050000.0,48,0.0,Semi-Urban,1
LN2025101858,43,Female,Married,0,SENP,16,129100.0,0.0,65300.0,508,Personal,1750000.0,36,0.0,Urban,0
LN2025105526,47,Male,Married,3,Salaried,22,130000.0,94800.0,55000.0,786,Home,14490000.0,120,20060000.0,Semi-Urban,0
LN2025103094,36,Female,Married,2,Salaried,13,24200.0,0.0,5400.0,864,Home,1200000.0,240,2250000.0,Urban,0
LN2025106841,37,Female,Married,0,Salaried,16,34300.0,0.0,0.0,604,Personal,360000.0,36,0.0,Semi-Urban,1
LN2025105595,32,Male,Single,0,Salaried,10,130400.0,0.0,0.0,778,Home,3020000.0,240,4660000.0,Urban,1
LN2025101714,28,Male,Single,0,Salaried,6,49800.0,59100.0,0.0,716,Vehicle,830000.0,60,980000.0,Urban,1
LN2025103831,38,Male,Married,1,SEP,10,46300.0,22500.0,0.0,677,Personal,200000.0,24,0.0,Urban,1
LN2025107896,52,Female,Married,3,SENP,28,245200.0,0.0,0.0,791,Business,2790000.0,24,0.0,Urban,1
LN2025102221,33,Female,Married,0,Salaried,11,33100.0,0.0,0.0,755,Vehicle,560000.0,48,680000.0,Urban,1
LN2025104998,51,Male,Married,1,SENP,31,37700.0,0.0,13900.0,762,Vehicle,490000.0,84,600000.0,Semi-Urban,0
LN2025107431,32,Male,Married,3,Salaried,7,18900.0,15600.0,0.0,711,Personal,180000.0,60,0.0,Rural,1
LN2025109125,41,Male,Married,3,Salaried,15,27600.0,0.0,0.0,712,Personal,150000.0,36,0.0,Urban,1
LN2025106085,20,Male,Single,3,Salaried,0,23100.0,21900.0,9500.0,757,Home,1200000.0,240,1560000.0,Semi-Urban,0
LN2025109273,33,Male,Married,3,Salaried,12,62500.0,0.0,0.0,703,Home,2600000.0,240,3090000.0,Semi-Urban,0
LN2025101668,45,Female,Married,3,SENP,19,23400.0,0.0,4800.0,840,Business,110000.0,48,0.0,Semi-Urban,1
LN2025103587,42,Male,Married,1,Salaried,18,63100.0,34500.0,0.0,766,Home,3930000.0,180,5930000.0,Semi-Urban,1
LN2025106600,42,Male,Married,1,SENP,15,357800.0,0.0,0.0,836,Business,630000.0,48,0.0,Rural,1
LN2025104483,39,Female,Married,0,Salaried,17,102000.0,25700.0,0.0,747,Home,4020000.0,240,5980000.0,Semi-Urban,1
LN2025100837,25,Male,Single,0,Salaried,7,41200.0,0.0,8300.0,654,Personal,370000.0,60,0.0,Urban,0
LN2025101574,42,Male,Married,1,Salaried,18,28500.0,12300.0,0.0,773,Business,220000.0,36,310000.0,Rural,1
LN2025103603,53,Female,Married,1,SEP,24,92700.0,0.0,5200.0,719,Business,690000.0,36,1720000.0,Rural,1
LN2025104788,42,Male,Married,2,SEP,12,312000.0,0.0,0.0,683,Personal,3210000.0,36,0.0,Urban,0
LN2025104961,33,Female,Married,2,Salaried,12,55300.0,0.0,0.0,746,Personal,440000.0,60,0.0,Urban,1
LN2025102278,32,Male,Single,2,SEP,4,65200.0,0.0,26500.0,666,Personal,730000.0,48,0.0,Rural,0
LN2025103794,30,Male,Single,0,Salaried,6,89200.0,0.0,0.0,585,Vehicle,680000.0,60,780000.0,Urban,1
LN2025101450,47,Female,Married,1,Salaried,27,97600.0,0.0,0.0,777,Personal,480000.0,60,0.0,Semi-Urban,1
LN2025102236,37,Male,Married,3,SENP,14,114600.0,11500.0,0.0,630,Vehicle,70000.0,24,100000.0,Rural,0
LN2025108977,30,Male,Married,2,Salaried,6,50500.0,50600.0,0.0,818,Home,6170000.0,240,7140000.0,Urban,0
LN2025100557,32,Male,Married,1,Salaried,7,40800.0,0.0,15000.0,662,Vehicle,110000.0,12,150000.0,Urban,0
LN2025100502,37,Female,Married,3,Salaried,14,41400.0,33800.0,4300.0,707,Personal,260000.0,24,0.0,Semi-Urban,1
LN2025104768,38,Male,Married,0,Salaried,15,87900.0,0.0,0.0,725,Vehicle,590000.0,48,700000.0,Semi-Urban,1
LN2025103185,42,Male,Single,1,SEP,13,175600.0,0.0,0.0,706,Business,1300000.0,36,2950000.0,Urban,1
LN2025108802,30,Female,Married,2,SEP,1,99100.0,0.0,18400.0,779,Personal,520000.0,60,0.0,Urban,0
LN2025107367,49,Male,Married,3,SENP,22,26800.0,0.0,0.0,744,Business,290000.0,36,0.0,Semi-Urban,0
LN2025109697,57,Female,Married,0,SEP,28,197400.0,0.0,0.0,-1,Business,1280000.0,60,0.0,Semi-Urban,1
LN2025105605,35,Female,Married,1,Salaried,14,30900.0,0.0,0.0,603,Personal,430000.0,48,0.0,Semi-Urban,0
LN2025107320,35,Male,Married,2,Salaried,15,57500.0,0.0,0.0,736,Personal,510000.0,12,0.0,Semi-Urban,0
LN2025102034,25,Male,Single,0,Salaried,1,46800.0,53100.0,0.0,807,Home,6790000.0,240,10880000.0,Urban,0
LN2025101133,38,Male,Married,1,SEP,10,129500.0,0.0,0.0,634,Home,2590000.0,240,3860000.0,Urban,0
LN2025105196,47,Male,Married,1,SEP,21,85700.0,0.0,0.0,618,Business,640000.0,24,1010000.0,Urban,0
LN2025100674,51,Female,Married,1,SENP,29,144000.0,0.0,17100.0,708,Vehicle,1100000.0,36,1220000.0,Urban,0
LN2025106856,41,Male,Married,3,Salaried,17,39200.0,0.0,1200.0,698,Personal,320000.0,24,0.0,Semi-Urban,1
LN2025105687,35,Male,Married,1,Salaried,12,26200.0,0.0,0.0,-1,Personal,210000.0,60,0.0,Semi-Urban,1
LN2025102668,41,Male,Married,1,Salaried,18,79200.0,0.0,20800.0,637,Home,4130000.0,180,6790000.0,Semi-Urban,1
LN2025106328,37,Unknown,Married,3,Salaried,14,28400.0,0.0,0.0,769,Home,770000.0,180,1240000.0,Rural,1
LN2025100835,48,Male,Married,1,SEP,23,161600.0,0.0,0.0,745,Home,7030000.0,180,8160000.0,Semi-Urban,0
LN2025104195,46,Female,Married,1,Salaried,24,34100.0,27300.0,27800.0,756,Home,3680000.0,120,5130000.0,Rural,0
LN2025109860,53,Male,Married,1,SEP,25,71400.0,33200.0,0.0,759,Home,3390000.0,120,4530000.0,Semi-Urban,1
LN2025104196,39,Male,Married,2,Salaried,15,29900.0,0.0,0.0,800,Personal,370000.0,60,0.0,Semi-Urban,1
LN2025100283,45,Male,Married,3,Salaried,24,86400.0,34500.0,0.0,712,Home,4410000.0,180,12600000.0,Rural,1
LN2025105922,50,Female,Widowed,0,SENP,23,42600.0,0.0,0.0,836,Business,190000.0,36,360000.0,Semi-Urban,1
LN2025106178,48,Female,Single,2,Salaried,26,46200.0,0.0,11600.0,624,Vehicle,540000.0,48,660000.0,Semi-Urban,0
LN2025101459,32,Male,Married,3,Salaried,11,38600.0,0.0,0.0,718,Personal,1260000.0,36,0.0,Urban,0
LN2025101960,44,Male,Married,3,SEP,14,89000.0,28500.0,6200.0,818,Business,600000.0,48,0.0,Semi-Urban,1
LN2025108227,38,Male,Single,3,SENP,17,153900.0,30000.0,0.0,744,Home,8440000.0,300,16310000.0,Semi-Urban,1
LN2025105791,46,Male,Married,3,SENP,22,254600.0,0.0,24000.0,781,Business,2750000.0,120,0.0,Semi-Urban,1
LN2025109737,36,Female,Married,1,Salaried,11,79200.0,13600.0,7600.0,732,Vehicle,670000.0,48,930000.0,Urban,1
LN2025108750,37,Male,Married,1,Salaried,13,30200.0,24100.0,19500.0,653,Home,2370000.0,240,4010000.0,Rural,0
LN2025102356,31,Male,Married,1,Salaried,12,75700.0,0.0,0.0,685,Home,3040000.0,240,4450000.0,Semi-Urban,0
LN2025109623,30,Male,Married,1,Salaried,9,64700.0,66700.0,0.0,734,Home,3450000.0,240,5030000.0,Urban,1
LN2025102164,35,Female,Married,3,Salaried,9,29000.0,0.0,6300.0,743,Home,850000.0,180,1610000.0,Rural,0
LN2025103292,43,Male,Married,1,Salaried,18,47600.0,0.0,23100.0,739,Personal,320000.0,60,0.0,Urban,0
LN2025107499,29,Male,Single,0,Salaried,6,49100.0,0.0,9900.0,679,Home,3030000.0,240,3370000.0,Semi-Urban,0
LN2025102856,39,Female,Married,0,SEP,13,48100.0,17600.0,0.0,754,Home,3150000.0,300,4190000.0,Rural,1
LN2025104576,36,Female,Married,1,Salaried,14,18600.0,0.0,0.0,739,Personal,170000.0,48,0.0,Rural,0
LN2025101865,39,Male,Married,2,Salaried,15,77200.0,0.0,0.0,846,Home,2610000.0,180,4400000.0,Urban,1
LN2025107363,44,Female,Divorced,0,SENP,20,168000.0,0.0,29700.0,748,Home,7210000.0,180,9520000.0,Urban,1
LN2025107310,47,Female,Married,1,Salaried,23,29000.0,0.0,1500.0,731,Personal,300000.0,60,0.0,Semi-Urban,1
LN2025106115,45,Male,Married,2,Salaried,20,142700.0,23600.0,0.0,716,Home,7860000.0,180,10050000.0,Urban,0
LN2025102225,50,Male,Married,0,SEP,22,76600.0,0.0,0.0,744,Vehicle,560000.0,84,570000.0,Urban,1
LN2025100972,31,Male,Married,1,Salaried,10,29300.0,0.0,7400.0,810,Personal,310000.0,48,0.0,Rural,0
LN2025102366,33,Female,Single,0,Salaried,12,52300.0,0.0,0.0,776,Personal,590000.0,48,0.0,Urban,1
LN2025104009,42,Male,Married,1,Salaried,19,38400.0,0.0,0.0,787,Personal,160000.0,24,0.0,Rural,1
LN2025106564,50,Male,Married,3,SEP,21,123200.0,63500.0,0.0,735,Business,630000.0,60,1840000.0,Urban,1
LN2025106076,35,Male,Married,1,SENP,11,91900.0,15800.0,8700.0,812,Personal,860000.0,36,0.0,Urban,1
LN2025107843,43,Male,Married,1,SENP,24,208400.0,67400.0,0.0,777,Home,8690000.0,120,24830000.0,Urban,1
LN2025105497,47,Male,Married,2,SENP,26,135400.0,38900.0,0.0,698,Vehicle,80000.0,36,80000.0,Urban,1
LN2025101298,30,Male,Single,0,SEP,4,78600.0,0.0,12500.0,716,Home,2420000.0,240,2870000.0,Urban,1
LN2025104135,34,Female,Married,1,Salaried,14,33800.0,52600.0,22400.0,659,Home,3710000.0,240,4250000.0,Urban,0
LN2025100608,44,Male,Married,3,SENP,25,124600.0,0.0,21200.0,711,Business,1290000.0,48,0.0,Semi-Urban,1
LN2025104680,25,Female,Single,2,SENP,2,50350.0,0.0,1700.0,743,Business,170000.0,48,0.0,Rural,0
LN2025103197,36,Male,Married,2,Salaried,12,37000.0,0.0,10800.0,692,Personal,240000.0,48,0.0,Rural,0
LN2025108377,44,Female,Married,2,Salaried,20,42200.0,42900.0,2000.0,657,Home,1810000.0,180,2850000.0,Urban,1
LN2025107009,28,Male,Married,2,Salaried,4,85300.0,0.0,0.0,782,Home,4720000.0,180,10500000.0,Rural,1
LN2025109600,27,Female,Single,0,SENP,2,44800.0,0.0,0.0,539,Vehicle,330000.0,48,420000.0,Urban,0
LN2025100727,32,Male,Married,3,Salaried,11,65400.0,0.0,0.0,730,Personal,620000.0,36,0.0,Urban,1
LN2025106537,46,Female,Married,1,SEP,21,203500.0,0.0,0.0,721,Business,1320000.0,36,0.0,Urban,1
LN2025106093,37,Male,Married,1,Salaried,12,97600.0,0.0,10100.0,735,Personal,1570000.0,60,0.0,Urban,1
LN2025108645,26,Male,Married,1,SENP,4,14100.0,0.0,0.0,809,Business,110000.0,36,0.0,Semi-Urban,0
LN2025106284,26,Male,Married,1,SENP,0,35600.0,17900.0,0.0,690,Business,340000.0,48,820000.0,Semi-Urban,0
LN2025101101,36,Female,Married,2,Salaried,10,35400.0,0.0,0.0,-1,Personal,420000.0,24,0.0,Semi-Urban,0
LN2025100935,49,Male,Married,3,Salaried,28,105200.0,0.0,10000.0,645,Vehicle,760000.0,60,870000.0,Semi-Urban,0
LN2025109338,28,Male,Single,2,Salaried,3,16000.0,0.0,0.0,626,Personal,370000.0,60,0.0,Rural,0
LN2025103144,29,Male,Single,2,Salaried,7,75400.0,0.0,0.0,711,Personal,990000.0,24,0.0,Urban,0
LN2025104474,42,Male,Married,3,SENP,24,296000.0,0.0,52100.0,701,Vehicle,4000000.0,84,4520000.0,Rural,1
LN2025109352,49,Male,Widowed,0,SEP,21,131200.0,0.0,0.0,794,Business,840000.0,120,0.0,Urban,1
LN2025106092,45,Male,Divorced,0,Salaried,23,54700.0,0.0,0.0,753,Personal,1870000.0,48,0.0,Urban,1
LN2025104719,42,Male,Married,2,SENP,22,129900.0,0.0,1700.0,817,Home,2690000.0,180,4780000.0,Urban,1
LN2025108213,31,Male,Married,1,Salaried,7,45300.0,0.0,0.0,761,Personal,270000.0,48,0.0,Rural,1
LN2025108023,25,Unknown,Married,3,Salaried,2,35600.0,0.0,0.0,682,Personal,450000.0,48,0.0,Semi-Urban,1
LN2025109613,47,Male,Married,0,Salaried,26,181300.0,0.0,0.0,769,Personal,4000000.0,48,0.0,Rural,1
LN2025100737,39,Male,Married,0,Salaried,16,52000.0,0.0,13400.0,791,Home,1400000.0,180,3490000.0,Urban,1
LN2025108291,41,Male,Married,0,SENP,14,65300.0,0.0,0.0,672,Business,2150000.0,120,5690000.0,Semi-Urban,1
LN2025104846,41,Male,Single,0,SENP,20,142900.0,0.0,0.0,876,Home,7900000.0,240,13500000.0,Urban,1
LN2025101975,32,Male,Married,0,Salaried,12,45300.0,13300.0,9200.0,685,Home,2270000.0,240,3500000.0,Semi-Urban,1
LN2025103908,37,Male,Married,1,Salaried,17,78000.0,0.0,26200.0,668,Personal,370000.0,36,0.0,Rural,0
LN2025105158,47,Male,Married,0,SENP,20,164100.0,0.0,0.0,763,Personal,1460000.0,60,0.0,Urban,1
LN2025104930,24,Male,Single,1,Salaried,0,33700.0,0.0,0.0,730,Home,990000.0,240,1220000.0,Semi-Urban,0
LN2025101446,22,Male,Single,0,Salaried,0,21800.0,0.0,0.0,688,Home,840000.0,360,1250000.0,Urban,0
LN2025107539,42,Male,Married,1,SENP,18,43800.0,0.0,4700.0,759,Business,280000.0,84,720000.0,Urban,1
LN2025108917,31,Female,Married,2,SEP,4,57800.0,0.0,18000.0,644,Business,300000.0,36,670000.0,Urban,1
LN2025108793,43,Female,Married,1,Salaried,23,44100.0,29100.0,0.0,718,Home,1740000.0,180,2210000.0,Rural,1
LN2025103972,32,Male,Married,2,Salaried,9,31700.0,0.0,0.0,813,Personal,370000.0,48,0.0,Rural,1
LN2025106479,40,Male,Married,1,Salaried,12,65300.0,0.0,0.0,717,Personal,720000.0,60,0.0,Rural,1
LN2025106275,30,Male,Married,2,Salaried,9,27600.0,30300.0,0.0,-1,Home,2820000.0,240,5700000.0,Urban,1
LN2025103435,37,Male,Married,3,SENP,17,54800.0,0.0,10200.0,601,Personal,490000.0,36,0.0,Rural,0
LN2025102931,31,Male,Married,3,Salaried,8,31400.0,29300.0,0.0,801,Personal,220000.0,36,0.0,Urban,0
LN2025108141,44,Female,Married,2,Salaried,23,66200.0,89300.0,28400.0,691,Home,10550000.0,180,15700000.0,Semi-Urban,1
LN2025103828,43,Male,Married,2,SENP,20,110600.0,0.0,21700.0,783,Home,4170000.0,240,6100000.0,Semi-Urban,1
LN2025100605,31,Female,Married,0,Salaried,10,71100.0,51100.0,0.0,712,Home,4650000.0,300,10120000.0,Urban,1
LN2025100129,41,Male,Married,2,Salaried,16,76800.0,0.0,0.0,872,Personal,300000.0,60,0.0,Semi-Urban,1
LN2025108217,40,Male,Married,3,SENP,15,84800.0,22600.0,41000.0,673,Personal,690000.0,60,0.0,Urban,0
LN2025106364,52,Male,Married,1,SENP,26,191000.0,0.0,34000.0,703,Business,1280000.0,24,3130000.0,Urban,1
LN2025109767,26,Male,Single,0,Salaried,3,103600.0,0.0,0.0,646,Home,4480000.0,180,6560000.0,Urban,0
LN2025103081,30,Male,Married,2,Salaried,6,74300.0,59000.0,12300.0,505,Personal,1130000.0,36,0.0,Urban,0
LN2025109050,32,Female,Married,1,Salaried,10,50100.0,154400.0,0.0,-1,Home,10650000.0,300,17190000.0,Urban,1
LN2025109353,45,Female,Married,3,SEP,20,148700.0,0.0,0.0,754,Personal,1110000.0,36,0.0,Semi-Urban,1
LN2025101320,24,Male,Single,2,Salaried,3,25700.0,0.0,4600.0,682,Home,1040000.0,300,2210000.0,Rural,0
LN2025104730,56,Female,Married,2,SEP,30,263700.0,24900.0,80100.0,759,Business,1850000.0,36,2830000.0,Urban,1
LN2025105528,33,Male,Married,1,SEP,8,275900.0,0.0,0.0,732,Business,4280000.0,36,7140000.0,Urban,1
LN2025108632,49,Male,Married,2,SENP,21,82400.0,0.0,0.0,-1,Business,140000.0,12,0.0,Urban,0
LN2025101396,35,Female,Married,3,Salaried,10,68700.0,0.0,13100.0,742,Vehicle,120000.0,12,130000.0,Semi-Urban,1
LN2025105594,30,Male,Single,0,Salaried,7,18500.0,0.0,0.0,694,Vehicle,90000.0,60,100000.0,Rural,1
LN2025102700,46,Female,Married,3,Salaried,25,49800.0,0.0,0.0,695,Personal,430000.0,60,0.0,Urban,1
LN2025101233,43,Male,Married,2,SENP,15,65400.0,0.0,20600.0,851,Business,210000.0,48,0.0,Urban,1
LN2025101184,39,Male,Single,0,SENP,13,52800.0,0.0,0.0,707,Personal,880000.0,24,0.0,Semi-Urban,0
LN2025103742,36,Female,Married,1,Salaried,10,32000.0,15200.0,0.0,716,Home,1460000.0,240,1950000.0,Semi-Urban,1
LN2025108029,44,Male,Married,3,Salaried,21,52900.0,0.0,11100.0,811,Vehicle,50000.0,12,70000.0,Urban,1
LN2025100480,34,Female,Married,2,Salaried,10,33600.0,0.0,0.0,704,Home,810000.0,120,1140000.0,Urban,1
LN2025103962,34,Male,Married,3,SEP,5,106700.0,0.0,0.0,705,Business,360000.0,60,700000.0,Urban,1
LN2025105407,41,Male,Married,3,Salaried,18,50400.0,0.0,0.0,702,Personal,300000.0,60,0.0,Urban,1
LN2025105493,38,Male,Married,2,Salaried,16,13000.0,0.0,0.0,579,Personal,50000.0,24,0.0,Rural,0
LN2025103370,31,Male,Unknown,0,Salaried,8,71000.0,19000.0,0.0,717,Business,170000.0,48,0.0,Urban,1
LN2025105443,25,Male,Single,0,Salaried,0,30500.0,106500.0,39900.0,819,Home,3210000.0,240,5140000.0,Urban,0
LN2025109849,45,Male,Married,1,SEP,18,101000.0,201500.0,0.0,771,Home,7010000.0,360,10740000.0,Semi-Urban,0
LN2025101845,49,Female,Married,2,SEP,24,124000.0,47100.0,0.0,875,Home,8220000.0,180,10390000.0,Rural,0
LN2025100675,27,Male,Single,0,Salaried,5,14000.0,0.0,1700.0,706,Home,800000.0,240,1220000.0,Rural,0
LN2025102130,25,Male,Single,1,Salaried,3,49800.0,0.0,0.0,753,Personal,80000.0,48,0.0,Rural,1
LN2025107808,40,Male,Married,3,SEP,12,64000.0,17400.0,24400.0,839,Home,2300000.0,120,3420000.0,Rural,0
LN2025101348,23,Female,Single,0,Salaried,0,31900.0,0.0,8300.0,628,Home,850000.0,240,1240000.0,Urban,0
LN2025109840,39,Male,Married,1,Salaried,17,92900.0,0.0,9000.0,805,Personal,390000.0,36,0.0,Urban,1
LN2025102910,41,Male,Married,2,Salaried,17,99800.0,57300.0,0.0,822,Home,6580000.0,120,12610000.0,Urban,1
LN2025103880,28,Unknown,Married,3,Salaried,6,19000.0,39300.0,3200.0,611,Home,4230000.0,180,5270000.0,Semi-Urban,0
LN2025102172,39,Male,Married,1,Salaried,15,83700.0,0.0,0.0,700,Personal,440000.0,24,0.0,Rural,1
LN2025102135,28,Female,Single,0,SENP,0,29300.0,0.0,0.0,760,Business,160000.0,36,0.0,Semi-Urban,0
LN2025101157,30,Male,Married,1,Salaried,10,57200.0,21600.0,10100.0,755,Personal,380000.0,60,0.0,Urban,1
LN2025108080,36,Unknown,Married,2,Salaried,15,39800.0,0.0,0.0,774,Personal,260000.0,36,0.0,Semi-Urban,1
LN2025101473,32,Female,Married,1,Salaried,7,32600.0,40600.0,0.0,645,Personal,540000.0,60,0.0,Urban,0
LN2025102468,30,Female,Married,2,Salaried,7,71100.0,75300.0,20600.0,851,Home,7930000.0,360,13360000.0,Urban,1
LN2025101910,44,Male,Married,3,Salaried,18,61000.0,0.0,0.0,746,Personal,670000.0,24,0.0,Rural,1
LN2025108005,54,Male,Married,2,SENP,24,103700.0,39900.0,36600.0,779,Home,3530000.0,120,6630000.0,Urban,1
LN2025109297,38,Female,Married,2,Salaried,17,30900.0,0.0,3900.0,776,Personal,140000.0,24,0.0,Rural,1
LN2025109234,35,Male,Married,2,Salaried,12,15800.0,44400.0,0.0,-1,Home,2740000.0,300,3470000.0,Rural,0
LN2025106616,49,Male,Married,0,SEP,18,62100.0,39300.0,0.0,739,Business,850000.0,36,0.0,Semi-Urban,0
LN2025104328,38,Male,Married,3,Salaried,17,55500.0,0.0,500.0,795,Personal,660000.0,48,0.0,Urban,1
LN2025107198,35,Male,Married,3,Salaried,11,57700.0,0.0,0.0,710,Personal,310000.0,24,0.0,Urban,0
LN2025103251,65,Female,Married,2,SEP,37,91600.0,0.0,15100.0,756,Vehicle,700000.0,60,780000.0,Urban,0
LN2025105212,35,Female,Married,3,Salaried,10,87400.0,0.0,0.0,728,Vehicle,510000.0,48,590000.0,Urban,1
LN2025108863,38,Male,Single,0,Salaried,16,16200.0,0.0,0.0,716,Vehicle,130000.0,84,160000.0,Rural,1
LN2025108319,32,Female,Married,1,Salaried,8,29800.0,43600.0,35600.0,670,Personal,270000.0,24,0.0,Semi-Urban,0
LN2025109292,38,Male,Married,3,Salaried,15,54100.0,0.0,0.0,740,Home,1360000.0,180,3620000.0,Semi-Urban,1
LN2025100275,38,Male,Married,0,Salaried,13,29400.0,0.0,0.0,816,Home,1270000.0,240,1890000.0,Rural,0
LN2025101255,30,Male,Married,1,Salaried,4,15900.0,0.0,0.0,595,Personal,50000.0,36,0.0,Rural,0
LN2025106451,37,Female,Married,1,Salaried,12,44000.0,17500.0,0.0,743,Vehicle,720000.0,48,730000.0,Semi-Urban,1
LN2025106578,40,Male,Married,2,SEP,10,56400.0,48800.0,0.0,844,Home,3480000.0,300,4090000.0,Rural,0
LN2025105175,59,Male,Married,0,SENP,29,120100.0,0.0,27000.0,701,Personal,470000.0,24,0.0,Urban,1
LN2025102958,21,Male,Married,1,Salaried,0,19300.0,57300.0,17000.0,655,Personal,270000.0,24,0.0,Urban,0
LN2025103413,29,Female,Married,2,Salaried,6,21700.0,53400.0,0.0,791,Home,2060000.0,240,3520000.0,Urban,1
LN2025107345,34,Female,Married,3,Salaried,11,48900.0,0.0,0.0,675,Personal,230000.0,48,0.0,Urban,1
LN2025107415,47,Unknown,Married,2,Salaried,23,34700.0,0.0,5400.0,686,Personal,420000.0,36,0.0,Rural,0
LN2025100208,37,Female,Married,3,SEP,10,116900.0,0.0,15600.0,698,Business,840000.0,60,1600000.0,Semi-Urban,1
LN2025107205,29,Female,Single,1,Salaried,8,22000.0,0.0,0.0,761,Personal,140000.0,36,0.0,Semi-Urban,1
LN2025109109,43,Female,Married,2,Salaried,18,75500.0,48800.0,0.0,810,Personal,420000.0,36,0.0,Urban,1
LN2025108648,43,Male,Widowed,0,Salaried,23,40400.0,0.0,0.0,822,Personal,190000.0,36,0.0,Urban,1
LN2025104173,21,Male,Single,0,Salaried,0,25000.0,0.0,0.0,663,Personal,460000.0,60,0.0,Urban,0
LN2025100291,34,Male,Married,3,SENP,11,84100.0,0.0,0.0,660,Home,2400000.0,180,3350000.0,Urban,1
LN2025104840,36,Male,Married,0,SENP,9,84000.0,0.0,0.0,707,Home,2850000.0,300,4670000.0,Rural,1
LN2025104412,43,Male,Married,3,Salaried,20,41900.0,41500.0,23600.0,830,Vehicle,50000.0,36,60000.0,Rural,1
LN2025105454,40,Male,Married,3,SEP,13,122100.0,0.0,3700.0,772,Personal,790000.0,48,0.0,Semi-Urban,1
LN2025105146,28,Male,Married,2,Salaried,8,45300.0,42600.0,0.0,-1,Home,3050000.0,120,3970000.0,Urban,0
LN2025108924,36,Male,Married,3,Salaried,12,31900.0,0.0,0.0,755,Vehicle,480000.0,60,670000.0,Urban,1
LN2025107766,35,Unknown,Single,0,Salaried,11,25900.0,85700.0,15200.0,702,Home,6300000.0,300,10610000.0,Rural,0
LN2025109006,42,Female,Married,1,SENP,19,107400.0,17900.0,0.0,697,Business,350000.0,24,0.0,Semi-Urban,1
LN2025106724,28,Female,Married,3,Salaried,7,62500.0,47600.0,11200.0,769,Home,7660000.0,300,11730000.0,Urban,0
LN2025108380,34,Transgender,Married,1,SEP,8,101500.0,0.0,0.0,719,Business,560000.0,12,1120000.0,Urban,1
LN2025102140,35,Male,Married,0,Salaried,12,96100.0,48500.0,0.0,804,Home,3880000.0,300,5090000.0,Urban,1
LN2025102150,42,Male,Divorced,0,SENP,19,32100.0,0.0,3700.0,710,Business,100000.0,36,0.0,Semi-Urban,1
LN2025100677,35,Male,Married,2,Salaried,9,51700.0,44500.0,0.0,778,Home,4280000.0,300,7500000.0,Semi-Urban,1
LN2025102752,40,Male,Married,0,Salaried,16,81600.0,0.0,10200.0,682,Vehicle,1330000.0,84,1440000.0,Urban,1
LN2025108237,46,Male,Married,3,SENP,22,95100.0,0.0,0.0,552,Business,1350000.0,24,1950000.0,Urban,0
LN2025103236,35,Male,Married,3,Salaried,13,56800.0,0.0,0.0,783,Personal,570000.0,36,0.0,Urban,1
LN2025105568,37,Male,Married,2,Salaried,11,38900.0,0.0,0.0,744,Vehicle,330000.0,48,350000.0,Urban,1
LN2025103602,60,Male,Married,2,SENP,17,101900.0,29100.0,45200.0,795,Business,2380000.0,60,4700000.0,Urban,0
LN2025102469,44,Male,Married,3,SENP,24,41300.0,0.0,0.0,687,Business,220000.0,12,440000.0,Rural,1
LN2025109283,24,Female,Single,1,Salaried,0,44400.0,0.0,0.0,646,Vehicle,320000.0,60,420000.0,Semi-Urban,0
LN2025101336,44,Male,Married,3,SENP,15,88100.0,39300.0,0.0,-1,Vehicle,1890000.0,84,1900000.0,Urban,1
LN2025105278,30,Male,Single,0,Salaried,6,62300.0,0.0,16200.0,694,Vehicle,510000.0,60,550000.0,Urban,1
LN2025105219,32,Female,Married,3,Salaried,10,32300.0,0.0,5200.0,765,Vehicle,100000.0,12,130000.0,Urban,1
LN2025103390,36,Male,Married,3,SENP,15,33900.0,0.0,0.0,797,Home,880000.0,180,1560000.0,Urban,1
LN2025107406,52,Male,Married,3,SENP,29,90500.0,37700.0,0.0,769,Business,1040000.0,60,1760000.0,Semi-Urban,1
LN2025105967,30,Female,Married,3,Salaried,9,19900.0,0.0,5800.0,698,Personal,230000.0,60,0.0,Semi-Urban,0
LN2025109787,30,Male,Married,1,Salaried,6,48400.0,0.0,0.0,739,Personal,330000.0,36,0.0,Semi-Urban,1
LN2025105918,56,Male,Married,2,SENP,28,82400.0,0.0,0.0,789,Vehicle,330000.0,60,340000.0,Urban,1
LN2025103368,24,Female,Married,0,Salaried,2,28000.0,0.0,0.0,754,Personal,110000.0,48,0.0,Rural,1
LN2025109829,27,Male,Married,1,Salaried,3,99300.0,44300.0,0.0,774,Home,8060000.0,360,10410000.0,Urban,0
LN2025103215,36,Male,Married,1,Salaried,12,61300.0,0.0,2900.0,840,Personal,340000.0,48,0.0,Urban,1
LN2025101737,23,Male,Single,0,Salaried,2,49400.0,0.0,14000.0,799,Home,670000.0,240,880000.0,Rural,1
LN2025105313,34,Female,Married,2,Salaried,13,87000.0,28900.0,0.0,-1,Home,4810000.0,300,5950000.0,Urban,0
LN2025107056,33,Transgender,Married,1,Salaried,12,31300.0,0.0,0.0,764,Vehicle,470000.0,60,590000.0,Urban,1
LN2025100073,36,Male,Married,1,Salaried,11,54700.0,79900.0,0.0,837,Personal,530000.0,12,0.0,Urban,1
LN2025101172,41,Male,Married,3,SENP,14,84500.0,0.0,0.0,812,Business,470000.0,60,0.0,Urban,1
LN2025106870,44,Male,Married,2,SENP,23,73900.0,0.0,8800.0,739,Business,520000.0,60,720000.0,Semi-Urban,1
LN2025105412,44,Male,Married,1,SENP,23,122700.0,68600.0,43700.0,787,Business,1450000.0,48,3400000.0,Urban,1
LN2025104678,40,Male,Married,1,Salaried,19,86800.0,0.0,0.0,696,Vehicle,2450000.0,60,3290000.0,Semi-Urban,0
LN2025100667,45,Male,Married,0,SENP,21,255900.0,77600.0,0.0,805,Business,3520000.0,36,0.0,Urban,1
LN2025107321,27,Female,Married,0,Salaried,6,18300.0,0.0,0.0,722,Home,500000.0,300,800000.0,Urban,1
LN2025102998,39,Male,Married,1,SENP,18,58000.0,0.0,0.0,756,Business,350000.0,84,0.0,Semi-Urban,1
LN2025108060,36,Female,Married,0,SENP,16,65100.0,0.0,0.0,781,Business,390000.0,12,880000.0,Semi-Urban,1
LN2025108282,23,Male,Single,0,Salaried,2,70600.0,0.0,1600.0,708,Vehicle,100000.0,36,130000.0,Urban,1
LN2025107817,33,Male,Single,0,Salaried,12,58500.0,0.0,0.0,720,Home,1190000.0,240,1960000.0,Semi-Urban,1
LN2025101521,30,Male,Single,2,Salaried,6,30600.0,0.0,0.0,790,Personal,430000.0,60,0.0,Semi-Urban,1
LN2025108971,43,Female,Married,3,SEP,18,250400.0,0.0,44500.0,688,Personal,3800000.0,36,0.0,Semi-Urban,0
LN2025106103,35,Male,Married,1,Salaried,10,15400.0,0.0,1400.0,717,Business,210000.0,24,330000.0,Semi-Urban,0
LN2025101968,35,Male,Married,1,Salaried,11,45800.0,0.0,2200.0,770,Personal,600000.0,36,0.0,Urban,0
LN2025107370,43,Male,Married,3,SENP,18,312200.0,13700.0,0.0,793,Business,2030000.0,48,3860000.0,Semi-Urban,1
LN2025102213,47,Female,Married,3,Salaried,26,41500.0,0.0,10800.0,635,Vehicle,120000.0,24,160000.0,Semi-Urban,0
LN2025106041,42,Male,Married,3,Salaried,19,45500.0,70900.0,10700.0,799,Personal,1300000.0,36,0.0,Rural,1
LN2025105085,35,Male,Married,3,Salaried,15,46700.0,44700.0,0.0,796,Home,1740000.0,180,2280000.0,Urban,1
LN2025107398,53,Male,Married,0,SENP,28,44400.0,91600.0,0.0,807,Business,1500000.0,48,3020000.0,Urban,1
LN2025104199,37,Male,Married,2,SEP,11,94900.0,45900.0,19200.0,746,Business,470000.0,24,0.0,Urban,1
LN2025107885,34,Female,Married,3,Salaried,14,18200.0,0.0,0.0,847,Personal,500000.0,12,0.0,Urban,0
LN2025107421,52,Male,Married,0,Salaried,29,32000.0,25800.0,7400.0,534,Home,3380000.0,180,3710000.0,Rural,0
LN2025106164,41,Male,Divorced,0,SEP,14,131600.0,0.0,34300.0,799,Vehicle,110000.0,12,120000.0,Urban,1
LN2025104571,38,Male,Married,1,SEP,12,123700.0,0.0,18000.0,747,Vehicle,70000.0,36,100000.0,Urban,1
LN2025100202,39,Male,Married,2,Salaried,16,50700.0,0.0,0.0,785,Personal,480000.0,48,0.0,Semi-Urban,1
LN2025108566,39,Male,Married,3,Salaried,15,43000.0,27900.0,0.0,632,Home,3990000.0,240,5940000.0,Rural,0
LN2025105541,56,Male,Married,2,SENP,33,172700.0,0.0,0.0,719,Vehicle,990000.0,60,1100000.0,Urban,1
LN2025102530,27,Female,Single,0,Salaried,2,28600.0,0.0,4800.0,624,Personal,150000.0,36,0.0,Urban,0
LN2025109558,51,Male,Married,1,SEP,21,213900.0,0.0,48900.0,808,Vehicle,4000000.0,60,4320000.0,Urban,1
LN2025108430,38,Male,Married,1,Salaried,13,33300.0,0.0,6100.0,-1,Personal,180000.0,36,0.0,Rural,0
LN2025106335,25,Male,Single,0,Salaried,4,26900.0,0.0,0.0,708,Personal,230000.0,48,0.0,Semi-Urban,0
LN2025108692,49,Male,Married,3,SENP,28,134200.0,0.0,0.0,796,Personal,1530000.0,60,0.0,Semi-Urban,1
LN2025103747,22,Unknown,Single,0,SENP,0,51600.0,0.0,11800.0,708,Vehicle,720000.0,60,730000.0,Semi-Urban,1
LN2025104345,50,Male,Married,2,Salaried,26,69200.0,30300.0,0.0,765,Personal,230000.0,24,0.0,Urban,1
LN2025107635,47,Male,Married,0,Salaried,27,63400.0,0.0,0.0,728,Home,2670000.0,120,6310000.0,Urban,0
LN2025104077,48,Male,Married,3,Salaried,25,135000.0,0.0,0.0,725,Personal,1260000.0,60,0.0,Urban,1
LN2025109081,40,Male,Married,1,Salaried,16,126800.0,41200.0,18400.0,765,Home,4620000.0,240,7050000.0,Urban,1
LN2025104500,35,Female,Married,1,Salaried,11,103600.0,0.0,0.0,691,Home,2800000.0,240,3940000.0,Urban,1
LN2025104674,34,Male,Married,3,Salaried,12,44000.0,0.0,0.0,768,Vehicle,340000.0,60,410000.0,Semi-Urban,1
LN2025107444,45,Male,Married,1,SENP,26,125600.0,32200.0,0.0,732,Home,3740000.0,240,4890000.0,Urban,1
LN2025107250,34,Male,Married,3,Salaried,10,25200.0,0.0,0.0,-1,Personal,120000.0,48,0.0,Urban,1
LN2025108847,28,Male,Single,0,Salaried,6,27200.0,0.0,3800.0,782,Personal,300000.0,24,0.0,Urban,0
LN2025109224,35,Male,Married,1,Salaried,14,42300.0,53000.0,0.0,786,Home,5070000.0,180,7120000.0,Rural,1
LN2025101964,36,Male,Single,0,Salaried,15,50200.0,0.0,0.0,736,Vehicle,70000.0,36,80000.0,Urban,1
LN2025107482,49,Female,Married,2,Salaried,26,59400.0,0.0,17200.0,862,Personal,120000.0,36,0.0,Urban,1
LN2025104311,45,Female,Married,2,Salaried,23,116300.0,0.0,13800.0,774,Personal,720000.0,12,0.0,Semi-Urban,0
LN2025101723,28,Male,Single,0,Salaried,6,18300.0,0.0,8700.0,703,Home,940000.0,240,1480000.0,Urban,0
LN2025100894,48,Male,Married,2,Salaried,26,96800.0,0.0,0.0,750,Personal,770000.0,36,0.0,Rural,1
LN2025101667,33,Female,Married,0,Salaried,12,92700.0,85400.0,0.0,823,Home,7860000.0,240,15670000.0,Urban,1
LN2025102380,33,Female,Single,0,Salaried,8,68700.0,0.0,23200.0,674,Home,2030000.0,180,2850000.0,Semi-Urban,0
LN2025102829,37,Male,Single,0,SEP,8,82600.0,0.0,0.0,835,Business,1060000.0,60,2590000.0,Rural,1
LN2025101978,33,Male,Single,0,Salaried,11,45200.0,0.0,13800.0,728,Personal,190000.0,24,0.0,Urban,0
LN2025104073,37,Male,Single,0,Salaried,12,32900.0,0.0,0.0,813,Home,1200000.0,240,2090000.0,Semi-Urban,1
LN2025107703,65,Male,Single,1,SENP,37,184100.0,0.0,6700.0,709,Business,1980000.0,24,0.0,Semi-Urban,0
LN2025107659,41,Male,Married,0,Salaried,16,90000.0,0.0,9900.0,900,Personal,270000.0,24,0.0,Urban,1
LN2025100240,39,Male,Married,1,Salaried,14,30500.0,0.0,0.0,816,Home,1190000.0,240,1870000.0,Semi-Urban,1
LN2025106423,26,Female,Married,1,SENP,0,50000.0,16200.0,0.0,710,Vehicle,420000.0,60,1030000.0,Semi-Urban,0
LN2025101639,44,Male,Divorced,0,Salaried,20,56400.0,0.0,14500.0,695,Personal,310000.0,48,0.0,Semi-Urban,1
LN2025100658,43,Female,Widowed,0,Salaried,18,120700.0,0.0,0.0,805,Personal,370000.0,24,0.0,Urban,1
LN2025109054,25,Male,Married,2,SENP,4,103000.0,100000.0,27300.0,710,Business,390000.0,36,650000.0,Semi-Urban,1
LN2025106699,30,Male,Married,1,SENP,8,57900.0,53100.0,2500.0,732,Business,670000.0,36,0.0,Urban,0
LN2025107662,34,Male,Married,0,Salaried,13,18700.0,0.0,1100.0,819,Vehicle,110000.0,36,110000.0,Rural,1
LN2025100749,28,Male,Married,3,Salaried,3,49500.0,23700.0,15300.0,799,Home,1910000.0,240,2660000.0,Urban,1
LN2025101126,42,Male,Married,2,Salaried,20,51000.0,0.0,0.0,616,Vehicle,570000.0,36,610000.0,Semi-Urban,0
LN2025106062,37,Male,Married,1,Salaried,16,24800.0,0.0,3400.0,758,Home,740000.0,360,850000.0,Rural,1
LN2025107298,29,Male,Married,1,Salaried,8,108000.0,0.0,25800.0,786,Home,4230000.0,180,5000000.0,Urban,0
LN2025102967,50,Male,Single,0,SENP,26,44800.0,25700.0,0.0,820,Business,410000.0,36,0.0,Semi-Urban,1
LN2025101332,22,Male,Single,3,Salaried,0,33400.0,0.0,6000.0,683,Personal,330000.0,36,0.0,Rural,0
LN2025105879,41,Female,Married,3,Salaried,20,80200.0,0.0,6700.0,733,Home,3090000.0,180,3490000.0,Rural,0
LN2025106636,20,Male,Single,0,Salaried,0,36700.0,29500.0,16400.0,-1,Home,3390000.0,180,6360000.0,Rural,0
LN2025105259,38,Male,Married,2,Salaried,13,54700.0,103800.0,0.0,791,Home,2090000.0,240,3790000.0,Urban,1
LN2025100135,25,Male,Single,0,Salaried,2,48100.0,0.0,0.0,781,Vehicle,580000.0,60,680000.0,Rural,1
LN2025106237,34,Male,Married,1,SENP,12,44800.0,50100.0,16800.0,688,Personal,870000.0,24,0.0,Urban,0
LN2025104613,38,Male,Married,3,SENP,11,44200.0,45100.0,0.0,817,Business,190000.0,12,0.0,Urban,1
LN2025109818,31,Male,Married,1,SENP,6,113900.0,0.0,0.0,768,Vehicle,610000.0,60,840000.0,Urban,1
LN2025106666,33,Female,Married,1,Salaried,8,54500.0,28800.0,10900.0,661,Vehicle,580000.0,48,630000.0,Semi-Urban,0
LN2025101544,26,Male,Single,0,Salaried,5,84900.0,0.0,0.0,653,Personal,1050000.0,24,0.0,Urban,0
LN2025102431,33,Male,Married,1,Salaried,9,68000.0,0.0,0.0,720,Personal,420000.0,12,0.0,Semi-Urban,0
LN2025102409,42,Male,Married,1,Salaried,19,32000.0,0.0,0.0,776,Home,1120000.0,180,1830000.0,Rural,1
LN2025106124,48,Male,Married,1,SEP,12,18600.0,30600.0,0.0,696,Personal,210000.0,60,0.0,Rural,1
LN2025101969,31,Male,Single,1,SENP,6,23500.0,0.0,3300.0,628,Business,560000.0,36,1060000.0,Semi-Urban,0
LN2025102464,36,Male,Married,1,SEP,6,38900.0,19200.0,0.0,735,Home,1350000.0,300,1840000.0,Urban,1
LN2025104487,45,Male,Married,1,SEP,17,239700.0,55500.0,0.0,752,Business,2800000.0,12,3960000.0,Semi-Urban,0
LN2025102960,34,Male,Married,2,Salaried,11,36300.0,0.0,0.0,-1,Vehicle,790000.0,48,840000.0,Rural,0
LN2025101638,32,Male,Single,1,Salaried,6,82900.0,29000.0,25200.0,741,Home,2110000.0,300,3360000.0,Urban,1
LN2025103897,27,Female,Married,3,Salaried,6,63200.0,0.0,0.0,705,Personal,360000.0,24,0.0,Urban,1
LN2025105573,33,Female,Married,2,SENP,12,102000.0,0.0,0.0,791,Vehicle,1360000.0,60,1490000.0,Urban,1
LN2025103778,29,Male,Married,3,SEP,2,51200.0,0.0,0.0,730,Home,1540000.0,180,2300000.0,Urban,0
LN2025101538,47,Female,Married,1,SEP,17,68500.0,0.0,17300.0,766,Personal,550000.0,60,0.0,Urban,1
LN2025109413,45,Male,Married,1,Salaried,23,141400.0,0.0,9800.0,811,Personal,1590000.0,24,0.0,Urban,1
LN2025109499,47,Female,Single,2,Salaried,12,64000.0,0.0,600.0,741,Personal,350000.0,24,0.0,Rural,1
LN2025104709,62,Male,Married,1,Salaried,41,76800.0,0.0,8800.0,727,Vehicle,70000.0,24,100000.0,Semi-Urban,0
LN2025100597,32,Female,Married,0,Salaried,10,48900.0,66800.0,0.0,701,Home,9640000.0,180,17530000.0,Urban,0
LN2025104198,43,Unknown,Unknown,3,Salaried,19,41400.0,84400.0,0.0,700,Personal,500000.0,60,0.0,Urban,1
LN2025100969,30,Female,Married,0,Salaried,7,33100.0,58900.0,4900.0,748,Home,3630000.0,360,6880000.0,Urban,1
LN2025103275,48,Male,Married,1,SENP,21,70200.0,81400.0,0.0,769,Home,5280000.0,180,5910000.0,Semi-Urban,0
LN2025100587,26,Female,Married,2,Salaried,1,18500.0,0.0,0.0,730,Home,500000.0,240,670000.0,Urban,1
LN2025107102,39,Female,Married,3,SENP,11,114400.0,68200.0,39900.0,744,Business,1180000.0,36,0.0,Urban,1
LN2025101194,52,Male,Married,2,SENP,23,199300.0,0.0,0.0,900,Business,950000.0,84,0.0,Urban,1
LN2025104273,31,Male,Married,2,SEP,5,29500.0,0.0,0.0,647,Business,680000.0,36,0.0,Semi-Urban,0
LN2025107090,38,Male,Married,1,Salaried,13,29500.0,0.0,0.0,608,Personal,140000.0,12,0.0,Semi-Urban,0
LN2025101584,39,Female,Married,2,Salaried,15,51500.0,0.0,0.0,641,Home,1210000.0,180,1890000.0,Urban,0
LN2025109246,46,Female,Married,1,Salaried,20,28700.0,44200.0,0.0,698,Home,3890000.0,120,5830000.0,Urban,0
LN2025108822,26,Male,Single,0,SENP,6,34600.0,0.0,14300.0,761,Home,660000.0,240,790000.0,Urban,0
LN2025107317,27,Male,Married,2,Salaried,3,61600.0,0.0,3000.0,747,Vehicle,830000.0,48,980000.0,Urban,1
LN2025104796,53,Male,Married,1,Salaried,31,58000.0,0.0,0.0,752,Personal,1500000.0,60,0.0,Rural,0
LN2025102335,47,Male,Married,3,SENP,25,40000.0,0.0,0.0,778,Home,2100000.0,180,3130000.0,Urban,1
LN2025104946,56,Female,Married,3,SENP,30,134200.0,9200.0,17300.0,782,Business,1850000.0,48,4100000.0,Rural,1
LN2025105390,33,Male,Married,3,Salaried,8,17000.0,0.0,0.0,856,Personal,190000.0,24,0.0,Semi-Urban,0
LN2025108096,42,Male,Married,1,Salaried,17,28000.0,0.0,0.0,771,Personal,130000.0,60,0.0,Rural,1
LN2025109585,24,Male,Single,0,Salaried,0,21100.0,35800.0,0.0,-1,Vehicle,350000.0,48,420000.0,Rural,0
LN2025107520,32,Male,Married,2,Salaried,10,32600.0,0.0,0.0,665,Vehicle,270000.0,48,300000.0,Urban,0
LN2025106111,31,Male,Single,0,Salaried,7,17900.0,0.0,6200.0,700,Personal,50000.0,24,0.0,Rural,0
LN2025106971,44,Male,Married,2,SENP,18,126400.0,0.0,16600.0,754,Home,7010000.0,240,11140000.0,Urban,1
LN2025104272,38,Male,Married,3,Salaried,16,66500.0,0.0,0.0,767,Home,3710000.0,180,8170000.0,Urban,1
LN2025103875,30,Female,Married,1,Salaried,9,84600.0,81500.0,53400.0,746,Home,2230000.0,240,3380000.0,Urban,1
LN2025103063,37,Male,Married,3,Salaried,14,70700.0,0.0,0.0,789,Personal,200000.0,36,0.0,Urban,1
LN2025104843,26,Male,Single,0,Salaried,5,31300.0,0.0,1100.0,629,Vehicle,130000.0,12,180000.0,Urban,0
LN2025102703,30,Female,Married,1,Salaried,6,41700.0,0.0,0.0,772,Home,1700000.0,180,2050000.0,Semi-Urban,1
LN2025107726,34,Male,Single,0,Salaried,10,56200.0,0.0,0.0,723,Personal,450000.0,36,0.0,Semi-Urban,1
LN2025107627,31,Male,Married,0,Salaried,8,32900.0,0.0,0.0,745,Personal,290000.0,36,0.0,Urban,0
LN2025101916,38,Male,Married,2,SENP,15,90900.0,0.0,0.0,826,Business,410000.0,48,810000.0,Semi-Urban,1
LN2025109794,41,Male,Married,3,SEP,14,54000.0,38000.0,21900.0,760,Home,2600000.0,240,3780000.0,Urban,1
LN2025100524,66,Male,Married,2,SENP,37,100200.0,0.0,2000.0,752,Personal,870000.0,36,0.0,Urban,0
LN2025102559,27,Male,Single,0,Salaried,9,37600.0,0.0,0.0,-1,Personal,350000.0,36,0.0,Urban,0
LN2025108844,26,Female,Single,0,Salaried,5,27000.0,24100.0,10000.0,748,Vehicle,50000.0,12,60000.0,Semi-Urban,1
LN2025105508,35,Male,Married,1,Salaried,11,43600.0,0.0,0.0,695,Personal,260000.0,60,0.0,Rural,1
LN2025107168,36,Male,Married,2,Salaried,10,36800.0,0.0,13300.0,715,Personal,260000.0,36,0.0,Semi-Urban,0
LN2025104627,42,Male,Married,3,Salaried,18,144100.0,0.0,0.0,791,Personal,2230000.0,60,0.0,Urban,1
LN2025103011,44,Male,Single,0,Salaried,23,93000.0,0.0,0.0,768,Personal,440000.0,36,0.0,Urban,1
LN2025109153,21,Male,Single,3,SENP,3,28100.0,0.0,0.0,738,Vehicle,310000.0,60,340000.0,Semi-Urban,0
LN2025109212,26,Male,Single,0,Salaried,2,28700.0,0.0,0.0,897,Personal,220000.0,60,0.0,Semi-Urban,1
LN2025103819,33,Male,Married,1,Salaried,12,59100.0,47900.0,27500.0,729,Personal,680000.0,60,0.0,Semi-Urban,1
LN2025109513,42,Male,Married,1,Salaried,19,85700.0,18300.0,47200.0,742,Home,3290000.0,180,3890000.0,Urban,0
LN2025104422,33,Female,Married,3,Salaried,11,63300.0,0.0,0.0,741,Personal,790000.0,36,0.0,Semi-Urban,1
LN2025100853,31,Male,Married,0,Salaried,8,34200.0,0.0,13400.0,655,Personal,260000.0,24,0.0,Semi-Urban,0
LN2025107511,31,Male,Married,1,Salaried,7,31400.0,0.0,0.0,768,Vehicle,60000.0,24,80000.0,Urban,1
LN2025106389,38,Male,Married,1,SEP,12,234800.0,0.0,0.0,753,Vehicle,2260000.0,60,2520000.0,Urban,1
LN2025103168,42,Male,Married,2,SENP,19,89200.0,28000.0,14700.0,779,Home,5510000.0,240,7680000.0,Semi-Urban,1
LN2025109039,35,Male,Married,3,Salaried,6,44900.0,172700.0,12400.0,771,Home,5680000.0,180,8160000.0,Urban,1
LN2025109533,41,Female,Widowed,2,SENP,17,60200.0,13800.0,34300.0,754,Home,6120000.0,240,13570000.0,Rural,0
LN2025108396,31,Male,Married,1,Salaried,10,14300.0,29700.0,0.0,766,Home,810000.0,240,1190000.0,Rural,1
LN2025101757,31,Female,Single,0,SENP,3,22500.0,0.0,0.0,-1,Business,130000.0,84,350000.0,Rural,1
LN2025108015,31,Male,Married,2,Salaried,7,21300.0,0.0,0.0,688,Personal,130000.0,36,0.0,Semi-Urban,1
LN2025102200,41,Male,Single,2,SENP,13,43200.0,0.0,9700.0,785,Business,290000.0,36,0.0,Rural,0
LN2025102525,24,Male,Single,0,SEP,0,24700.0,0.0,8100.0,-1,Home,730000.0,240,1030000.0,Rural,0
LN2025108668,45,Male,Married,1,Salaried,20,94100.0,0.0,28400.0,764,Personal,820000.0,36,0.0,Urban,0
LN2025104504,33,Male,Married,1,SEP,5,84400.0,0.0,0.0,825,Vehicle,500000.0,48,590000.0,Urban,1
LN2025106287,36,Female,Married,3,SENP,15,100500.0,44600.0,0.0,736,Home,1880000.0,300,3200000.0,Urban,1
LN2025102870,56,Male,Married,0,SENP,28,305000.0,12200.0,0.0,675,Business,1640000.0,36,0.0,Urban,0
LN2025106966,51,Transgender,Single,1,SENP,24,93500.0,0.0,17800.0,581,Vehicle,130000.0,36,140000.0,Urban,0
LN2025107797,30,Female,Married,2,Salaried,5,32500.0,0.0,0.0,747,Vehicle,170000.0,36,170000.0,Urban,1
LN2025102000,39,Female,Married,2,Salaried,15,28600.0,0.0,400.0,688,Personal,190000.0,48,0.0,Urban,1
LN2025103216,46,Female,Married,3,Salaried,24,81400.0,0.0,0.0,760,Personal,420000.0,12,0.0,Semi-Urban,1
LN2025100232,44,Male,Married,2,SENP,21,14600.0,34300.0,5500.0,701,Personal,310000.0,48,0.0,Rural,1
LN2025100328,28,Female,Married,2,Salaried,5,27700.0,0.0,0.0,798,Personal,270000.0,36,0.0,Rural,1
LN2025102987,38,Male,Married,0,SENP,14,20700.0,70200.0,10700.0,710,Vehicle,100000.0,36,130000.0,Semi-Urban,1
LN2025100774,42,Male,Married,1,SENP,16,121400.0,0.0,0.0,795,Vehicle,1160000.0,48,1610000.0,Rural,1
LN2025108897,54,Male,Married,1,SENP,25,264800.0,0.0,0.0,646,Vehicle,3930000.0,60,5420000.0,Urban,0
LN2025101642,51,Female,Married,3,SEP,21,75200.0,0.0,0.0,738,Business,560000.0,60,0.0,Rural,1
LN2025109243,41,Unknown,Married,1,SEP,14,67600.0,0.0,0.0,809,Vehicle,110000.0,12,130000.0,Urban,1
LN2025103582,29,Male,Married,1,Salaried,3,31100.0,18600.0,0.0,635,Home,2020000.0,240,2480000.0,Semi-Urban,0
LN2025100309,40,Male,Married,2,Salaried,16,28800.0,0.0,6100.0,707,Vehicle,120000.0,24,170000.0,Urban,0
LN2025109155,46,Male,Married,2,SENP,17,198800.0,0.0,0.0,727,Vehicle,3470000.0,60,4340000.0,Urban,1
LN2025102191,34,Male,Married,1,Salaried,11,35400.0,0.0,0.0,782,Personal,120000.0,36,0.0,Urban,1
LN2025102046,26,Male,Married,3,Salaried,1,41400.0,10400.0,0.0,672,Vehicle,130000.0,36,160000.0,Semi-Urban,1
LN2025105989,40,Male,Married,3,Salaried,17,77800.0,0.0,0.0,827,Home,3020000.0,240,5660000.0,Urban,1
LN2025103528,48,Male,Married,3,SENP,26,136400.0,0.0,19400.0,700,Vehicle,880000.0,36,1030000.0,Urban,1
LN2025106040,50,Female,Married,2,Salaried,24,61300.0,0.0,0.0,778,Personal,320000.0,24,0.0,Urban,1
LN2025103608,28,Male,Single,1,Salaried,4,46700.0,0.0,0.0,720,Personal,360000.0,24,0.0,Urban,1
LN2025101756,31,Male,Single,0,Salaried,5,23300.0,0.0,2600.0,-1,Vehicle,420000.0,48,170000.0,Urban,0
LN2025104585,63,Male,Married,1,SENP,33,79600.0,0.0,5000.0,764,Vehicle,890000.0,60,1220000.0,Urban,0
LN2025102043,29,Male,Single,0,Salaried,7,31800.0,0.0,0.0,694,Personal,260000.0,60,0.0,Urban,1
LN2025103069,40,Male,Married,0,SENP,16,170100.0,0.0,0.0,691,Business,800000.0,60,0.0,Urban,1
LN2025104084,53,Male,Widowed,1,Salaried,30,103800.0,21500.0,0.0,739,Home,6630000.0,120,8040000.0,Rural,0
LN2025105079,38,Male,Unknown,0,Salaried,16,35700.0,0.0,4600.0,809,Home,1120000.0,180,1750000.0,Rural,1
LN2025102059,36,Male,Married,3,Salaried,14,60500.0,0.0,0.0,666,Personal,780000.0,36,0.0,Urban,0
LN2025104067,48,Male,Married,2,Salaried,27,73600.0,0.0,0.0,781,Personal,1210000.0,36,0.0,Rural,1
LN2025101504,48,Male,Married,0,Salaried,25,95000.0,0.0,21700.0,855,Personal,390000.0,36,0.0,Urban,1
LN2025104455,37,Male,Married,3,Salaried,16,55700.0,16200.0,0.0,697,Home,1760000.0,240,1910000.0,Rural,0
LN2025103212,51,Male,Married,3,SEP,23,224800.0,0.0,0.0,788,Personal,2100000.0,36,0.0,Urban,1
LN2025103389,21,Male,Single,0,Salaried,0,45300.0,0.0,0.0,739,Personal,330000.0,36,0.0,Semi-Urban,0
LN2025108265,46,Male,Married,2,SEP,17,122400.0,0.0,40500.0,707,Personal,570000.0,60,0.0,Urban,1
LN2025100315,44,Male,Single,2,Salaried,23,105400.0,0.0,45400.0,721,Vehicle,820000.0,48,860000.0,Semi-Urban,0
LN2025106782,46,Female,Married,2,Salaried,23,57700.0,0.0,0.0,793,Personal,390000.0,36,0.0,Rural,1
LN2025102027,33,Male,Single,2,Salaried,11,18200.0,0.0,3600.0,704,Personal,120000.0,36,0.0,Rural,1
LN2025105947,29,Male,Married,2,Salaried,7,27900.0,0.0,0.0,667,Vehicle,240000.0,36,250000.0,Urban,1
LN2025100624,41,Male,Married,2,Salaried,16,52200.0,16600.0,5000.0,811,Home,1740000.0,180,2910000.0,Semi-Urban,1
LN2025103053,38,Female,Married,1,SEP,10,48100.0,126300.0,0.0,662,Personal,960000.0,48,0.0,Semi-Urban,1
LN2025102737,39,Male,Married,2,SENP,11,59100.0,0.0,0.0,648,Home,1760000.0,120,2400000.0,Rural,0
LN2025108927,38,Male,Married,1,Salaried,15,60600.0,84000.0,0.0,685,Vehicle,100000.0,12,110000.0,Urban,1
LN2025108454,38,Male,Married,2,SENP,17,54600.0,153900.0,16200.0,726,Home,2805000.0,180,10320000.0,Urban,1
LN2025108825,32,Male,Single,0,SENP,8,68400.0,0.0,0.0,776,Vehicle,120000.0,24,150000.0,Urban,1
LN2025104174,39,Female,Married,1,Salaried,16,25400.0,0.0,0.0,710,Personal,130000.0,24,0.0,Urban,1
LN2025100733,48,Female,Married,0,Salaried,24,96700.0,0.0,0.0,777,Personal,300000.0,48,0.0,Urban,1
LN2025106898,35,Female,Married,1,Salaried,13,32900.0,0.0,0.0,562,Vehicle,410000.0,36,450000.0,Semi-Urban,0
LN2025102021,32,Male,Married,2,Salaried,11,19200.0,17000.0,2000.0,760,Vehicle,290000.0,84,360000.0,Semi-Urban,1
LN2025104740,32,Male,Married,1,Salaried,9,30500.0,0.0,0.0,632,Vehicle,310000.0,84,330000.0,Semi-Urban,0
LN2025108379,36,Female,Married,1,Salaried,15,27700.0,0.0,0.0,781,Vehicle,100000.0,24,140000.0,Urban,1
LN2025100843,26,Female,Single,3,Salaried,5,32000.0,41100.0,0.0,607,Home,2510000.0,180,3100000.0,Rural,0
LN2025103777,49,Male,Single,0,SEP,21,529700.0,0.0,0.0,689,Home,24480000.0,180,36510000.0,Urban,1
LN2025103366,38,Male,Married,1,Salaried,12,84000.0,29800.0,0.0,669,Vehicle,1120000.0,48,1500000.0,Semi-Urban,0
LN2025104335,27,Male,Single,0,Salaried,6,29600.0,0.0,0.0,747,Personal,160000.0,48,0.0,Semi-Urban,1
LN2025102762,45,Male,Married,2,Salaried,20,37100.0,11300.0,19600.0,622,Personal,340000.0,24,0.0,Rural,0
LN2025107176,29,Male,Married,3,Salaried,6,40900.0,0.0,0.0,656,Vehicle,450000.0,60,580000.0,Urban,1
LN2025109130,30,Male,Married,1,Salaried,6,56600.0,0.0,8700.0,721,Home,2470000.0,180,3670000.0,Urban,0
LN2025101358,48,Male,Married,2,SENP,24,85100.0,0.0,17300.0,761,Business,950000.0,60,0.0,Rural,1
LN2025107085,45,Female,Married,0,SEP,16,70200.0,44300.0,0.0,697,Home,2890000.0,240,4890000.0,Rural,1
LN2025108849,47,Male,Married,1,SENP,22,75200.0,29700.0,7800.0,727,Business,830000.0,12,1280000.0,Urban,0
LN2025103018,36,Male,Married,0,Salaried,12,23500.0,0.0,0.0,730,Personal,250000.0,24,0.0,Urban,0
LN2025103459,30,Male,Married,0,Salaried,8,34200.0,0.0,4400.0,739,Personal,160000.0,60,0.0,Semi-Urban,1
LN2025103631,26,Male,Single,0,Salaried,3,29800.0,0.0,6300.0,729,Personal,250000.0,48,0.0,Urban,1
LN2025107611,46,Male,Married,2,SEP,16,30900.0,16500.0,0.0,812,Home,1490000.0,180,1710000.0,Rural,1
LN2025100671,34,Male,Married,2,Salaried,13,71000.0,0.0,0.0,784,Personal,690000.0,24,0.0,Urban,1
LN2025100194,22,Female,Single,0,Salaried,0,26700.0,0.0,0.0,791,Home,930000.0,240,2000000.0,Urban,0
LN2025100099,30,Female,Single,0,Salaried,7,75300.0,21600.0,27900.0,772,Personal,820000.0,48,0.0,Urban,0
LN2025101243,26,Male,Single,0,SENP,4,13400.0,0.0,0.0,769,Business,140000.0,36,380000.0,Rural,0
LN2025104064,26,Male,Single,0,SEP,0,106500.0,0.0,0.0,733,Business,590000.0,60,1200000.0,Urban,0
LN2025100287,31,Male,Married,1,Salaried,10,60600.0,0.0,0.0,824,Personal,600000.0,24,0.0,Urban,1
LN2025105286,24,Male,Single,0,SEP,0,238600.0,0.0,0.0,599,Home,8130000.0,120,11220000.0,Semi-Urban,0
LN2025109117,26,Male,Single,1,Salaried,1,21100.0,10300.0,0.0,708,Home,1260000.0,120,2390000.0,Rural,0
LN2025106235,40,Female,Married,2,SENP,18,30600.0,0.0,5000.0,738,Personal,530000.0,24,0.0,Urban,0
LN2025104675,32,Male,Married,3,Salaried,9,26700.0,18300.0,0.0,698,Vehicle,180000.0,48,180000.0,Semi-Urban,0
LN2025102693,40,Male,Married,2,Salaried,18,41300.0,0.0,0.0,783,Home,750000.0,240,1290000.0,Rural,1
LN2025102078,51,Male,Married,2,SENP,30,43400.0,20300.0,10700.0,855,Business,170000.0,60,0.0,Semi-Urban,1
LN2025101149,24,Male,Single,0,SEP,0,129600.0,0.0,0.0,658,Business,2270000.0,60,0.0,Urban,0
LN2025108956,33,Female,Married,0,Salaried,13,41900.0,84300.0,6800.0,828,Home,8020000.0,180,8710000.0,Urban,0
LN2025109151,43,Male,Married,3,Salaried,20,67300.0,0.0,11600.0,734,Personal,560000.0,60,0.0,Urban,1
LN2025104107,32,Unknown,Married,2,Salaried,6,18800.0,21500.0,2900.0,783,Vehicle,480000.0,60,540000.0,Rural,1
LN2025109611,50,Male,Divorced,0,SENP,30,1072200.0,0.0,102800.0,787,Personal,4000000.0,36,0.0,Urban,1
LN2025108331,35,Female,Married,3,Salaried,10,35900.0,0.0,0.0,825,Home,1140000.0,180,1220000.0,Semi-Urban,0
LN2025102788,32,Male,Married,3,Salaried,8,43100.0,0.0,0.0,-1,Personal,600000.0,24,0.0,Semi-Urban,0
LN2025100039,43,Female,Unknown,3,SENP,20,61800.0,0.0,0.0,778,Business,1340000.0,48,0.0,Semi-Urban,0
LN2025109404,48,Male,Married,1,Salaried,26,97900.0,0.0,0.0,789,Vehicle,720000.0,84,1000000.0,Urban,1
LN2025105662,43,Male,Married,3,Salaried,19,58300.0,95200.0,0.0,792,Home,6440000.0,180,7830000.0,Urban,0
LN2025107544,49,Male,Married,2,Salaried,25,38500.0,0.0,9400.0,797,Vehicle,230000.0,48,240000.0,Rural,1
LN2025109511,61,Male,Married,2,SENP,34,64700.0,0.0,0.0,678,Business,1100000.0,24,1520000.0,Urban,0
LN2025109580,38,Female,Married,1,Salaried,14,73300.0,0.0,10500.0,625,Home,3230000.0,240,7910000.0,Urban,0
LN2025103429,35,Male,Married,3,SEP,6,47700.0,0.0,0.0,713,Personal,150000.0,48,0.0,Semi-Urban,1
LN2025107631,27,Female,Married,2,Salaried,5,39400.0,0.0,0.0,687,Personal,210000.0,12,0.0,Semi-Urban,0
LN2025108691,37,Male,Married,1,Salaried,15,66600.0,21900.0,0.0,767,Vehicle,420000.0,60,620000.0,Urban,1
LN2025101360,20,Male,Single,0,Salaried,0,50700.0,0.0,0.0,752,Personal,380000.0,12,0.0,Urban,0
LN2025106577,46,Female,Married,2,Salaried,21,60700.0,0.0,0.0,792,Vehicle,640000.0,48,660000.0,Urban,1
LN2025107036,28,Male,Single,0,Salaried,6,61500.0,0.0,24500.0,794,Home,2300000.0,240,3440000.0,Urban,0
LN2025100718,33,Female,Married,2,Salaried,11,45800.0,0.0,6600.0,603,Personal,290000.0,48,0.0,Rural,0
LN2025100342,47,Male,Married,2,SENP,20,217500.0,0.0,62400.0,806,Vehicle,3200000.0,60,3870000.0,Semi-Urban,1
LN2025104530,32,Male,Married,1,SEP,4,44600.0,0.0,0.0,727,Vehicle,610000.0,48,780000.0,Semi-Urban,1
LN2025103376,47,Male,Married,3,SEP,16,71100.0,35100.0,29900.0,813,Home,5080000.0,180,5970000.0,Semi-Urban,0
LN2025106029,41,Male,Single,1,Salaried,12,43300.0,0.0,0.0,775,Vehicle,500000.0,36,570000.0,Semi-Urban,1
LN2025101836,43,Female,Married,3,SEP,18,49600.0,79200.0,22600.0,-1,Business,1020000.0,60,2000000.0,Rural,0
LN2025108823,43,Female,Unknown,0,Salaried,23,79200.0,0.0,0.0,557,Personal,400000.0,36,0.0,Urban,0
LN2025106114,40,Female,Single,0,SENP,12,63200.0,0.0,0.0,779,Business,180000.0,60,0.0,Urban,1
LN2025101804,49,Male,Married,1,SENP,22,94000.0,0.0,0.0,739,Business,580000.0,36,0.0,Rural,0
LN2025101705,48,Male,Married,1,SENP,20,124300.0,0.0,0.0,690,Vehicle,820000.0,84,830000.0,Urban,1
LN2025103042,39,Female,Married,3,Salaried,16,32800.0,0.0,0.0,732,Vehicle,490000.0,48,600000.0,Rural,0
LN2025100059,54,Female,Married,3,Salaried,29,40700.0,0.0,0.0,788,Personal,340000.0,60,0.0,Urban,1
LN2025102302,39,Male,Married,0,Salaried,14,31600.0,0.0,0.0,789,Vehicle,250000.0,60,260000.0,Semi-Urban,1
LN2025106504,33,Male,Married,2,Salaried,10,48300.0,17700.0,0.0,-1,Personal,510000.0,60,0.0,Rural,1
LN2025106058,47,Female,Married,3,Salaried,25,61200.0,43300.0,0.0,732,Personal,1080000.0,24,0.0,Semi-Urban,0
LN2025103727,29,Male,Married,3,SENP,2,50900.0,0.0,0.0,755,Business,380000.0,12,0.0,Semi-Urban,0
LN2025105283,32,Female,Married,2,Salaried,9,21600.0,0.0,5200.0,606,Personal,270000.0,24,0.0,Rural,0
LN2025102809,35,Female,Married,1,Salaried,12,45500.0,18500.0,0.0,729,Vehicle,150000.0,36,210000.0,Semi-Urban,1
LN2025101185,36,Female,Married,0,Salaried,14,63100.0,62900.0,11200.0,717,Home,3760000.0,240,4090000.0,Urban,0
LN2025105597,40,Male,Married,2,Salaried,16,58700.0,0.0,0.0,756,Personal,370000.0,24,0.0,Urban,1
LN2025109135,32,Transgender,Married,1,Salaried,8,28100.0,0.0,0.0,791,Personal,70000.0,60,0.0,Semi-Urban,1
LN2025102984,28,Female,Single,2,Salaried,3,27400.0,0.0,5500.0,-1,Home,720000.0,240,1040000.0,Rural,0
LN2025104129,47,Male,Divorced,0,Salaried,25,83900.0,0.0,16500.0,670,Vehicle,2680000.0,84,3100000.0,Urban,0
LN2025102125,36,Male,Unknown,2,Salaried,13,50800.0,23500.0,0.0,830,Home,2930000.0,240,3450000.0,Rural,1
LN2025109427,32,Male,Single,0,Salaried,10,57700.0,0.0,0.0,791,Home,2190000.0,300,3350000.0,Urban,1
LN2025106112,49,Male,Married,2,Salaried,25,170100.0,11900.0,29700.0,756,Home,8310000.0,120,12370000.0,Urban,0
LN2025106894,35,Male,Married,1,SEP,10,123900.0,0.0,0.0,702,Business,1300000.0,48,0.0,Semi-Urban,1
LN2025108145,37,Male,Married,3,Salaried,15,58300.0,0.0,12500.0,507,Home,1960000.0,240,2850000.0,Semi-Urban,0
LN2025106182,32,Male,Married,1,Salaried,10,72400.0,0.0,0.0,795,Personal,420000.0,24,0.0,Rural,1
LN2025108545,26,Male,Single,1,Salaried,1,20200.0,32500.0,0.0,710,Vehicle,420000.0,60,550000.0,Urban,1
LN2025105796,48,Female,Married,0,Salaried,24,135200.0,0.0,32000.0,757,Personal,1220000.0,36,0.0,Urban,1
LN2025106246,22,Male,Single,0,Salaried,0,28400.0,0.0,0.0,777,Personal,190000.0,48,0.0,Rural,0
LN2025108465,42,Male,Married,1,Salaried,18,53700.0,50200.0,0.0,693,Home,3890000.0,180,5880000.0,Urban,1
LN2025105112,45,Female,Single,1,SENP,17,29200.0,0.0,0.0,690,Personal,140000.0,60,0.0,Semi-Urban,1
LN2025101694,38,Male,Single,0,Salaried,14,68700.0,0.0,7800.0,786,Home,3150000.0,240,3830000.0,Urban,0
LN2025101203,35,Female,Married,0,SENP,17,61100.0,34400.0,0.0,810,Home,3580000.0,300,5970000.0,Urban,1
LN2025100021,24,Male,Married,1,Salaried,2,38700.0,0.0,0.0,739,Vehicle,80000.0,24,90000.0,Rural,1
LN2025101781,44,Female,Married,2,SENP,18,135300.0,9100.0,36100.0,785,Business,910000.0,12,2430000.0,Urban,0
LN2025105031,45,Female,Married,1,SENP,16,72300.0,33000.0,13200.0,686,Business,260000.0,60,410000.0,Urban,1
LN2025106176,35,Male,Married,2,SEP,8,76400.0,72300.0,23800.0,800,Vehicle,60000.0,12,70000.0,Urban,1
LN2025105404,37,Male,Single,0,Salaried,17,30100.0,0.0,0.0,608,Personal,340000.0,36,0.0,Semi-Urban,0
LN2025103749,37,Male,Married,1,Salaried,14,23500.0,51100.0,6200.0,830,Home,7450000.0,180,8740000.0,Semi-Urban,0
LN2025103314,28,Male,Single,0,SEP,0,26400.0,0.0,4700.0,673,Home,800000.0,360,1620000.0,Semi-Urban,0
LN2025101440,48,Male,Married,3,SENP,21,69900.0,0.0,0.0,776,Personal,650000.0,48,0.0,Semi-Urban,1
LN2025109695,37,Male,Single,0,Salaried,12,39300.0,0.0,0.0,632,Vehicle,430000.0,84,470000.0,Urban,0
LN2025105825,22,Male,Single,0,SENP,0,123900.0,0.0,0.0,767,Home,4460000.0,300,5020000.0,Urban,0
LN2025104918,51,Male,Married,3,SEP,12,82100.0,0.0,27200.0,688,Home,2805000.0,120,3530000.0,Urban,0
LN2025105130,24,Male,Single,0,SENP,0,34000.0,0.0,0.0,-1,Business,250000.0,60,0.0,Semi-Urban,0
LN2025101713,41,Male,Married,0,Salaried,18,79000.0,0.0,2000.0,753,Business,770000.0,36,0.0,Urban,1
LN2025105049,35,Female,Married,3,Salaried,13,34900.0,0.0,0.0,799,Personal,230000.0,12,0.0,Semi-Urban,0
LN2025102370,43,Male,Married,3,Salaried,19,118400.0,0.0,0.0,672,Personal,1250000.0,24,0.0,Urban,1
LN2025101746,37,Male,Married,2,Salaried,12,21900.0,0.0,7400.0,616,Personal,80000.0,24,0.0,Urban,0
LN2025101238,23,Male,Single,0,Salaried,0,23200.0,0.0,0.0,733,Home,650000.0,240,1030000.0,Rural,0
LN2025100839,42,Male,Married,2,Salaried,21,69800.0,0.0,5900.0,786,Vehicle,1140000.0,36,1260000.0,Urban,0
LN2025107677,20,Male,Single,0,Salaried,0,55000.0,0.0,0.0,637,Personal,350000.0,24,0.0,Urban,0
LN2025108479,46,Male,Married,3,SENP,20,73400.0,0.0,0.0,769,Home,2020000.0,180,2520000.0,Rural,1
LN2025101182,42,Female,Married,2,Salaried,20,84300.0,0.0,0.0,682,Personal,300000.0,60,0.0,Urban,1
LN2025108025,40,Male,Married,0,Salaried,17,47000.0,0.0,0.0,788,Home,730000.0,300,1470000.0,Urban,0
LN2025100057,32,Male,Married,2,Salaried,9,92400.0,0.0,24000.0,721,Personal,370000.0,36,0.0,Semi-Urban,0
LN2025107279,37,Male,Married,0,Salaried,11,45300.0,0.0,11800.0,688,Personal,160000.0,60,0.0,Semi-Urban,1
LN2025100406,33,Female,Married,1,Salaried,12,56100.0,46400.0,0.0,779,Vehicle,380000.0,84,530000.0,Semi-Urban,1
LN2025105977,33,Female,Single,0,Salaried,12,51600.0,0.0,0.0,569,Home,960000.0,120,1090000.0,Urban,0
LN2025108783,32,Male,Married,1,Salaried,10,20200.0,0.0,0.0,781,Personal,140000.0,48,0.0,Urban,1
LN2025101488,37,Male,Single,0,Salaried,14,78200.0,58100.0,0.0,715,Home,6330000.0,180,8840000.0,Urban,1
LN2025103118,39,Female,Married,1,Salaried,18,32900.0,28400.0,12000.0,750,Home,1310000.0,240,3740000.0,Semi-Urban,1
LN2025109507,34,Male,Married,2,Salaried,11,38200.0,20200.0,3200.0,723,Vehicle,350000.0,84,350000.0,Urban,1
LN2025100563,34,Male,Married,1,Salaried,9,26000.0,0.0,0.0,747,Vehicle,240000.0,36,330000.0,Semi-Urban,1
LN2025101424,37,Male,Married,1,SEP,9,54200.0,25300.0,6000.0,730,Business,650000.0,60,1340000.0,Rural,1
LN2025101127,47,Female,Married,2,SEP,18,56700.0,0.0,0.0,741,Business,390000.0,12,0.0,Rural,0
LN2025103468,39,Male,Married,1,Salaried,14,28500.0,0.0,0.0,781,Personal,260000.0,24,0.0,Rural,1
LN2025106345,53,Male,Married,2,SENP,17,151200.0,0.0,0.0,821,Business,1740000.0,36,3020000.0,Semi-Urban,1
LN2025104132,28,Female,Married,2,Salaried,4,62200.0,0.0,2600.0,828,Personal,250000.0,60,0.0,Semi-Urban,1
LN2025103375,20,Male,Single,0,Salaried,0,46200.0,0.0,7000.0,686,Personal,120000.0,36,0.0,Urban,1
LN2025103809,20,Male,Single,0,Salaried,0,29100.0,26900.0,0.0,714,Home,1110000.0,180,2050000.0,Semi-Urban,0
LN2025106529,29,Male,Married,2,Salaried,5,27900.0,28900.0,0.0,820,Personal,360000.0,12,0.0,Urban,0
LN2025109391,47,Male,Married,0,SENP,19,206300.0,0.0,35700.0,672,Business,1570000.0,12,3980000.0,Urban,0
LN2025108912,25,Unknown,Single,2,Salaried,4,71300.0,0.0,7500.0,780,Personal,550000.0,48,0.0,Urban,1
LN2025102509,29,Male,Married,0,Salaried,9,169000.0,33500.0,0.0,734,Home,12800000.0,240,14720000.0,Semi-Urban,0
LN2025104303,28,Female,Married,2,Salaried,6,31200.0,21800.0,0.0,699,Home,1870000.0,300,2930000.0,Semi-Urban,1
LN2025104538,34,Female,Married,1,Salaried,13,26200.0,0.0,6500.0,730,Personal,150000.0,48,0.0,Rural,0
LN2025107533,21,Male,Single,0,Salaried,0,38900.0,0.0,10700.0,715,Personal,300000.0,24,0.0,Semi-Urban,0
LN2025102989,44,Male,Married,0,Salaried,18,52000.0,0.0,0.0,794,Personal,550000.0,48,0.0,Rural,1
LN2025103040,28,Male,Single,0,Salaried,7,47800.0,0.0,800.0,662,Personal,430000.0,36,0.0,Semi-Urban,0
LN2025100241,34,Female,Single,0,Salaried,11,47600.0,0.0,0.0,-1,Personal,1080000.0,36,0.0,Urban,0
LN2025107618,33,Male,Married,1,Salaried,9,62600.0,0.0,0.0,728,Personal,560000.0,12,0.0,Urban,0
LN2025107912,35,Male,Married,1,Salaried,9,44000.0,0.0,3200.0,757,Vehicle,380000.0,60,450000.0,Semi-Urban,1
LN2025100468,39,Female,Married,3,SENP,16,156900.0,0.0,0.0,786,Business,760000.0,36,0.0,Urban,1
LN2025105139,28,Female,Single,3,Salaried,5,30200.0,0.0,0.0,690,Vehicle,120000.0,12,130000.0,Semi-Urban,0
LN2025106046,40,Male,Married,1,Salaried,16,61400.0,83800.0,0.0,747,Home,5950000.0,240,8170000.0,Urban,1
LN2025101690,51,Female,Married,3,SEP,25,265600.0,31300.0,63000.0,734,Home,8860000.0,240,11090000.0,Urban,0
LN2025106703,48,Female,Married,2,SEP,19,137100.0,0.0,0.0,640,Home,4780000.0,180,8010000.0,Urban,0
LN2025102096,44,Female,Widowed,0,Salaried,22,47700.0,27200.0,20600.0,-1,Home,1460000.0,180,2170000.0,Rural,0
LN2025107964,35,Male,Single,1,Salaried,12,53300.0,0.0,14900.0,588,Home,1060000.0,240,1690000.0,Urban,0
LN2025104828,41,Male,Married,1,Salaried,16,54000.0,0.0,16600.0,768,Home,1820000.0,180,2230000.0,Urban,0
LN2025106250,38,Male,Married,3,Salaried,16,49900.0,0.0,0.0,687,Personal,300000.0,12,0.0,Semi-Urban,0
LN2025106202,49,Male,Widowed,0,SENP,21,67400.0,43700.0,0.0,800,Home,3790000.0,180,4310000.0,Urban,0
LN2025107859,38,Female,Married,1,SENP,17,49700.0,0.0,0.0,727,Home,1210000.0,300,2020000.0,Rural,1
LN2025108137,39,Male,Married,2,SENP,20,42200.0,0.0,0.0,709,Vehicle,400000.0,60,450000.0,Urban,1
LN2025108049,42,Female,Married,3,Salaried,19,42700.0,0.0,0.0,618,Personal,530000.0,60,0.0,Rural,0
LN2025105608,51,Female,Married,2,Salaried,29,79800.0,0.0,0.0,735,Home,3940000.0,240,5880000.0,Semi-Urban,0
LN2025105387,37,Male,Married,2,Salaried,16,50600.0,0.0,4100.0,732,Personal,390000.0,24,0.0,Urban,1
LN2025108599,35,Female,Married,1,Salaried,11,17600.0,32700.0,0.0,774,Personal,200000.0,24,0.0,Rural,0
LN2025103668,25,Male,Single,3,SENP,0,109300.0,0.0,0.0,874,Personal,410000.0,60,0.0,Rural,0
LN2025105329,24,Male,Single,0,Salaried,1,22300.0,0.0,0.0,795,Vehicle,160000.0,60,170000.0,Semi-Urban,1
LN2025103857,48,Male,Married,1,SEP,18,146000.0,0.0,0.0,801,Vehicle,1330000.0,48,1380000.0,Semi-Urban,1
LN2025109237,26,Female,Single,0,Salaried,3,15400.0,0.0,9400.0,743,Personal,70000.0,36,0.0,Urban,1
LN2025101558,24,Male,Single,3,Salaried,3,39400.0,49900.0,0.0,733,Home,2540000.0,300,3150000.0,Semi-Urban,1
LN2025104138,36,Male,Married,3,SEP,8,19700.0,0.0,1900.0,743,Personal,70000.0,24,0.0,Rural,1
LN2025106064,30,Male,Married,2,Salaried,9,18300.0,32700.0,13800.0,-1,Home,1800000.0,240,3230000.0,Rural,0
LN2025109127,36,Male,Married,1,Salaried,12,55100.0,75200.0,0.0,739,Personal,580000.0,24,0.0,Urban,1
LN2025106714,45,Male,Married,1,SEP,18,92200.0,0.0,0.0,732,Vehicle,140000.0,36,180000.0,Rural,1
LN2025107658,33,Female,Married,2,Salaried,9,27400.0,62200.0,0.0,815,Home,3280000.0,180,7520000.0,Semi-Urban,1
LN2025106027,21,Male,Single,0,Salaried,0,17000.0,0.0,0.0,746,Home,990000.0,180,1590000.0,Semi-Urban,0
LN2025100078,53,Male,Married,2,SENP,33,61500.0,0.0,0.0,708,Home,1500000.0,120,2140000.0,Urban,1
LN2025100344,43,Female,Married,2,SENP,16,25700.0,0.0,0.0,749,Personal,210000.0,48,0.0,Urban,1
LN2025104878,30,Male,Married,3,Salaried,5,48200.0,10100.0,0.0,702,Home,1970000.0,240,4560000.0,Urban,1
LN2025108318,39,Male,Married,1,SENP,10,41800.0,19500.0,0.0,719,Business,170000.0,12,0.0,Semi-Urban,1
LN2025104866,38,Male,Married,0,Salaried,18,28300.0,0.0,3600.0,683,Personal,120000.0,36,0.0,Semi-Urban,0
LN2025100833,27,Male,Married,2,SENP,0,126800.0,35100.0,0.0,771,Home,3860000.0,120,5760000.0,Urban,0
LN2025102050,48,Male,Single,3,Salaried,26,141100.0,0.0,23000.0,857,Personal,1020000.0,24,0.0,Urban,1
LN2025101402,38,Female,Married,1,SEP,8,67900.0,40000.0,0.0,788,Business,1620000.0,84,0.0,Urban,1
LN2025103096,36,Male,Married,0,SEP,7,128800.0,38200.0,0.0,746,Home,5020000.0,300,7420000.0,Urban,1
LN2025101949,36,Male,Married,3,Salaried,13,53500.0,0.0,0.0,641,Personal,380000.0,24,0.0,Semi-Urban,0
LN2025107530,42,Male,Married,0,Salaried,16,38600.0,0.0,7900.0,835,Personal,140000.0,24,0.0,Rural,1
LN2025108483,36,Male,Married,2,Salaried,10,57600.0,29900.0,0.0,699,Home,2000000.0,300,2330000.0,Semi-Urban,0
LN2025108627,48,Male,Unknown,1,Salaried,27,30900.0,76200.0,30600.0,700,Home,2650000.0,120,3380000.0,Urban,1
LN2025100891,37,Male,Married,1,SENP,9,83300.0,0.0,0.0,779,Vehicle,80000.0,36,110000.0,Urban,1
LN2025109251,45,Male,Married,0,Salaried,20,105300.0,74200.0,0.0,800,Personal,920000.0,48,0.0,Urban,1
LN2025108399,29,Male,Single,1,Salaried,11,24800.0,13800.0,0.0,696,Home,1450000.0,240,2450000.0,Urban,1
LN2025100319,61,Male,Married,3,SENP,40,82400.0,0.0,0.0,731,Personal,330000.0,12,0.0,Urban,0
LN2025101569,35,Female,Married,3,Salaried,11,39600.0,0.0,2300.0,664,Home,1600000.0,180,1810000.0,Semi-Urban,0
LN2025101383,43,Female,Married,2,Salaried,22,26200.0,17700.0,6900.0,750,Home,1380000.0,180,1940000.0,Rural,1
LN2025102888,38,Male,Single,2,Salaried,15,56000.0,0.0,9800.0,734,Business,700000.0,84,0.0,Urban,1
LN2025102298,34,Male,Married,0,SEP,5,55300.0,53300.0,0.0,785,Business,1340000.0,60,3080000.0,Urban,1
LN2025101515,38,Female,Married,1,Salaried,12,34200.0,0.0,0.0,742,Personal,250000.0,48,0.0,Urban,1
LN2025104400,38,Male,Married,0,Salaried,17,57300.0,31800.0,9100.0,745,Vehicle,1160000.0,60,1300000.0,Urban,1
LN2025105963,46,Male,Married,0,SENP,20,96000.0,0.0,14000.0,679,Business,980000.0,48,1640000.0,Semi-Urban,1
LN2025101592,36,Female,Married,2,Salaried,11,12700.0,0.0,0.0,707,Home,890000.0,240,2120000.0,Rural,0
LN2025105444,33,Female,Married,3,Salaried,9,31900.0,0.0,0.0,754,Vehicle,420000.0,36,280000.0,Urban,1
LN2025107768,39,Male,Married,3,SENP,13,35700.0,0.0,6800.0,701,Personal,180000.0,36,0.0,Semi-Urban,1
LN2025105043,30,Male,Married,1,Salaried,9,76500.0,45000.0,0.0,763,Vehicle,1380000.0,60,1770000.0,Semi-Urban,1
LN2025104819,32,Male,Married,0,Salaried,11,31600.0,0.0,0.0,716,Personal,200000.0,48,0.0,Semi-Urban,1
LN2025109228,38,Male,Married,1,SENP,11,84600.0,0.0,0.0,723,Home,2620000.0,180,3780000.0,Urban,1
LN2025104278,51,Male,Married,1,SENP,26,472600.0,50100.0,41400.0,761,Vehicle,3200000.0,48,3220000.0,Semi-Urban,1
LN2025100421,35,Male,Married,1,Salaried,13,134100.0,0.0,0.0,733,Personal,1100000.0,36,0.0,Urban,1
LN2025100958,37,Male,Married,1,Salaried,14,101100.0,25700.0,0.0,899,Personal,1040000.0,48,0.0,Urban,1
LN2025102658,43,Male,Unknown,3,Salaried,19,118100.0,0.0,12700.0,630,Personal,370000.0,60,0.0,Rural,0
LN2025106769,46,Male,Married,1,SENP,17,123600.0,0.0,8000.0,734,Vehicle,1430000.0,48,1430000.0,Semi-Urban,0
LN2025106619,53,Male,Widowed,0,SENP,33,135900.0,33900.0,46400.0,753,Business,1410000.0,12,0.0,Semi-Urban,0
LN2025106938,45,Male,Married,2,Salaried,21,36500.0,21600.0,10600.0,676,Home,2805000.0,180,3760000.0,Semi-Urban,0
LN2025107323,29,Female,Single,1,Salaried,4,27000.0,0.0,0.0,783,Vehicle,90000.0,12,120000.0,Urban,1
LN2025100183,28,Female,Single,0,Salaried,3,26200.0,0.0,0.0,819,Personal,210000.0,36,0.0,Semi-Urban,1
LN2025103108,26,Male,Single,0,Salaried,5,35300.0,0.0,6000.0,576,Personal,240000.0,24,0.0,Semi-Urban,0
LN2025107598,37,Male,Married,0,Salaried,12,36800.0,0.0,2000.0,680,Personal,270000.0,60,0.0,Urban,1
LN2025105478,39,Female,Married,0,SEP,10,126900.0,0.0,11800.0,748,Personal,390000.0,24,0.0,Semi-Urban,1
LN2025108985,21,Male,Single,0,Salaried,0,15100.0,27500.0,0.0,830,Home,2260000.0,120,2840000.0,Rural,0
LN2025102063,32,Male,Single,0,Salaried,9,121500.0,0.0,0.0,787,Vehicle,920000.0,48,1020000.0,Urban,1
LN2025109268,50,Unknown,Married,2,SEP,20,171000.0,19700.0,0.0,744,Business,1360000.0,60,0.0,Semi-Urban,1
LN2025109488,34,Unknown,Married,2,SENP,4,29200.0,0.0,0.0,756,Business,210000.0,12,0.0,Urban,0
LN2025105369,38,Male,Married,2,SENP,15,18500.0,33500.0,10600.0,680,Business,320000.0,60,0.0,Urban,1
LN2025103350,42,Male,Married,1,Salaried,20,94400.0,0.0,16600.0,695,Personal,400000.0,36,0.0,Urban,1
LN2025104648,45,Male,Unknown,0,Salaried,21,57000.0,0.0,1600.0,831,Vehicle,140000.0,12,140000.0,Rural,1
LN2025102386,31,Female,Married,2,Salaried,10,70400.0,0.0,0.0,-1,Vehicle,390000.0,60,550000.0,Urban,1
LN2025106917,37,Male,Married,0,SENP,12,79900.0,0.0,26900.0,670,Business,630000.0,48,0.0,Semi-Urban,0
LN2025108577,38,Male,Married,3,Salaried,13,24600.0,0.0,0.0,706,Vehicle,160000.0,84,160000.0,Rural,1
LN2025106629,36,Male,Married,1,Salaried,12,32400.0,35200.0,0.0,731,Home,1610000.0,240,2230000.0,Semi-Urban,0
LN2025109264,26,Male,Married,3,Salaried,2,45800.0,21200.0,0.0,705,Business,500000.0,36,670000.0,Urban,1
LN2025105604,31,Female,Married,3,Salaried,6,46600.0,0.0,0.0,711,Vehicle,220000.0,48,240000.0,Urban,1
LN2025104370,36,Male,Married,2,Salaried,12,66000.0,28200.0,700.0,848,Vehicle,1290000.0,84,1650000.0,Urban,1
LN2025102089,37,Male,Married,1,SEP,12,143700.0,18200.0,14200.0,749,Vehicle,420000.0,36,1720000.0,Semi-Urban,1
LN2025109296,31,Male,Single,0,Salaried,6,26000.0,0.0,3400.0,728,Home,1300000.0,240,2540000.0,Urban,0
LN2025108381,59,Male,Married,3,Salaried,35,75400.0,0.0,0.0,771,Home,2890000.0,240,4320000.0,Urban,1
LN2025105780,33,Male,Married,1,Salaried,12,29400.0,34100.0,0.0,690,Home,2110000.0,180,2490000.0,Semi-Urban,1
LN2025101732,42,Male,Married,1,SEP,15,187400.0,0.0,0.0,781,Personal,1460000.0,24,0.0,Urban,1
LN2025109570,42,Female,Married,2,SEP,14,59100.0,19700.0,0.0,757,Personal,380000.0,24,0.0,Urban,0
LN2025109002,23,Male,Single,0,Salaried,0,32500.0,0.0,0.0,687,Personal,140000.0,36,0.0,Urban,0
LN2025107391,44,Unknown,Married,3,SENP,24,165300.0,138000.0,29700.0,726,Vehicle,860000.0,84,870000.0,Urban,1
LN2025104396,31,Male,Married,2,SENP,8,92700.0,44300.0,40500.0,748,Vehicle,110000.0,12,150000.0,Semi-Urban,1
LN2025104332,30,Female,Married,1,SENP,4,123800.0,13700.0,0.0,879,Vehicle,1560000.0,60,2020000.0,Urban,1
LN2025102879,39,Female,Married,0,Salaried,18,54700.0,55700.0,0.0,-1,Home,2600000.0,240,4700000.0,Urban,1
LN2025102465,36,Female,Married,3,Salaried,15,55400.0,0.0,7400.0,719,Personal,450000.0,36,0.0,Rural,0
LN2025107863,43,Male,Married,0,SENP,17,34600.0,26800.0,0.0,686,Home,3230000.0,240,7230000.0,Semi-Urban,1
LN2025100168,32,Male,Single,0,SENP,7,71000.0,30900.0,0.0,721,Business,780000.0,12,0.0,Semi-Urban,0
LN2025108790,32,Male,Married,2,Salaried,10,25900.0,0.0,0.0,778,Vehicle,110000.0,12,130000.0,Semi-Urban,1
LN2025109820,64,Male,Married,3,SENP,41,54400.0,0.0,6000.0,540,Personal,560000.0,12,0.0,Urban,0
LN2025109265,25,Female,Married,1,Salaried,2,19800.0,0.0,5300.0,688,Vehicle,120000.0,84,150000.0,Urban,0
LN2025108486,41,Female,Married,1,SENP,17,12400.0,38300.0,16700.0,768,Home,2750000.0,180,5260000.0,Rural,0
LN2025107813,40,Female,Married,2,SEP,9,129600.0,0.0,0.0,793,Personal,910000.0,60,0.0,Semi-Urban,1
LN2025105564,39,Male,Married,1,Salaried,12,41200.0,0.0,11100.0,704,Vehicle,440000.0,48,520000.0,Rural,0
LN2025101775,36,Male,Married,1,SENP,12,75200.0,0.0,5200.0,788,Business,350000.0,60,0.0,Urban,1
LN2025105403,41,Male,Married,2,Salaried,20,111700.0,0.0,16500.0,633,Personal,990000.0,60,0.0,Urban,0
LN2025102656,23,Female,Single,0,Salaried,0,65300.0,32000.0,0.0,641,Home,5380000.0,360,6460000.0,Urban,0
LN2025107371,33,Male,Married,0,SEP,6,136100.0,57000.0,59700.0,743,Business,2830000.0,36,0.0,Semi-Urban,0
LN2025108314,23,Male,Married,2,Salaried,0,23800.0,0.0,0.0,742,Personal,290000.0,24,0.0,Urban,0
LN2025102973,61,Female,Married,1,SENP,32,133600.0,58200.0,0.0,861,Business,1060000.0,48,1630000.0,Urban,1
LN2025104398,39,Male,Married,1,Salaried,18,235700.0,0.0,0.0,755,Personal,2400000.0,60,0.0,Semi-Urban,1
LN2025102964,36,Female,Married,1,SEP,9,124800.0,0.0,14200.0,780,Vehicle,70000.0,24,70000.0,Rural,1
LN2025105736,39,Male,Married,1,Salaried,18,77200.0,0.0,0.0,835,Personal,390000.0,60,0.0,Semi-Urban,1
LN2025105835,33,Male,Single,0,Salaried,10,69400.0,0.0,14000.0,803,Home,2030000.0,240,3050000.0,Semi-Urban,1
LN2025105500,40,Male,Married,2,Salaried,16,71300.0,0.0,0.0,696,Personal,1470000.0,48,0.0,Urban,0
LN2025106323,36,Male,Married,2,SENP,16,66500.0,0.0,0.0,745,Vehicle,130000.0,24,180000.0,Semi-Urban,1
LN2025102975,27,Male,Single,0,Salaried,9,30800.0,33500.0,15700.0,742,Home,3120000.0,180,4060000.0,Urban,0
LN2025104534,32,Male,Married,2,Salaried,9,29900.0,0.0,0.0,734,Personal,310000.0,36,0.0,Semi-Urban,1
LN2025106872,44,Male,Married,0,SEP,16,118300.0,69500.0,0.0,717,Home,6460000.0,240,10080000.0,Urban,1
LN2025100395,29,Male,Single,0,Salaried,8,21700.0,0.0,4000.0,699,Personal,150000.0,24,0.0,Rural,0
LN2025104751,38,Male,Single,0,Salaried,16,148800.0,0.0,0.0,806,Vehicle,3150000.0,60,3790000.0,Semi-Urban,1
LN2025102313,58,Female,Married,0,SEP,30,237500.0,34300.0,0.0,771,Home,12160000.0,180,18250000.0,Urban,0
LN2025106476,37,Female,Married,3,SENP,10,30600.0,0.0,0.0,683,Business,100000.0,84,240000.0,Urban,1
LN2025100980,35,Female,Married,0,SENP,15,51300.0,0.0,0.0,854,Business,520000.0,12,1000000.0,Urban,1
LN2025102889,46,Female,Married,2,Salaried,23,27400.0,0.0,0.0,680,Vehicle,190000.0,60,220000.0,Semi-Urban,1
LN2025107132,31,Male,Married,2,SENP,11,88900.0,31900.0,0.0,-1,Home,3340000.0,360,4660000.0,Urban,1
LN2025108580,20,Female,Single,0,Salaried,0,55100.0,0.0,0.0,834,Personal,340000.0,60,0.0,Urban,0
LN2025107483,42,Male,Married,1,SEP,14,152200.0,0.0,0.0,711,Personal,1680000.0,36,0.0,Urban,1
LN2025101547,40,Male,Married,1,SENP,16,63200.0,65600.0,0.0,799,Business,200000.0,24,0.0,Urban,1
LN2025104116,35,Male,Married,3,Salaried,11,29800.0,16600.0,0.0,783,Personal,230000.0,24,0.0,Semi-Urban,1
LN2025102670,45,Male,Married,2,SENP,17,96700.0,0.0,0.0,638,Vehicle,890000.0,84,960000.0,Urban,0
LN2025106861,34,Female,Married,3,Salaried,14,20600.0,0.0,0.0,666,Personal,230000.0,36,0.0,Rural,0
LN2025109386,26,Male,Single,0,SEP,0,111500.0,0.0,0.0,-1,Personal,560000.0,48,0.0,Urban,0
LN2025102005,35,Male,Married,2,Salaried,12,47900.0,0.0,0.0,840,Vehicle,680000.0,36,770000.0,Semi-Urban,1
LN2025104588,39,Male,Married,2,SENP,13,29900.0,75800.0,8400.0,732,Business,530000.0,48,1140000.0,Rural,1
LN2025103978,23,Male,Single,0,Salaried,3,46900.0,0.0,5000.0,669,Vehicle,380000.0,36,440000.0,Urban,1
LN2025104647,41,Female,Married,1,Salaried,16,29700.0,0.0,6300.0,783,Vehicle,660000.0,60,750000.0,Urban,0
LN2025102714,26,Female,Single,3,Salaried,2,20700.0,23900.0,0.0,653,Home,1240000.0,180,1660000.0,Rural,1
LN2025108646,34,Male,Married,1,Salaried,10,18200.0,0.0,800.0,763,Vehicle,140000.0,84,190000.0,Rural,1
LN2025103164,41,Male,Married,3,Salaried,19,64000.0,0.0,3900.0,782,Personal,500000.0,24,0.0,Urban,0
LN2025106088,31,Male,Married,3,Salaried,11,48700.0,0.0,0.0,636,Personal,350000.0,60,0.0,Semi-Urban,0
LN2025103359,33,Male,Married,1,Salaried,8,48000.0,59600.0,0.0,788,Personal,320000.0,24,0.0,Urban,1
LN2025105648,33,Male,Married,2,SENP,4,31700.0,0.0,0.0,837,Business,320000.0,36,0.0,Urban,1
LN2025102578,57,Female,Married,3,SENP,35,162300.0,0.0,22300.0,696,Business,2140000.0,60,0.0,Rural,0
LN2025108507,33,Female,Married,1,Salaried,8,63300.0,0.0,0.0,788,Home,3710000.0,300,5520000.0,Urban,1
LN2025105612,39,Female,Married,3,SENP,14,81900.0,0.0,0.0,797,Vehicle,500000.0,84,660000.0,Rural,1
LN2025106066,26,Male,Single,0,SENP,0,22500.0,0.0,1000.0,741,Business,100000.0,36,190000.0,Rural,0
LN2025102908,36,Male,Married,3,Salaried,12,59500.0,0.0,0.0,714,Personal,540000.0,12,0.0,Urban,0
LN2025105279,41,Male,Married,1,Salaried,19,39500.0,0.0,0.0,717,Personal,280000.0,48,0.0,Urban,1
LN2025102047,28,Male,Married,3,Salaried,6,24000.0,0.0,0.0,763,Vehicle,110000.0,60,120000.0,Semi-Urban,1
LN2025108117,40,Male,Married,2,SENP,17,95000.0,0.0,4100.0,870,Business,460000.0,60,1180000.0,Semi-Urban,1
LN2025106984,30,Female,Married,1,SEP,2,123900.0,0.0,41100.0,769,Personal,2010000.0,24,0.0,Urban,0
LN2025102649,37,Male,Married,1,SEP,12,163700.0,24600.0,0.0,591,Vehicle,2020000.0,36,2190000.0,Rural,0
LN2025107429,36,Male,Married,2,Salaried,12,59900.0,58300.0,0.0,-1,Vehicle,660000.0,60,670000.0,Urban,1
LN2025100916,51,Female,Married,3,SENP,30,85400.0,0.0,47100.0,713,Home,4140000.0,360,6160000.0,Rural,0
LN2025107315,35,Female,Married,1,Salaried,14,54200.0,0.0,0.0,770,Personal,260000.0,48,0.0,Rural,1
LN2025107606,45,Male,Married,3,Salaried,12,65700.0,0.0,0.0,655,Personal,300000.0,36,0.0,Urban,1
LN2025108302,35,Male,Married,3,SENP,11,65000.0,0.0,0.0,683,Vehicle,430000.0,60,570000.0,Urban,1
LN2025104926,47,Male,Married,3,Salaried,24,115700.0,0.0,0.0,704,Vehicle,980000.0,48,1040000.0,Urban,1
LN2025100204,38,Male,Unknown,1,Salaried,15,66400.0,0.0,0.0,800,Personal,330000.0,36,0.0,Urban,1
LN2025108055,41,Male,Married,1,SENP,19,39000.0,0.0,0.0,669,Vehicle,330000.0,48,340000.0,Semi-Urban,1
LN2025102519,34,Male,Married,2,Salaried,10,43500.0,0.0,19100.0,726,Personal,210000.0,36,0.0,Rural,0
LN2025108503,46,Male,Married,0,SEP,21,123200.0,0.0,6000.0,714,Personal,2140000.0,12,0.0,Urban,0
LN2025100902,37,Male,Married,3,SENP,8,275300.0,0.0,0.0,777,Home,8500000.0,300,11820000.0,Urban,1
LN2025101762,36,Male,Married,1,Salaried,12,65000.0,0.0,0.0,752,Vehicle,1000000.0,36,1230000.0,Semi-Urban,1
LN2025100126,34,Male,Married,1,Salaried,9,36100.0,0.0,0.0,-1,Home,1430000.0,300,2180000.0,Semi-Urban,1
LN2025100469,53,Male,Married,3,SEP,27,138000.0,0.0,0.0,603,Business,910000.0,36,2040000.0,Semi-Urban,0
LN2025104695,34,Female,Married,1,SEP,6,153400.0,48300.0,0.0,746,Business,580000.0,60,1060000.0,Urban,1
LN2025101455,45,Male,Married,1,SENP,22,125500.0,0.0,0.0,700,Business,1970000.0,48,3010000.0,Rural,1
LN2025101168,33,Unknown,Married,2,Salaried,12,52300.0,0.0,7500.0,736,Personal,340000.0,60,0.0,Semi-Urban,1
LN2025109310,20,Male,Single,1,Salaried,0,41600.0,0.0,0.0,771,Vehicle,540000.0,60,720000.0,Semi-Urban,0
LN2025107248,37,Male,Married,1,SENP,14,147200.0,38600.0,10100.0,681,Home,3420000.0,180,5200000.0,Rural,1
LN2025109227,38,Male,Married,1,SENP,9,33200.0,0.0,0.0,702,Business,520000.0,36,1150000.0,Semi-Urban,0
LN2025107630,36,Female,Married,2,Salaried,11,30600.0,0.0,1500.0,680,Personal,340000.0,24,0.0,Semi-Urban,0
LN2025102928,23,Male,Single,1,Salaried,2,11600.0,0.0,0.0,756,Personal,100000.0,60,0.0,Rural,0
LN2025108161,32,Male,Married,2,Salaried,9,33200.0,42800.0,17200.0,777,Personal,650000.0,36,0.0,Urban,1
LN2025100942,39,Male,Married,1,Salaried,12,102100.0,32000.0,0.0,756,Personal,1680000.0,36,0.0,Urban,1
LN2025107347,41,Male,Married,3,Salaried,21,119400.0,16700.0,13900.0,814,Home,3820000.0,180,10270000.0,Semi-Urban,1
LN2025102804,40,Male,Married,2,Salaried,16,48400.0,0.0,0.0,771,Home,2820000.0,180,6520000.0,Urban,0
LN2025101878,47,Male,Married,2,SENP,25,27200.0,0.0,0.0,788,Business,100000.0,36,160000.0,Urban,1
LN2025107730,28,Male,Single,0,SEP,1,90400.0,0.0,0.0,629,Personal,790000.0,48,0.0,Rural,0
LN2025105348,39,Male,Single,0,Salaried,15,37400.0,0.0,4500.0,699,Personal,300000.0,24,0.0,Urban,1
LN2025100255,37,Female,Married,0,Salaried,15,41300.0,0.0,3500.0,815,Vehicle,130000.0,36,170000.0,Semi-Urban,1
LN2025100393,36,Male,Married,2,Salaried,12,62400.0,61900.0,37600.0,760,Home,5520000.0,240,7560000.0,Urban,0
LN2025102280,37,Male,Married,0,Salaried,16,53000.0,57600.0,0.0,783,Home,2780000.0,240,5420000.0,Semi-Urban,1
LN2025102422,41,Female,Married,3,SENP,19,104300.0,0.0,0.0,718,Business,1240000.0,12,2020000.0,Urban,1
LN2025102251,40,Female,Married,1,SENP,12,65200.0,14300.0,0.0,790,Home,3110000.0,300,3880000.0,Semi-Urban,0
LN2025100627,45,Male,Married,2,Salaried,25,86000.0,0.0,0.0,805,Vehicle,80000.0,24,110000.0,Semi-Urban,1
LN2025104873,54,Male,Single,0,SEP,26,528200.0,0.0,0.0,744,Vehicle,4000000.0,60,5640000.0,Urban,1
LN2025105706,24,Male,Single,0,Salaried,2,38400.0,0.0,0.0,735,Personal,180000.0,24,0.0,Urban,0
LN2025108118,41,Male,Married,1,SEP,11,26100.0,39800.0,16100.0,668,Home,2150000.0,240,3200000.0,Rural,0
LN2025107302,38,Male,Married,1,SENP,16,60000.0,39100.0,0.0,-1,Home,5270000.0,300,9240000.0,Semi-Urban,0
LN2025107001,31,Male,Married,2,Salaried,9,101300.0,0.0,0.0,797,Personal,450000.0,24,0.0,Urban,1
LN2025108729,43,Male,Unknown,0,Salaried,23,22800.0,0.0,6400.0,809,Personal,70000.0,60,0.0,Urban,1
LN2025105072,59,Male,Married,1,SENP,33,73400.0,49200.0,0.0,783,Business,840000.0,48,0.0,Semi-Urban,1
LN2025104417,36,Male,Married,0,Salaried,11,118500.0,0.0,0.0,800,Vehicle,1720000.0,60,1770000.0,Urban,1
LN2025109106,40,Male,Married,1,SEP,12,168600.0,0.0,29000.0,765,Home,4420000.0,360,4970000.0,Semi-Urban,0
LN2025102204,49,Male,Married,0,SENP,27,272600.0,0.0,46300.0,653,Personal,1860000.0,36,0.0,Semi-Urban,1
LN2025109566,39,Male,Married,3,SENP,18,57700.0,0.0,22800.0,717,Business,860000.0,84,0.0,Semi-Urban,0
LN2025107029,45,Male,Single,0,SEP,16,319200.0,0.0,0.0,791,Personal,1930000.0,60,0.0,Urban,1
LN2025109575,44,Male,Married,1,Salaried,19,33400.0,26800.0,0.0,704,Vehicle,390000.0,60,480000.0,Rural,1
LN2025107216,27,Male,Single,0,Salaried,4,44900.0,0.0,4400.0,772,Personal,500000.0,60,0.0,Urban,1
LN2025105069,37,Male,Married,2,Salaried,13,19800.0,0.0,1100.0,815,Home,800000.0,180,1160000.0,Rural,1
LN2025101313,27,Male,Single,0,Salaried,3,36600.0,0.0,0.0,708,Personal,330000.0,48,0.0,Urban,1
LN2025109762,26,Male,Married,2,Salaried,1,52100.0,0.0,0.0,809,Vehicle,310000.0,60,390000.0,Urban,1
LN2025104699,42,Female,Married,1,Salaried,19,51600.0,39000.0,0.0,764,Personal,770000.0,48,0.0,Urban,1
LN2025105481,42,Male,Married,2,Salaried,17,55400.0,0.0,0.0,745,Personal,260000.0,48,0.0,Semi-Urban,1
LN2025100079,45,Male,Married,1,Salaried,21,93300.0,0.0,9000.0,696,Vehicle,1350000.0,60,1820000.0,Urban,1
LN2025106760,35,Male,Married,1,Salaried,11,41500.0,0.0,5400.0,670,Home,960000.0,180,1910000.0,Semi-Urban,0
LN2025101404,41,Female,Divorced,0,SENP,12,146700.0,0.0,0.0,796,Business,750000.0,60,0.0,Semi-Urban,1
LN2025101766,37,Female,Married,1,SENP,18,82300.0,0.0,0.0,868,Vehicle,690000.0,48,890000.0,Urban,1
LN2025102756,35,Female,Married,2,SENP,9,33900.0,16700.0,0.0,785,Home,1550000.0,300,1740000.0,Rural,1
LN2025102307,46,Male,Married,2,Salaried,22,42200.0,0.0,0.0,753,Business,220000.0,48,330000.0,Urban,1
LN2025100951,32,Male,Single,0,Salaried,9,35000.0,0.0,0.0,712,Personal,310000.0,24,0.0,Urban,1
LN2025108171,31,Male,Single,2,Salaried,7,36900.0,0.0,4800.0,580,Vehicle,470000.0,36,620000.0,Rural,0
LN2025103017,33,Male,Single,0,Salaried,10,67900.0,0.0,0.0,778,Home,2800000.0,300,4910000.0,Semi-Urban,1
LN2025102590,41,Female,Married,2,SEP,13,336300.0,0.0,63500.0,771,Home,15300000.0,240,19590000.0,Urban,0
LN2025104209,26,Male,Single,0,Salaried,3,27400.0,0.0,0.0,717,Vehicle,80000.0,12,90000.0,Semi-Urban,1
LN2025101741,36,Unknown,Married,3,Salaried,14,59000.0,0.0,0.0,791,Personal,130000.0,36,0.0,Semi-Urban,1
LN2025108666,39,Female,Married,0,Salaried,16,83100.0,0.0,0.0,811,Personal,1510000.0,36,0.0,Urban,1
LN2025100555,33,Male,Married,2,Salaried,12,35400.0,0.0,0.0,772,Home,1460000.0,240,2000000.0,Semi-Urban,1
LN2025107008,56,Male,Married,1,SENP,32,99600.0,49200.0,0.0,766,Business,1190000.0,12,0.0,Urban,0
LN2025109855,37,Male,Married,0,SEP,10,44200.0,0.0,16300.0,555,Business,660000.0,36,1060000.0,Semi-Urban,0
LN2025108913,20,Male,Single,0,Salaried,0,11700.0,0.0,0.0,647,Vehicle,150000.0,48,160000.0,Semi-Urban,0
LN2025101281,38,Male,Married,2,Salaried,16,118900.0,0.0,26700.0,710,Vehicle,980000.0,48,1110000.0,Urban,1
LN2025107719,48,Male,Married,2,SEP,20,112900.0,0.0,0.0,698,Home,5040000.0,120,12210000.0,Semi-Urban,1
LN2025104295,26,Female,Single,1,SEP,0,73100.0,0.0,0.0,776,Business,680000.0,12,1610000.0,Semi-Urban,0
LN2025106805,44,Male,Married,1,Salaried,23,59700.0,0.0,14700.0,660,Personal,280000.0,12,0.0,Urban,0
LN2025101623,27,Male,Married,1,Salaried,3,74200.0,62800.0,0.0,714,Home,7360000.0,300,9320000.0,Urban,1
LN2025107751,44,Male,Married,2,Salaried,23,49100.0,0.0,9300.0,764,Vehicle,380000.0,60,510000.0,Urban,1
LN2025100806,42,Female,Divorced,0,Salaried,18,64500.0,0.0,0.0,683,Personal,250000.0,48,0.0,Urban,1
LN2025109104,51,Female,Married,0,SENP,25,89000.0,0.0,17500.0,638,Vehicle,120000.0,12,170000.0,Urban,0
LN2025100278,32,Male,Married,1,Salaried,7,42400.0,0.0,10700.0,760,Personal,320000.0,60,0.0,Rural,1
LN2025106413,24,Male,Single,0,SEP,0,38000.0,0.0,8700.0,-1,Business,130000.0,84,0.0,Semi-Urban,0
LN2025100850,25,Male,Married,2,Salaried,1,32600.0,84500.0,0.0,677,Home,4020000.0,240,5770000.0,Semi-Urban,1
LN2025100044,36,Male,Married,1,SEP,11,29500.0,0.0,3200.0,617,Vehicle,110000.0,36,140000.0,Semi-Urban,0
LN2025101208,27,Male,Single,1,Salaried,1,16100.0,0.0,0.0,717,Personal,140000.0,60,0.0,Rural,1
LN2025102541,28,Female,Married,3,Salaried,5,23000.0,40100.0,15000.0,675,Vehicle,370000.0,60,400000.0,Semi-Urban,0
LN2025105414,41,Female,Married,2,Salaried,17,106200.0,34700.0,30300.0,759,Home,5990000.0,180,8420000.0,Urban,1
LN2025107366,42,Male,Married,3,Salaried,21,137800.0,0.0,0.0,796,Personal,1190000.0,24,0.0,Urban,1
LN2025106051,25,Male,Single,0,Salaried,4,17400.0,0.0,6500.0,721,Personal,200000.0,36,0.0,Urban,0
LN2025105026,28,Male,Single,1,Salaried,6,8000.0,0.0,0.0,773,Personal,50000.0,36,0.0,Rural,0
LN2025101989,58,Female,Married,3,SEP,32,131600.0,26800.0,0.0,834,Personal,730000.0,60,0.0,Urban,1
LN2025103675,33,Male,Married,2,Salaried,13,45900.0,0.0,0.0,744,Vehicle,100000.0,36,110000.0,Semi-Urban,1
LN2025109686,45,Male,Divorced,2,SENP,26,35400.0,0.0,0.0,770,Home,1570000.0,240,1950000.0,Urban,1
LN2025109236,33,Female,Married,2,Salaried,9,19100.0,62200.0,0.0,-1,Home,6530000.0,300,9880000.0,Semi-Urban,0
LN2025105118,20,Male,Single,1,Salaried,0,15000.0,68400.0,0.0,782,Home,2520000.0,180,3320000.0,Semi-Urban,0
LN2025103044,47,Male,Married,1,SENP,26,44000.0,0.0,0.0,749,Business,1320000.0,24,2470000.0,Urban,0
LN2025107433,36,Male,Married,3,Salaried,12,46300.0,16200.0,0.0,685,Home,2020000.0,180,2640000.0,Urban,0
LN2025106840,26,Female,Single,0,Salaried,1,29200.0,0.0,0.0,671,Personal,170000.0,24,0.0,Semi-Urban,0
LN2025101045,45,Male,Married,2,SENP,16,129400.0,70000.0,0.0,725,Vehicle,140000.0,24,160000.0,Urban,1
LN2025102591,41,Male,Married,0,SENP,17,257700.0,0.0,63200.0,734,Business,630000.0,36,0.0,Semi-Urban,0
LN2025109324,30,Male,Single,1,Salaried,4,16200.0,0.0,0.0,741,Personal,70000.0,36,0.0,Semi-Urban,1
LN2025106327,30,Male,Single,0,Salaried,7,39700.0,0.0,0.0,617,Personal,370000.0,60,0.0,Semi-Urban,0
LN2025100738,32,Male,Single,1,SENP,9,112600.0,59300.0,0.0,793,Business,7070000.0,24,11910000.0,Urban,0
LN2025108460,32,Male,Married,1,Salaried,9,87700.0,0.0,0.0,748,Vehicle,1500000.0,36,1540000.0,Urban,1
LN2025101096,37,Male,Married,3,Salaried,13,97800.0,0.0,24700.0,759,Personal,1450000.0,48,0.0,Urban,0
LN2025103781,42,Male,Married,1,Salaried,17,144400.0,0.0,30800.0,883,Home,2805000.0,180,5550000.0,Urban,1
LN2025104236,31,Male,Married,2,Salaried,10,46100.0,0.0,0.0,766,Personal,240000.0,36,0.0,Urban,1
LN2025109079,30,Male,Married,0,Salaried,6,35100.0,0.0,0.0,727,Vehicle,210000.0,36,220000.0,Urban,1
LN2025100177,44,Female,Married,0,Salaried,19,55600.0,0.0,8000.0,691,Vehicle,740000.0,84,810000.0,Rural,1
LN2025108342,38,Female,Married,1,SENP,13,50350.0,0.0,0.0,583,Business,2290000.0,24,3240000.0,Rural,0
LN2025106832,39,Male,Single,0,Salaried,18,59900.0,0.0,0.0,725,Home,2740000.0,240,3550000.0,Urban,1
LN2025103437,28,Female,Single,0,Salaried,2,30300.0,19400.0,0.0,-1,Home,1210000.0,240,1540000.0,Semi-Urban,1
LN2025100494,51,Female,Married,1,SEP,12,167300.0,71700.0,126900.0,758,Business,1320000.0,60,0.0,Urban,0
LN2025106484,20,Male,Single,2,Salaried,0,27700.0,0.0,0.0,690,Personal,100000.0,24,0.0,Urban,0
LN2025102962,43,Male,Divorced,1,Salaried,17,99600.0,48300.0,29500.0,587,Home,7190000.0,180,17270000.0,Urban,0
LN2025103516,36,Male,Married,3,Salaried,15,101300.0,0.0,25700.0,665,Vehicle,1440000.0,84,1530000.0,Urban,1
LN2025100444,40,Male,Married,1,Salaried,12,86200.0,0.0,0.0,691,Home,4750000.0,240,7070000.0,Semi-Urban,0
LN2025105395,21,Female,Single,0,SENP,0,45400.0,0.0,0.0,809,Personal,410000.0,60,0.0,Rural,0
LN2025101857,37,Male,Married,2,SENP,13,51000.0,0.0,6900.0,739,Personal,300000.0,12,0.0,Rural,0
LN2025107515,43,Female,Married,1,SEP,16,193300.0,0.0,30500.0,761,Personal,1530000.0,60,0.0,Semi-Urban,0
LN2025104208,23,Male,Single,0,Salaried,1,8400.0,0.0,0.0,801,Home,500000.0,180,630000.0,Rural,0
LN2025101385,35,Female,Married,0,Salaried,13,25500.0,80000.0,0.0,831,Home,3020000.0,300,6660000.0,Urban,1
LN2025108236,40,Male,Married,3,Salaried,17,24700.0,17500.0,13900.0,658,Personal,410000.0,24,0.0,Rural,0
LN2025107884,39,Male,Married,0,Salaried,16,109700.0,35700.0,7500.0,762,Personal,940000.0,60,0.0,Urban,1
LN2025101161,20,Male,Single,1,Salaried,0,26300.0,0.0,0.0,-1,Vehicle,220000.0,36,250000.0,Semi-Urban,0
LN2025100878,33,Male,Married,3,Salaried,10,46700.0,22300.0,6400.0,727,Home,1850000.0,300,3000000.0,Urban,1
LN2025108000,54,Male,Married,2,SEP,25,132900.0,25200.0,51500.0,708,Business,870000.0,60,2320000.0,Urban,1
LN2025101027,31,Male,Married,2,Salaried,8,92900.0,0.0,7000.0,730,Home,6250000.0,240,7970000.0,Urban,0
LN2025107004,35,Male,Married,3,Salaried,10,57500.0,21000.0,5100.0,769,Vehicle,100000.0,12,130000.0,Rural,1
LN2025109738,53,Male,Married,2,SENP,27,49300.0,19600.0,18100.0,786,Vehicle,550000.0,84,640000.0,Urban,1
LN2025104443,50,Female,Single,1,SENP,20,183900.0,27800.0,0.0,847,Home,7620000.0,120,11340000.0,Semi-Urban,1
LN2025104050,45,Male,Married,1,SENP,20,151700.0,58500.0,0.0,741,Home,14130000.0,240,17200000.0,Urban,0
LN2025105943,31,Male,Single,3,Salaried,5,70900.0,0.0,0.0,753,Home,1210000.0,240,1370000.0,Urban,1
LN2025105437,30,Male,Single,1,Salaried,7,30200.0,0.0,7700.0,798,Vehicle,490000.0,48,550000.0,Semi-Urban,0
LN2025103588,46,Male,Married,1,SENP,17,32500.0,63600.0,22200.0,854,Vehicle,140000.0,12,150000.0,Semi-Urban,1
LN2025102156,32,Male,Single,0,Salaried,12,57000.0,0.0,0.0,845,Home,2260000.0,180,3670000.0,Urban,1
LN2025100377,51,Female,Married,1,Salaried,31,76200.0,0.0,0.0,730,Home,2040000.0,240,5400000.0,Rural,0
LN2025104290,47,Female,Married,0,Salaried,27,76400.0,38500.0,16500.0,789,Vehicle,700000.0,60,910000.0,Semi-Urban,1
LN2025101081,32,Male,Married,1,Salaried,10,28500.0,0.0,8900.0,784,Personal,90000.0,36,0.0,Urban,1
LN2025108209,38,Male,Single,0,Salaried,15,44800.0,0.0,0.0,833,Home,1450000.0,180,1940000.0,Urban,1
LN2025102052,31,Female,Married,3,Salaried,5,38000.0,0.0,0.0,712,Personal,290000.0,60,0.0,Urban,0
LN2025109198,48,Male,Divorced,0,Salaried,27,29100.0,0.0,0.0,754,Home,1380000.0,120,2740000.0,Urban,0
LN2025108834,57,Female,Married,1,SENP,30,150900.0,0.0,21800.0,674,Vehicle,130000.0,36,150000.0,Urban,1
LN2025104784,31,Female,Married,2,Salaried,8,39100.0,22500.0,8200.0,693,Personal,520000.0,48,0.0,Urban,1
LN2025103877,37,Male,Married,3,Salaried,16,70000.0,0.0,0.0,699,Vehicle,580000.0,84,620000.0,Urban,1
LN2025103945,37,Male,Married,2,Salaried,15,102900.0,0.0,0.0,813,Personal,1390000.0,12,0.0,Urban,1
LN2025101739,21,Male,Single,2,Salaried,0,27600.0,0.0,0.0,768,Personal,300000.0,48,0.0,Rural,0
LN2025107583,42,Male,Married,2,SENP,18,22100.0,0.0,3200.0,701,Vehicle,160000.0,36,180000.0,Urban,0
LN2025104832,35,Male,Married,2,Salaried,12,31000.0,113100.0,0.0,686,Home,5030000.0,240,9130000.0,Semi-Urban,1
LN2025104382,40,Female,Married,3,Salaried,19,24600.0,0.0,0.0,671,Personal,150000.0,12,0.0,Urban,1
LN2025105965,38,Female,Married,3,Salaried,15,58000.0,0.0,0.0,719,Personal,280000.0,60,0.0,Urban,1
LN2025105055,46,Male,Married,1,Salaried,24,176300.0,0.0,0.0,828,Personal,930000.0,36,0.0,Urban,1
LN2025106193,28,Male,Married,1,SEP,2,143700.0,17800.0,0.0,590,Home,2820000.0,240,4690000.0,Rural,0
LN2025104560,26,Male,Single,0,Salaried,2,53200.0,0.0,0.0,763,Vehicle,100000.0,12,120000.0,Urban,1
LN2025108196,24,Transgender,Single,0,SENP,0,10800.0,0.0,0.0,656,Home,500000.0,240,870000.0,Rural,0
LN2025101472,37,Male,Married,1,SENP,9,87400.0,29100.0,0.0,572,Business,690000.0,48,0.0,Rural,0
LN2025103720,56,Male,Married,2,SENP,34,38400.0,10000.0,3800.0,644,Business,240000.0,48,0.0,Rural,0
LN2025105230,35,Male,Single,0,Salaried,17,31800.0,0.0,0.0,663,Vehicle,140000.0,60,160000.0,Urban,1
LN2025101021,35,Male,Married,0,Salaried,14,32600.0,0.0,3600.0,703,Personal,130000.0,36,0.0,Urban,1
LN2025102634,44,Male,Married,3,SEP,17,146200.0,0.0,34400.0,765,Personal,1750000.0,48,0.0,Urban,1
LN2025103388,36,Unknown,Married,3,SENP,12,47800.0,17100.0,0.0,787,Business,1150000.0,36,0.0,Semi-Urban,0
LN2025104220,42,Female,Single,0,Salaried,20,77200.0,0.0,0.0,780,Business,490000.0,36,0.0,Semi-Urban,1
LN2025102183,29,Female,Single,0,Salaried,5,25900.0,0.0,0.0,677,Personal,170000.0,24,0.0,Rural,0
LN2025107786,34,Male,Married,1,Salaried,13,56700.0,0.0,0.0,732,Personal,270000.0,60,0.0,Urban,1
LN2025102244,45,Female,Married,2,Salaried,21,64400.0,0.0,14000.0,655,Home,1620000.0,180,2290000.0,Urban,0
LN2025107868,51,Male,Married,1,Salaried,31,54000.0,48000.0,0.0,744,Personal,330000.0,60,0.0,Semi-Urban,1
LN2025106148,58,Male,Single,2,SENP,35,81800.0,0.0,13800.0,776,Personal,610000.0,12,0.0,Urban,0
LN2025100301,66,Male,Married,1,SENP,42,168800.0,28500.0,0.0,782,Business,2180000.0,60,4320000.0,Rural,0
LN2025102499,41,Female,Married,2,SENP,16,54500.0,22600.0,0.0,717,Personal,360000.0,36,0.0,Urban,1
LN2025108495,32,Female,Single,1,Salaried,8,44100.0,0.0,1900.0,780,Personal,550000.0,24,0.0,Semi-Urban,0
LN2025108738,37,Female,Married,3,Salaried,12,46100.0,36100.0,0.0,750,Home,5170000.0,240,7660000.0,Urban,0
LN2025106592,32,Male,Single,0,Salaried,8,87700.0,25000.0,0.0,770,Home,3820000.0,240,6130000.0,Semi-Urban,1
LN2025107054,39,Female,Married,0,Salaried,17,51600.0,0.0,0.0,685,Personal,650000.0,48,0.0,Semi-Urban,1
LN2025106295,44,Male,Married,0,Salaried,19,32500.0,40200.0,29900.0,726,Personal,160000.0,12,0.0,Rural,0
LN2025107125,22,Female,Single,0,Salaried,0,8600.0,17700.0,0.0,-1,Home,1540000.0,240,2560000.0,Rural,0
LN2025104657,34,Male,Single,0,Salaried,11,71800.0,0.0,3400.0,526,Personal,1000000.0,60,0.0,Urban,0
LN2025102446,40,Female,Married,2,Salaried,19,77200.0,0.0,0.0,779,Vehicle,680000.0,60,740000.0,Urban,1
LN2025105339,37,Male,Married,1,Salaried,14,83400.0,0.0,29900.0,718,Personal,210000.0,24,0.0,Urban,1
LN2025107361,36,Male,Single,0,SEP,9,163800.0,0.0,0.0,753,Vehicle,130000.0,12,150000.0,Urban,1
LN2025104957,52,Male,Married,0,Salaried,27,36300.0,0.0,0.0,701,Vehicle,50000.0,12,60000.0,Semi-Urban,1
LN2025103287,46,Male,Married,2,Salaried,22,53100.0,64600.0,12400.0,825,Home,1840000.0,120,3880000.0,Semi-Urban,1
LN2025102903,55,Female,Married,2,SEP,30,202600.0,118700.0,0.0,781,Business,2440000.0,48,0.0,Semi-Urban,1
LN2025107624,44,Male,Married,2,SEP,16,61500.0,0.0,11800.0,781,Business,200000.0,36,0.0,Semi-Urban,1
LN2025101743,41,Male,Married,3,Salaried,19,30700.0,0.0,0.0,889,Home,650000.0,180,830000.0,Urban,1
LN2025102245,45,Male,Married,2,Salaried,20,103700.0,140000.0,0.0,789,Personal,2650000.0,48,0.0,Urban,1
LN2025108267,49,Male,Married,1,Salaried,24,84500.0,0.0,0.0,745,Vehicle,650000.0,36,810000.0,Semi-Urban,1
LN2025103980,40,Female,Single,0,SEP,10,58100.0,68100.0,0.0,-1,Vehicle,1350000.0,84,1400000.0,Urban,1
LN2025104423,33,Female,Married,1,Salaried,12,47000.0,0.0,0.0,801,Personal,280000.0,12,0.0,Semi-Urban,0
LN2025103539,34,Male,Married,2,SENP,15,75700.0,45500.0,0.0,801,Personal,860000.0,36,0.0,Semi-Urban,1
LN2025107642,46,Female,Married,2,SENP,25,44900.0,24800.0,31000.0,777,Home,2960000.0,180,4850000.0,Semi-Urban,0
LN2025104210,23,Male,Single,0,Salaried,0,66100.0,35200.0,9200.0,646,Vehicle,640000.0,48,800000.0,Semi-Urban,0
LN2025100686,47,Female,Married,1,Salaried,27,154600.0,0.0,0.0,689,Personal,2110000.0,48,0.0,Urban,1
LN2025107857,27,Male,Single,0,Salaried,6,26700.0,0.0,3200.0,793,Personal,130000.0,36,0.0,Urban,1
LN2025104646,34,Male,Married,1,Salaried,11,60300.0,0.0,9000.0,796,Personal,640000.0,36,0.0,Urban,1
LN2025108771,36,Female,Single,0,Salaried,14,49700.0,0.0,6600.0,750,Personal,240000.0,24,0.0,Semi-Urban,1
LN2025109804,35,Male,Married,3,Salaried,10,57200.0,0.0,0.0,-1,Personal,460000.0,48,0.0,Semi-Urban,1
LN2025103402,37,Male,Married,0,Salaried,15,113500.0,0.0,13900.0,-1,Home,3150000.0,300,4400000.0,Urban,0
LN2025106661,43,Female,Single,0,SENP,15,59900.0,38800.0,35600.0,716,Home,2010000.0,120,4030000.0,Urban,0
LN2025107411,44,Unknown,Married,1,SENP,24,41800.0,14500.0,10300.0,668,Home,2805000.0,180,3140000.0,Urban,1
LN2025103500,52,Male,Married,1,SEP,21,123800.0,0.0,0.0,718,Personal,660000.0,60,0.0,Semi-Urban,1
LN2025107116,31,Male,Single,2,Salaried,9,95600.0,0.0,12400.0,789,Vehicle,2030000.0,60,2040000.0,Semi-Urban,0
LN2025105207,49,Male,Married,1,Salaried,24,160800.0,103300.0,37000.0,759,Home,9910000.0,120,15600000.0,Semi-Urban,1
LN2025103640,36,Male,Married,2,Salaried,13,140700.0,46100.0,27200.0,665,Home,8870000.0,240,18040000.0,Urban,1
LN2025101706,36,Male,Married,3,Salaried,13,18700.0,36800.0,2700.0,719,Home,1520000.0,240,4010000.0,Rural,1
LN2025103911,37,Female,Married,1,Salaried,14,34400.0,0.0,7900.0,867,Personal,140000.0,36,0.0,Rural,1
LN2025102895,21,Male,Married,1,SENP,0,24700.0,21700.0,11500.0,675,Home,1150000.0,240,1650000.0,Semi-Urban,0
LN2025105709,52,Female,Married,2,Salaried,28,33800.0,0.0,0.0,592,Personal,220000.0,48,0.0,Semi-Urban,0
LN2025102906,45,Female,Married,2,SEP,17,218100.0,0.0,41200.0,705,Business,1070000.0,48,0.0,Urban,1
LN2025100165,46,Female,Married,1,SEP,17,33400.0,0.0,10800.0,660,Vehicle,240000.0,36,340000.0,Urban,0
LN2025105680,32,Male,Married,2,Salaried,7,13500.0,72600.0,0.0,679,Home,5150000.0,240,9630000.0,Semi-Urban,0
LN2025105886,52,Male,Married,2,SEP,24,303200.0,65200.0,0.0,806,Vehicle,110000.0,36,130000.0,Urban,1
LN2025104260,43,Male,Married,1,SEP,13,122900.0,47600.0,64300.0,672,Business,2500000.0,36,0.0,Urban,0
LN2025104701,29,Male,Unknown,1,Salaried,4,66000.0,36900.0,0.0,818,Home,3500000.0,180,4490000.0,Urban,1
LN2025106146,45,Male,Married,3,Salaried,12,107600.0,0.0,9100.0,802,Vehicle,1710000.0,60,2330000.0,Semi-Urban,1
LN2025100055,36,Male,Married,1,Salaried,12,46700.0,27900.0,15100.0,678,Personal,430000.0,60,0.0,Semi-Urban,0
LN2025104179,43,Female,Married,0,Salaried,21,70100.0,62000.0,33700.0,822,Home,1920000.0,180,2340000.0,Urban,1
LN2025106315,39,Male,Single,0,Salaried,17,38800.0,0.0,0.0,804,Home,2805000.0,240,2540000.0,Urban,1
LN2025101258,41,Male,Married,2,SENP,20,39100.0,0.0,0.0,773,Personal,170000.0,24,0.0,Rural,1
LN2025103274,40,Male,Married,1,SEP,13,86600.0,25600.0,5700.0,550,Home,4430000.0,240,8090000.0,Semi-Urban,0
LN2025103284,29,Male,Single,0,Salaried,8,24100.0,0.0,0.0,668,Personal,110000.0,60,0.0,Semi-Urban,1
LN2025103470,44,Male,Married,1,SEP,14,63000.0,0.0,0.0,806,Vehicle,730000.0,48,870000.0,Urban,1
LN2025101023,44,Female,Married,3,SENP,16,65900.0,0.0,0.0,596,Business,540000.0,24,0.0,Rural,0
LN2025100996,37,Female,Single,0,Salaried,16,64700.0,0.0,0.0,768,Personal,710000.0,36,0.0,Urban,1
LN2025105507,46,Female,Married,3,SEP,17,45600.0,30500.0,0.0,728,Home,3740000.0,180,4310000.0,Rural,0
LN2025108268,39,Male,Married,2,Salaried,12,18900.0,35800.0,0.0,809,Home,2690000.0,240,3940000.0,Urban,1
LN2025105235,38,Male,Married,2,Salaried,14,66200.0,0.0,12600.0,666,Vehicle,870000.0,48,1090000.0,Urban,1
LN2025102881,31,Female,Married,1,Salaried,7,31100.0,0.0,0.0,794,Vehicle,430000.0,60,450000.0,Urban,1
LN2025107991,47,Male,Married,0,SEP,18,82200.0,0.0,19200.0,692,Home,2450000.0,120,3090000.0,Urban,0
LN2025108074,26,Male,Single,0,Salaried,4,44000.0,0.0,5900.0,744,Home,1090000.0,180,1650000.0,Semi-Urban,1
LN2025108768,34,Female,Married,3,Salaried,8,68200.0,87800.0,32300.0,732,Home,6750000.0,240,16100000.0,Semi-Urban,1
LN2025107909,43,Male,Married,1,Salaried,21,50000.0,25800.0,0.0,674,Home,1980000.0,360,2530000.0,Semi-Urban,0
LN2025103753,26,Male,Single,0,Salaried,4,21900.0,0.0,0.0,660,Vehicle,200000.0,48,200000.0,Urban,1
LN2025106039,40,Male,Married,1,Salaried,20,59400.0,0.0,5400.0,819,Personal,610000.0,48,0.0,Urban,1
LN2025107747,29,Female,Married,1,Salaried,8,25700.0,0.0,0.0,659,Home,870000.0,240,1850000.0,Urban,1
LN2025107318,33,Male,Married,3,SENP,8,53200.0,53800.0,16100.0,755,Vehicle,140000.0,36,170000.0,Urban,1
LN2025106258,60,Male,Married,3,SENP,37,59800.0,40500.0,8200.0,673,Business,1510000.0,36,0.0,Rural,0
LN2025109096,54,Male,Married,2,SEP,25,135600.0,0.0,8400.0,757,Vehicle,1110000.0,60,1560000.0,Rural,1
LN2025102869,21,Male,Single,3,Salaried,0,25100.0,35400.0,0.0,-1,Home,1610000.0,240,3140000.0,Urban,0
LN2025100082,29,Male,Single,3,Salaried,5,39100.0,0.0,0.0,856,Home,760000.0,240,1860000.0,Semi-Urban,1
LN2025108179,44,Male,Married,3,SEP,12,75200.0,40400.0,0.0,789,Business,1520000.0,84,2350000.0,Rural,1
LN2025105740,35,Male,Married,0,Salaried,12,54700.0,0.0,3800.0,752,Home,2080000.0,180,3160000.0,Semi-Urban,1
LN2025101290,40,Male,Married,1,Salaried,18,74100.0,0.0,0.0,672,Personal,390000.0,24,0.0,Urban,0
LN2025102447,35,Male,Married,2,Salaried,12,133100.0,0.0,35000.0,757,Vehicle,1660000.0,60,1790000.0,Urban,0
LN2025107731,36,Male,Single,0,SEP,8,99300.0,27000.0,0.0,727,Home,4000000.0,300,4720000.0,Urban,0
LN2025107211,45,Transgender,Married,3,Salaried,23,81500.0,0.0,0.0,815,Home,3290000.0,180,5670000.0,Urban,1
LN2025104958,31,Female,Married,2,SEP,4,25900.0,12000.0,0.0,900,Vehicle,200000.0,60,270000.0,Rural,1
LN2025105812,29,Female,Married,0,Salaried,4,39100.0,32800.0,0.0,675,Vehicle,400000.0,60,470000.0,Urban,1
LN2025102119,33,Male,Married,1,SENP,15,53600.0,26500.0,0.0,720,Home,3070000.0,240,4620000.0,Urban,1
LN2025103021,36,Male,Married,3,SENP,10,101500.0,26400.0,19200.0,869,Vehicle,1190000.0,48,1280000.0,Urban,1
LN2025101214,35,Female,Married,3,Salaried,10,33800.0,0.0,7700.0,726,Personal,230000.0,36,0.0,Urban,0
LN2025101922,40,Male,Married,2,Salaried,18,41200.0,0.0,0.0,831,Personal,300000.0,24,0.0,Semi-Urban,1
LN2025102318,30,Male,Single,1,Salaried,12,21800.0,36200.0,8600.0,665,Vehicle,290000.0,60,370000.0,Rural,1
LN2025105777,56,Male,Single,0,SENP,31,259100.0,0.0,18600.0,808,Vehicle,2420000.0,60,2840000.0,Urban,1
LN2025100116,42,Female,Married,3,Salaried,18,79900.0,0.0,0.0,769,Vehicle,790000.0,48,890000.0,Semi-Urban,1
LN2025100689,42,Male,Married,1,Salaried,17,60300.0,46300.0,15900.0,762,Home,2940000.0,180,4240000.0,Urban,1
LN2025103330,32,Female,Married,0,SEP,7,47800.0,41800.0,0.0,680,Vehicle,440000.0,48,580000.0,Semi-Urban,1
LN2025106402,27,Male,Single,1,Salaried,6,52600.0,0.0,5100.0,679,Home,1540000.0,180,3170000.0,Semi-Urban,1
LN2025109723,41,Male,Married,0,SENP,21,60800.0,46600.0,20500.0,667,Business,260000.0,12,450000.0,Urban,0
LN2025101626,35,Male,Married,0,Salaried,11,19400.0,0.0,4700.0,690,Personal,70000.0,60,0.0,Semi-Urban,1
LN2025102337,28,Male,Single,0,Salaried,2,43100.0,0.0,1300.0,728,Personal,540000.0,24,0.0,Urban,0
LN2025106325,33,Male,Married,2,Salaried,11,51600.0,0.0,0.0,703,Personal,490000.0,36,0.0,Semi-Urban,1
LN2025108505,40,Male,Married,1,SEP,15,102200.0,0.0,0.0,717,Business,460000.0,24,0.0,Urban,1
LN2025103904,34,Male,Single,1,Salaried,12,18700.0,0.0,0.0,668,Personal,80000.0,24,0.0,Rural,1
LN2025102055,41,Male,Married,2,SEP,14,304800.0,0.0,59800.0,580,Home,19730000.0,240,35450000.0,Semi-Urban,0
LN2025109757,33,Male,Married,0,Salaried,8,37900.0,14900.0,0.0,773,Home,630000.0,180,880000.0,Rural,1
LN2025105392,27,Male,Married,2,Salaried,3,54800.0,52000.0,0.0,682,Vehicle,540000.0,60,710000.0,Urban,1
LN2025105258,28,Female,Married,3,SENP,0,26500.0,83200.0,0.0,645,Business,680000.0,24,940000.0,Urban,0
LN2025104696,42,Male,Married,3,Salaried,19,28400.0,0.0,0.0,743,Personal,430000.0,48,0.0,Rural,1
LN2025103738,43,Female,Married,3,SEP,14,31400.0,0.0,0.0,758,Home,620000.0,240,840000.0,Rural,1
LN2025101007,22,Female,Single,0,Salaried,0,10500.0,0.0,0.0,816,Personal,50000.0,48,0.0,Rural,0
LN2025105611,37,Male,Married,1,Salaried,14,47000.0,0.0,0.0,686,Personal,310000.0,24,0.0,Urban,1
LN2025107422,41,Female,Married,2,Salaried,19,37100.0,23300.0,0.0,649,Vehicle,60000.0,24,60000.0,Urban,0
LN2025109053,30,Male,Married,2,SENP,0,60200.0,35400.0,0.0,827,Home,2920000.0,180,5900000.0,Semi-Urban,0
LN2025109831,39,Male,Married,1,Salaried,15,30300.0,0.0,7800.0,692,Personal,150000.0,48,0.0,Rural,1
LN2025108923,41,Male,Married,3,SENP,13,27800.0,0.0,0.0,751,Home,810000.0,300,1560000.0,Urban,0
LN2025106552,38,Male,Married,1,Salaried,16,50700.0,26900.0,0.0,683,Personal,180000.0,36,0.0,Urban,1
LN2025103493,35,Female,Married,3,Salaried,10,20200.0,0.0,0.0,735,Home,630000.0,240,1030000.0,Urban,1
LN2025102683,28,Male,Single,1,Salaried,5,37900.0,0.0,6700.0,784,Personal,260000.0,60,0.0,Urban,1
LN2025106762,35,Male,Married,1,Salaried,14,52000.0,0.0,6700.0,844,Home,1400000.0,240,2380000.0,Urban,1
LN2025104247,33,Male,Married,3,SENP,14,25400.0,0.0,1400.0,650,Business,300000.0,24,0.0,Semi-Urban,0
LN2025100172,39,Female,Married,3,Salaried,14,27700.0,0.0,0.0,758,Personal,150000.0,12,0.0,Urban,1
LN2025100310,50,Male,Married,2,SENP,22,557500.0,16800.0,34800.0,783,Vehicle,4000000.0,60,5160000.0,Urban,1
LN2025104170,29,Male,Single,1,Salaried,6,18100.0,0.0,0.0,825,Personal,60000.0,36,0.0,Rural,0
LN2025104005,33,Female,Married,2,Salaried,13,48900.0,0.0,1300.0,717,Home,1530000.0,240,2280000.0,Semi-Urban,0
LN2025105099,34,Male,Married,2,SENP,6,161900.0,0.0,0.0,740,Personal,730000.0,24,0.0,Rural,1
LN2025109378,35,Female,Married,1,Salaried,17,77200.0,26800.0,0.0,658,Home,4400000.0,240,6590000.0,Semi-Urban,0
LN2025104089,40,Female,Married,3,SENP,12,117300.0,0.0,0.0,711,Business,1090000.0,60,1570000.0,Urban,1
LN2025105365,37,Male,Single,2,Salaried,13,51500.0,0.0,0.0,731,Vehicle,90000.0,24,100000.0,Urban,1
LN2025102655,32,Male,Married,1,SENP,7,30400.0,0.0,0.0,695,Home,2190000.0,240,2790000.0,Rural,0
LN2025101843,20,Male,Single,0,Salaried,0,9300.0,0.0,0.0,-1,Personal,50000.0,60,0.0,Rural,0
LN2025103497,29,Male,Single,3,SEP,1,65700.0,0.0,0.0,752,Home,3000000.0,240,4340000.0,Rural,0
LN2025104668,41,Male,Married,2,Salaried,18,93000.0,0.0,0.0,806,Vehicle,460000.0,48,590000.0,Semi-Urban,1
LN2025102717,37,Female,Married,3,Salaried,16,111100.0,0.0,0.0,866,Vehicle,1410000.0,36,1830000.0,Semi-Urban,1
LN2025101306,43,Male,Married,1,SENP,16,82300.0,0.0,0.0,658,Vehicle,540000.0,48,660000.0,Urban,0
LN2025109679,50,Female,Married,2,SENP,17,70500.0,0.0,7400.0,758,Vehicle,1550000.0,60,1780000.0,Rural,0
LN2025100764,36,Female,Married,3,Salaried,14,18000.0,0.0,4300.0,867,Personal,230000.0,60,0.0,Rural,0
LN2025103506,34,Male,Married,2,Salaried,14,45400.0,0.0,0.0,616,Vehicle,460000.0,48,530000.0,Semi-Urban,0
LN2025101767,57,Unknown,Married,2,SENP,35,158300.0,0.0,19300.0,678,Business,670000.0,36,0.0,Urban,0
LN2025104676,44,Male,Married,3,Salaried,22,89600.0,0.0,1600.0,725,Vehicle,1200000.0,48,1590000.0,Urban,1
LN2025105015,21,Male,Single,0,Salaried,0,24200.0,0.0,4800.0,785,Home,610000.0,180,750000.0,Rural,0
LN2025104831,33,Male,Married,3,SENP,12,117800.0,0.0,23000.0,642,Business,540000.0,36,0.0,Urban,0
LN2025104008,22,Female,Single,2,Salaried,0,30900.0,0.0,0.0,592,Home,940000.0,120,1770000.0,Urban,0
LN2025105191,44,Male,Married,2,Salaried,18,44300.0,0.0,7000.0,776,Personal,200000.0,60,0.0,Urban,1
LN2025101971,27,Female,Single,0,Salaried,4,62000.0,0.0,9800.0,636,Vehicle,350000.0,84,370000.0,Rural,0
LN2025108539,43,Male,Married,2,Salaried,19,57700.0,0.0,0.0,690,Personal,130000.0,12,0.0,Urban,0
LN2025101037,38,Female,Married,3,Salaried,16,42400.0,72700.0,0.0,836,Home,2750000.0,240,6310000.0,Urban,1
LN2025109813,46,Female,Married,3,Salaried,21,36500.0,31700.0,0.0,710,Home,1780000.0,120,2630000.0,Urban,1
LN2025107502,31,Male,Married,0,Salaried,6,68600.0,0.0,0.0,790,Vehicle,130000.0,36,160000.0,Urban,1
LN2025109505,39,Female,Married,2,Salaried,14,43000.0,0.0,10800.0,756,Vehicle,460000.0,84,580000.0,Urban,1
LN2025106109,45,Female,Married,1,SEP,17,168700.0,31200.0,15600.0,773,Vehicle,1690000.0,60,2320000.0,Urban,1
LN2025101102,51,Male,Married,3,SENP,24,101700.0,21700.0,0.0,806,Home,2980000.0,120,3720000.0,Rural,1
LN2025108289,36,Male,Married,2,Salaried,14,33400.0,0.0,1300.0,729,Personal,190000.0,36,0.0,Rural,1
LN2025104745,32,Male,Married,3,SENP,6,77300.0,35800.0,37800.0,688,Business,710000.0,12,1060000.0,Urban,0
LN2025108996,46,Male,Married,1,Salaried,23,75100.0,0.0,0.0,683,Personal,500000.0,36,0.0,Urban,1
LN2025108421,45,Male,Married,1,Salaried,23,104200.0,0.0,0.0,728,Personal,1100000.0,48,0.0,Rural,1
LN2025105221,34,Female,Married,0,Salaried,12,36600.0,0.0,0.0,757,Personal,130000.0,60,0.0,Semi-Urban,1
LN2025100927,24,Male,Single,0,Salaried,1,27900.0,13400.0,0.0,664,Home,1570000.0,300,1890000.0,Semi-Urban,1
LN2025109004,34,Male,Married,3,Salaried,14,76300.0,46000.0,0.0,631,Business,550000.0,36,970000.0,Semi-Urban,0
LN2025102990,38,Female,Married,2,Salaried,16,43400.0,99300.0,0.0,745,Home,8050000.0,240,11980000.0,Urban,1
LN2025107022,23,Female,Single,0,Salaried,0,33200.0,0.0,0.0,700,Vehicle,390000.0,60,490000.0,Urban,0
LN2025102349,33,Female,Married,2,Salaried,12,47800.0,0.0,0.0,666,Personal,570000.0,36,0.0,Urban,0
LN2025107426,28,Male,Single,0,Salaried,6,86100.0,0.0,0.0,671,Personal,870000.0,36,0.0,Semi-Urban,1
LN2025108968,36,Male,Single,0,Salaried,13,53300.0,0.0,0.0,729,Home,2680000.0,240,4590000.0,Semi-Urban,1
LN2025106688,28,Female,Single,0,Salaried,7,24400.0,0.0,0.0,829,Personal,110000.0,60,0.0,Semi-Urban,1
LN2025109714,29,Male,Married,3,SENP,6,124700.0,0.0,0.0,665,Business,1250000.0,60,0.0,Semi-Urban,0
LN2025107346,20,Male,Single,0,Salaried,0,24900.0,0.0,0.0,833,Home,510000.0,300,670000.0,Urban,0
LN2025108568,37,Female,Single,0,SENP,9,120800.0,0.0,0.0,779,Home,8480000.0,120,12030000.0,Urban,0
LN2025102448,44,Male,Married,2,SEP,15,194300.0,26400.0,0.0,759,Home,10060000.0,240,14970000.0,Semi-Urban,1
LN2025101495,30,Male,Married,1,SENP,5,64800.0,182800.0,0.0,661,Home,14680000.0,240,20810000.0,Urban,1
LN2025105261,37,Male,Married,2,Salaried,13,49100.0,0.0,0.0,633,Personal,620000.0,24,0.0,Rural,0
LN2025103612,37,Male,Married,1,Salaried,13,25300.0,0.0,0.0,735,Personal,220000.0,60,0.0,Rural,1
LN2025103052,31,Male,Married,1,Salaried,9,28500.0,0.0,1900.0,739,Vehicle,240000.0,48,280000.0,Urban,1
LN2025105476,24,Male,Single,0,Salaried,2,35800.0,0.0,0.0,721,Home,1600000.0,300,2430000.0,Urban,1
LN2025108586,30,Male,Married,2,Salaried,6,53400.0,23600.0,0.0,866,Home,2270000.0,300,3610000.0,Urban,1
LN2025100018,56,Female,Single,0,SEP,26,270300.0,63100.0,27200.0,675,Home,6440000.0,360,9050000.0,Urban,0
LN2025109332,25,Male,Unknown,1,Salaried,0,64100.0,0.0,14000.0,727,Personal,440000.0,48,0.0,Semi-Urban,0
LN2025103862,64,Male,Married,3,SENP,38,99100.0,0.0,0.0,774,Business,1680000.0,36,3540000.0,Urban,0
LN2025105757,42,Male,Married,1,Salaried,19,103500.0,0.0,0.0,762,Vehicle,1320000.0,60,1330000.0,Urban,1
LN2025109167,38,Female,Married,2,SENP,14,204800.0,0.0,23500.0,696,Business,970000.0,12,0.0,Urban,1
LN2025109449,36,Male,Married,2,Salaried,13,76300.0,53400.0,0.0,803,Personal,620000.0,48,0.0,Urban,1
LN2025100268,40,Female,Married,0,SENP,13,46500.0,0.0,0.0,771,Vehicle,80000.0,36,80000.0,Semi-Urban,0
LN2025108295,20,Transgender,Single,1,Salaried,0,8000.0,33100.0,0.0,786,Home,2110000.0,360,3170000.0,Rural,0
LN2025106127,34,Male,Married,3,SENP,9,67300.0,0.0,0.0,693,Business,770000.0,24,1630000.0,Urban,0
LN2025102453,46,Male,Married,0,Salaried,25,23700.0,0.0,0.0,745,Personal,90000.0,60,0.0,Rural,1
LN2025101561,32,Male,Married,3,SEP,6,202700.0,0.0,16300.0,795,Business,2880000.0,60,4910000.0,Urban,1
LN2025108325,21,Male,Single,0,Salaried,0,24600.0,25100.0,0.0,675,Vehicle,60000.0,12,70000.0,Semi-Urban,0
LN2025109696,45,Male,Married,2,Salaried,20,65500.0,0.0,0.0,714,Vehicle,140000.0,12,140000.0,Urban,1
LN2025108394,47,Unknown,Married,2,SENP,25,31400.0,0.0,0.0,758,Business,180000.0,60,0.0,Rural,1
LN2025103929,20,Male,Single,0,Salaried,0,25800.0,0.0,0.0,785,Home,850000.0,240,1610000.0,Rural,0
LN2025107222,41,Male,Married,0,SENP,12,78900.0,0.0,0.0,682,Business,680000.0,84,1770000.0,Urban,1
LN2025109007,32,Male,Married,2,Salaried,9,33500.0,43600.0,0.0,730,Personal,100000.0,12,0.0,Urban,1
LN2025104743,29,Male,Single,0,Salaried,3,43800.0,0.0,6200.0,668,Personal,610000.0,24,0.0,Rural,0
LN2025102841,51,Male,Married,1,Salaried,30,134500.0,0.0,0.0,740,Vehicle,4000000.0,36,4640000.0,Urban,0
LN2025104454,45,Male,Married,3,Salaried,20,58500.0,0.0,0.0,730,Home,2110000.0,180,3060000.0,Urban,1
LN2025103719,33,Male,Married,3,Salaried,9,54700.0,0.0,22700.0,690,Personal,390000.0,60,0.0,Urban,1
LN2025108631,40,Male,Married,1,SENP,19,115300.0,0.0,0.0,770,Business,660000.0,36,1200000.0,Urban,1
LN2025109099,30,Male,Married,1,SENP,4,65200.0,34200.0,0.0,693,Personal,930000.0,36,0.0,Rural,0
LN2025106149,34,Male,Married,3,Salaried,11,35200.0,20100.0,0.0,662,Home,1910000.0,120,2330000.0,Rural,0
LN2025103439,23,Male,Single,0,Salaried,0,26000.0,0.0,0.0,804,Personal,160000.0,36,0.0,Urban,0
LN2025104923,39,Male,Married,1,Salaried,15,32600.0,65000.0,0.0,779,Personal,730000.0,24,0.0,Urban,1
LN2025100984,36,Female,Unknown,2,Salaried,11,30600.0,26600.0,0.0,722,Home,2280000.0,300,3260000.0,Rural,0
LN2025103419,30,Female,Married,2,Salaried,9,44400.0,34100.0,11800.0,668,Home,2380000.0,300,3300000.0,Semi-Urban,1
LN2025102847,25,Male,Single,0,Salaried,0,21900.0,19400.0,0.0,807,Personal,390000.0,60,0.0,Urban,0
LN2025104113,48,Male,Married,0,SENP,17,220200.0,0.0,46100.0,799,Business,2510000.0,24,0.0,Rural,0
LN2025101335,37,Unknown,Single,0,Salaried,12,40600.0,0.0,12400.0,830,Personal,490000.0,24,0.0,Semi-Urban,0
LN2025100394,22,Male,Single,0,SENP,0,18800.0,21400.0,0.0,806,Vehicle,290000.0,60,380000.0,Semi-Urban,0
LN2025108987,62,Male,Married,1,SENP,40,204500.0,0.0,18200.0,780,Personal,1160000.0,36,0.0,Urban,1
LN2025108216,40,Female,Married,2,SENP,13,37400.0,0.0,0.0,-1,Business,150000.0,36,320000.0,Rural,0
LN2025108404,35,Male,Married,3,SENP,11,205400.0,13700.0,0.0,798,Business,1390000.0,36,0.0,Urban,1
LN2025102433,36,Female,Married,0,Salaried,12,30000.0,0.0,0.0,765,Personal,330000.0,36,0.0,Semi-Urban,0
LN2025100178,20,Male,Single,3,Salaried,0,56500.0,0.0,2300.0,800,Vehicle,530000.0,60,560000.0,Urban,0
LN2025105779,31,Male,Married,1,Salaried,8,62800.0,0.0,0.0,798,Vehicle,790000.0,48,920000.0,Urban,1
LN2025105150,45,Male,Married,1,Salaried,21,54400.0,0.0,8800.0,688,Personal,120000.0,48,0.0,Semi-Urban,1
LN2025104876,32,Male,Married,1,SENP,12,30500.0,0.0,0.0,711,Home,1060000.0,240,1370000.0,Semi-Urban,1
LN2025106175,35,Male,Married,2,SEP,4,17100.0,0.0,2800.0,708,Business,380000.0,48,600000.0,Urban,0
LN2025101072,32,Male,Married,3,Salaried,10,39700.0,0.0,7800.0,658,Personal,130000.0,36,0.0,Semi-Urban,0
LN2025107576,27,Female,Single,2,SENP,0,39500.0,56900.0,12600.0,900,Home,3300000.0,120,5110000.0,Urban,0
LN2025106515,27,Male,Married,2,Salaried,3,71300.0,0.0,0.0,711,Vehicle,500000.0,48,560000.0,Urban,1
LN2025104242,28,Female,Married,1,Salaried,5,28900.0,0.0,0.0,644,Personal,430000.0,24,0.0,Semi-Urban,0
LN2025102777,47,Female,Single,1,SEP,21,97400.0,0.0,0.0,664,Business,1010000.0,48,2720000.0,Urban,1
LN2025107186,42,Male,Married,1,SENP,16,32500.0,0.0,0.0,650,Business,100000.0,84,0.0,Semi-Urban,0
LN2025105722,20,Male,Single,2,Salaried,0,25000.0,0.0,0.0,682,Personal,250000.0,24,0.0,Rural,0
LN2025100615,39,Male,Married,1,SEP,13,155100.0,0.0,27100.0,724,Personal,1520000.0,24,0.0,Urban,1
LN2025105319,39,Male,Single,0,Salaried,16,115400.0,0.0,0.0,658,Vehicle,720000.0,60,1000000.0,Urban,1
LN2025109646,35,Male,Married,1,Salaried,11,44800.0,0.0,11600.0,686,Vehicle,380000.0,48,460000.0,Urban,0
LN2025103455,27,Male,Married,2,Salaried,2,32500.0,0.0,0.0,754,Home,2110000.0,240,3300000.0,Urban,0
LN2025108694,27,Male,Married,0,Salaried,4,39800.0,70500.0,7100.0,813,Personal,230000.0,24,0.0,Urban,1
LN2025104911,34,Female,Single,1,Salaried,13,64900.0,0.0,700.0,815,Vehicle,1330000.0,60,1360000.0,Urban,1
LN2025103155,29,Male,Single,0,Salaried,3,43400.0,0.0,2700.0,725,Personal,450000.0,48,0.0,Urban,1
LN2025103036,30,Male,Married,3,Salaried,8,24800.0,0.0,0.0,745,Personal,290000.0,48,0.0,Urban,1
LN2025100781,51,Male,Married,1,SENP,22,155200.0,0.0,0.0,633,Business,4330000.0,120,0.0,Urban,0
LN2025109615,36,Male,Married,2,Salaried,13,44000.0,0.0,0.0,-1,Home,2040000.0,240,2990000.0,Semi-Urban,1
LN2025103425,31,Male,Married,2,Salaried,11,40000.0,0.0,0.0,810,Personal,620000.0,12,0.0,Urban,0
LN2025100327,29,Female,Single,0,Salaried,6,30100.0,33100.0,3000.0,760,Home,4600000.0,360,8640000.0,Rural,0
LN2025107287,48,Male,Married,1,Salaried,24,50800.0,9000.0,5600.0,-1,Vehicle,510000.0,48,600000.0,Rural,1
LN2025104237,36,Male,Unknown,2,Salaried,15,54700.0,62800.0,11800.0,766,Home,2720000.0,180,5580000.0,Urban,1
LN2025105585,27,Male,Single,0,Salaried,3,38200.0,0.0,0.0,586,Vehicle,290000.0,60,370000.0,Urban,0
LN2025103684,39,Female,Married,2,Salaried,17,21300.0,0.0,5900.0,792,Home,500000.0,120,740000.0,Semi-Urban,0
LN2025106262,36,Female,Married,1,SEP,7,70300.0,0.0,0.0,700,Personal,1010000.0,48,0.0,Rural,1
LN2025103791,31,Male,Married,0,Salaried,10,54900.0,0.0,13500.0,688,Vehicle,290000.0,60,330000.0,Urban,1
LN2025103262,35,Male,Married,1,Salaried,14,35800.0,33500.0,31500.0,714,Vehicle,190000.0,60,230000.0,Semi-Urban,1
LN2025100209,54,Male,Married,1,SENP,32,211900.0,0.0,39100.0,699,Business,2450000.0,60,0.0,Urban,1
LN2025108070,21,Male,Single,0,Salaried,0,18500.0,0.0,0.0,608,Personal,110000.0,24,0.0,Urban,0
LN2025106131,39,Male,Married,2,SENP,16,66800.0,29900.0,47600.0,760,Home,3220000.0,300,4960000.0,Urban,0
LN2025105094,37,Female,Married,2,Salaried,15,42400.0,0.0,4700.0,768,Personal,610000.0,36,0.0,Rural,0
LN2025108950,49,Female,Married,1,SENP,22,62000.0,0.0,0.0,835,Business,490000.0,24,0.0,Urban,1
LN2025106210,35,Male,Married,2,Salaried,10,80700.0,0.0,0.0,602,Vehicle,880000.0,60,1230000.0,Rural,0
LN2025100724,31,Female,Married,1,SENP,9,66700.0,16600.0,0.0,760,Vehicle,640000.0,60,890000.0,Urban,1
LN2025104315,42,Female,Married,1,Salaried,19,34500.0,32200.0,6900.0,713,Home,1890000.0,300,2240000.0,Semi-Urban,0
LN2025102806,48,Female,Married,2,Salaried,26,202400.0,0.0,0.0,668,Vehicle,2300000.0,60,2880000.0,Urban,0
LN2025109441,24,Female,Single,0,SEP,0,56500.0,0.0,0.0,-1,Vehicle,60000.0,12,90000.0,Semi-Urban,0
LN2025100825,55,Female,Single,0,Salaried,34,93400.0,17600.0,15400.0,759,Home,5610000.0,360,9050000.0,Semi-Urban,0
LN2025102569,29,Male,Single,2,Salaried,7,44700.0,0.0,8900.0,658,Home,3590000.0,180,7830000.0,Rural,0
LN2025104540,39,Unknown,Married,1,SEP,10,79800.0,16500.0,0.0,568,Home,5360000.0,240,8030000.0,Urban,0
LN2025108596,39,Male,Married,0,SENP,19,42500.0,0.0,0.0,739,Business,600000.0,60,820000.0,Urban,1
LN2025103744,39,Male,Married,3,Salaried,14,30500.0,0.0,0.0,663,Home,1210000.0,240,1750000.0,Semi-Urban,1
LN2025106994,41,Female,Married,0,SEP,14,75500.0,0.0,24700.0,735,Vehicle,1090000.0,60,1470000.0,Semi-Urban,0
LN2025103357,25,Male,Single,0,Salaried,3,27300.0,0.0,0.0,700,Home,870000.0,240,1370000.0,Urban,1
LN2025103494,40,Male,Single,1,Salaried,12,27000.0,0.0,0.0,655,Personal,200000.0,12,0.0,Semi-Urban,0
LN2025100808,33,Transgender,Single,0,Salaried,10,52200.0,0.0,0.0,-1,Personal,300000.0,24,0.0,Semi-Urban,0
LN2025108154,36,Male,Married,0,Salaried,14,28200.0,0.0,0.0,759,Vehicle,90000.0,60,100000.0,Semi-Urban,1
LN2025106888,32,Male,Married,1,SENP,6,33400.0,21200.0,4300.0,745,Vehicle,420000.0,48,460000.0,Urban,0
LN2025103509,33,Male,Married,0,Salaried,10,55800.0,0.0,0.0,581,Personal,340000.0,24,0.0,Semi-Urban,0
LN2025109209,54,Female,Married,0,SENP,32,32200.0,11900.0,4400.0,623,Business,380000.0,48,650000.0,Rural,0
LN2025107072,40,Male,Married,3,Salaried,12,119100.0,33300.0,0.0,836,Home,5920000.0,180,12880000.0,Semi-Urban,1
LN2025106023,35,Male,Married,2,SENP,5,58500.0,0.0,0.0,692,Business,450000.0,84,0.0,Semi-Urban,1
LN2025100697,37,Male,Married,2,Salaried,12,29900.0,0.0,0.0,762,Personal,270000.0,48,0.0,Urban,1
LN2025103312,40,Male,Married,1,Salaried,15,30600.0,0.0,0.0,709,Home,1670000.0,240,2770000.0,Urban,1
LN2025108749,44,Male,Married,2,SENP,25,74900.0,52900.0,0.0,-1,Business,2330000.0,36,3710000.0,Semi-Urban,0
LN2025107695,25,Male,Single,0,Salaried,3,57400.0,0.0,0.0,772,Personal,240000.0,60,0.0,Urban,1
LN2025104264,38,Male,Single,1,Salaried,12,60100.0,0.0,0.0,806,Personal,290000.0,36,0.0,Urban,1
LN2025108876,40,Male,Married,2,SEP,9,91400.0,0.0,0.0,779,Business,800000.0,48,1070000.0,Urban,1
LN2025108893,46,Female,Married,2,SEP,19,127800.0,0.0,21900.0,643,Business,820000.0,24,1470000.0,Urban,0
LN2025101599,53,Female,Married,0,SENP,29,27400.0,0.0,0.0,733,Business,310000.0,12,410000.0,Rural,0
LN2025108606,44,Male,Married,2,SENP,16,55500.0,0.0,0.0,719,Business,600000.0,60,0.0,Urban,1
LN2025100438,33,Female,Married,0,Salaried,8,62800.0,0.0,0.0,739,Personal,270000.0,48,0.0,Urban,1
LN2025109080,51,Female,Married,1,Salaried,31,36500.0,0.0,9300.0,731,Personal,210000.0,36,0.0,Urban,1
LN2025109578,41,Male,Married,1,Salaried,19,62500.0,45800.0,3900.0,745,Vehicle,110000.0,24,150000.0,Urban,1
LN2025104698,49,Male,Married,1,Salaried,25,173300.0,27000.0,0.0,887,Home,5370000.0,120,15340000.0,Semi-Urban,1
LN2025108894,38,Male,Married,1,Salaried,13,38400.0,0.0,5300.0,792,Home,1180000.0,240,1830000.0,Rural,1
LN2025105265,41,Male,Married,1,Salaried,17,129600.0,21400.0,23600.0,771,Personal,510000.0,48,0.0,Urban,1
LN2025104769,20,Male,Single,0,Salaried,0,54300.0,0.0,5700.0,-1,Personal,240000.0,12,0.0,Urban,0
LN2025107309,30,Male,Single,0,Salaried,8,59800.0,0.0,0.0,-1,Vehicle,80000.0,24,110000.0,Urban,1
LN2025101678,43,Male,Married,2,Salaried,23,68200.0,0.0,0.0,717,Personal,240000.0,48,0.0,Rural,1
LN2025108826,26,Male,Married,3,Salaried,1,88500.0,51400.0,0.0,812,Home,3610000.0,240,5610000.0,Urban,1
LN2025102014,38,Male,Married,3,Salaried,12,40300.0,15400.0,0.0,-1,Home,2810000.0,180,3670000.0,Semi-Urban,0
LN2025100070,29,Male,Married,0,SENP,10,42700.0,33300.0,0.0,689,Vehicle,470000.0,48,630000.0,Semi-Urban,1
LN2025109835,29,Female,Married,1,Salaried,7,11700.0,61100.0,0.0,736,Vehicle,620000.0,60,730000.0,Rural,1
LN2025106887,50,Male,Married,1,Salaried,28,32800.0,0.0,8800.0,740,Personal,300000.0,36,0.0,Rural,0
LN2025105565,36,Female,Married,2,Salaried,11,60600.0,0.0,0.0,855,Personal,650000.0,60,0.0,Semi-Urban,1
LN2025108900,40,Female,Married,3,Salaried,17,60000.0,0.0,0.0,516,Home,3580000.0,360,5640000.0,Urban,0
LN2025107435,25,Male,Single,1,Salaried,4,32300.0,0.0,0.0,758,Personal,680000.0,60,0.0,Urban,1
LN2025106201,27,Male,Single,0,SEP,0,70700.0,0.0,0.0,763,Personal,800000.0,48,0.0,Semi-Urban,0
LN2025101391,38,Male,Married,0,SEP,10,103800.0,0.0,11800.0,853,Home,2590000.0,240,3070000.0,Rural,1
LN2025107245,30,Male,Married,1,SEP,0,84900.0,33300.0,33500.0,670,Home,3820000.0,240,5040000.0,Semi-Urban,0
LN2025105293,48,Female,Married,2,Salaried,25,83600.0,44700.0,0.0,697,Home,5460000.0,120,6110000.0,Urban,0
LN2025104225,38,Male,Married,1,Salaried,15,47000.0,0.0,7700.0,773,Personal,530000.0,60,0.0,Semi-Urban,1
LN2025105384,38,Male,Married,3,Salaried,12,41300.0,0.0,2300.0,824,Personal,510000.0,60,0.0,Urban,1
LN2025103580,34,Female,Married,2,Salaried,12,71800.0,0.0,10000.0,722,Home,2350000.0,240,4100000.0,Urban,1
LN2025108066,42,Female,Married,1,SENP,17,178500.0,0.0,48000.0,650,Home,5610000.0,180,6620000.0,Semi-Urban,0
LN2025102208,44,Male,Married,1,Salaried,23,73800.0,0.0,9800.0,732,Personal,540000.0,36,0.0,Semi-Urban,0
LN2025105912,20,Male,Single,0,Salaried,0,21000.0,24500.0,8600.0,694,Personal,240000.0,48,0.0,Rural,0
LN2025109546,53,Male,Divorced,2,SENP,24,67800.0,0.0,0.0,735,Business,440000.0,60,0.0,Urban,1
LN2025101906,23,Female,Single,1,Salaried,0,21600.0,15900.0,0.0,719,Vehicle,90000.0,24,120000.0,Rural,0
LN2025109595,30,Female,Married,3,Salaried,12,27800.0,0.0,0.0,741,Vehicle,380000.0,60,460000.0,Semi-Urban,1
LN2025103214,35,Male,Single,3,Salaried,4,30100.0,0.0,0.0,736,Home,1000000.0,180,1520000.0,Semi-Urban,1
LN2025109372,31,Male,Married,3,Salaried,10,27700.0,45100.0,6200.0,747,Home,2600000.0,240,4890000.0,Urban,1
LN2025108827,47,Male,Married,2,Salaried,22,84800.0,0.0,18100.0,648,Vehicle,340000.0,48,370000.0,Semi-Urban,0
LN2025106251,38,Male,Married,1,SEP,10,74300.0,0.0,0.0,780,Business,510000.0,48,0.0,Urban,1
LN2025104178,35,Female,Single,0,Salaried,11,93700.0,0.0,0.0,709,Personal,1350000.0,36,0.0,Urban,1
LN2025108142,32,Male,Married,2,Salaried,8,31300.0,49300.0,18500.0,683,Personal,350000.0,36,0.0,Urban,1
LN2025104171,38,Male,Married,2,SEP,12,305000.0,0.0,0.0,838,Home,7330000.0,240,12260000.0,Urban,1
LN2025107372,42,Male,Married,2,Salaried,19,88600.0,0.0,14400.0,717,Home,3390000.0,180,3840000.0,Urban,0
LN2025105338,51,Female,Married,1,SENP,26,83700.0,0.0,0.0,739,Personal,490000.0,60,0.0,Urban,0
LN2025105064,48,Male,Married,2,SEP,18,269200.0,0.0,34500.0,798,Business,1860000.0,12,0.0,Urban,0
LN2025106587,32,Male,Single,1,Salaried,10,33000.0,9900.0,1000.0,748,Home,1880000.0,120,3410000.0,Semi-Urban,0
LN2025108595,35,Male,Married,2,Salaried,13,57700.0,51000.0,9700.0,814,Personal,510000.0,60,0.0,Urban,1
LN2025109779,36,Male,Married,0,Salaried,12,50500.0,0.0,3300.0,724,Vehicle,60000.0,12,70000.0,Urban,1
LN2025103526,29,Male,Married,0,Salaried,3,32300.0,0.0,1200.0,584,Vehicle,650000.0,60,810000.0,Semi-Urban,0
LN2025105450,37,Male,Married,0,Salaried,14,17200.0,0.0,0.0,739,Home,500000.0,120,560000.0,Semi-Urban,1
LN2025109848,42,Female,Married,1,Salaried,19,89600.0,0.0,0.0,809,Personal,860000.0,48,0.0,Urban,1
LN2025106028,45,Male,Unknown,2,SENP,19,75200.0,0.0,0.0,690,Business,750000.0,24,1150000.0,Urban,0
LN2025102904,52,Male,Married,0,SENP,24,99000.0,0.0,25600.0,-1,Personal,630000.0,48,0.0,Semi-Urban,0
LN2025107907,41,Male,Married,2,SENP,16,62300.0,42800.0,0.0,802,Home,3460000.0,240,4420000.0,Urban,1
LN2025101229,55,Male,Married,0,SENP,35,82100.0,0.0,22900.0,727,Business,1280000.0,48,2490000.0,Urban,0
LN2025102171,52,Female,Married,1,SENP,27,12600.0,31700.0,3200.0,787,Vehicle,80000.0,36,90000.0,Rural,1
LN2025105294,22,Male,Single,0,Salaried,0,25500.0,44100.0,14400.0,694,Home,3740000.0,300,6150000.0,Rural,0
LN2025109313,24,Female,Single,1,SEP,0,71800.0,0.0,9500.0,657,Personal,590000.0,24,0.0,Semi-Urban,0
LN2025107570,22,Male,Single,0,SENP,0,31700.0,0.0,5900.0,697,Personal,270000.0,36,0.0,Rural,0
LN2025101881,48,Male,Married,1,SENP,20,95500.0,0.0,26200.0,729,Vehicle,920000.0,48,1000000.0,Rural,1
LN2025101593,35,Male,Single,1,SEP,9,144900.0,0.0,14200.0,616,Personal,570000.0,60,0.0,Urban,0
LN2025103534,43,Male,Married,3,SEP,17,243600.0,31900.0,54600.0,695,Home,2805000.0,180,20870000.0,Semi-Urban,1
LN2025107705,34,Male,Married,1,SENP,12,125300.0,0.0,0.0,763,Business,1680000.0,36,0.0,Urban,1
LN2025101844,35,Male,Married,2,Salaried,15,110000.0,0.0,38400.0,755,Vehicle,840000.0,48,920000.0,Semi-Urban,0
LN2025101083,32,Male,Married,0,Salaried,10,66200.0,0.0,0.0,746,Home,2540000.0,300,3200000.0,Urban,1
LN2025106179,30,Transgender,Married,1,Salaried,8,31100.0,61000.0,0.0,739,Home,4310000.0,240,7200000.0,Urban,1
LN2025100870,42,Male,Married,0,Salaried,18,71900.0,0.0,0.0,753,Personal,750000.0,36,0.0,Semi-Urban,1
LN2025102414,42,Male,Married,2,Salaried,16,102300.0,55200.0,11800.0,834,Home,7220000.0,180,9460000.0,Urban,1
LN2025101594,37,Male,Married,2,SEP,10,121900.0,32000.0,0.0,-1,Personal,1230000.0,36,0.0,Rural,1
LN2025106745,32,Female,Single,0,Salaried,12,65400.0,0.0,24100.0,659,Personal,190000.0,48,0.0,Rural,0
LN2025109447,33,Female,Married,2,SENP,15,34200.0,0.0,0.0,633,Vehicle,520000.0,60,610000.0,Urban,0
LN2025102042,51,Male,Married,2,SENP,23,142100.0,0.0,0.0,804,Business,1320000.0,12,2160000.0,Urban,0
LN2025106341,38,Male,Married,0,SENP,12,150700.0,39400.0,68900.0,736,Business,2310000.0,24,0.0,Urban,0
LN2025101043,44,Female,Married,3,SENP,25,132500.0,0.0,0.0,736,Personal,2200000.0,36,0.0,Urban,0
LN2025106921,25,Male,Single,0,Salaried,3,36500.0,0.0,0.0,773,Personal,440000.0,24,0.0,Urban,0
LN2025103535,32,Female,Married,2,SENP,11,43400.0,0.0,0.0,739,Vehicle,800000.0,84,940000.0,Urban,0
LN2025107252,44,Female,Divorced,0,Salaried,22,69100.0,0.0,0.0,770,Home,3110000.0,120,3860000.0,Semi-Urban,0
LN2025103581,30,Female,Married,2,Salaried,10,21900.0,0.0,0.0,638,Personal,110000.0,24,0.0,Rural,0
LN2025108134,27,Male,Single,0,Salaried,6,33300.0,0.0,0.0,-1,Vehicle,50000.0,24,50000.0,Semi-Urban,1
LN2025109062,37,Male,Married,1,SENP,17,55400.0,0.0,0.0,729,Vehicle,400000.0,36,450000.0,Urban,1
LN2025107098,32,Male,Married,1,SENP,8,210200.0,14700.0,0.0,818,Vehicle,1990000.0,60,2230000.0,Rural,1
LN2025107935,25,Male,Single,0,Salaried,0,35500.0,0.0,0.0,799,Personal,320000.0,36,0.0,Semi-Urban,0
LN2025108432,36,Male,Married,1,Salaried,12,95500.0,0.0,30200.0,708,Vehicle,1940000.0,60,2200000.0,Urban,0
LN2025101192,40,Male,Married,2,SENP,14,30600.0,20100.0,0.0,777,Business,210000.0,36,0.0,Rural,1
LN2025108205,44,Male,Married,2,SEP,17,131500.0,42500.0,27000.0,633,Vehicle,70000.0,24,80000.0,Urban,0
LN2025109569,25,Male,Single,1,SENP,0,171400.0,0.0,0.0,840,Home,5110000.0,240,8220000.0,Semi-Urban,0
LN2025102216,38,Male,Married,1,SENP,12,63700.0,0.0,0.0,734,Home,2560000.0,300,3100000.0,Rural,1
LN2025103325,34,Male,Married,2,SENP,8,14500.0,15800.0,2400.0,705,Vehicle,370000.0,60,420000.0,Urban,0
LN2025109254,32,Male,Married,0,Salaried,8,39400.0,65300.0,8000.0,714,Home,3650000.0,300,4970000.0,Semi-Urban,1
LN2025107407,39,Male,Married,0,SEP,8,127500.0,71600.0,0.0,623,Vehicle,100000.0,60,120000.0,Urban,0
LN2025109788,43,Female,Married,1,SEP,18,100000.0,96500.0,20200.0,739,Business,1560000.0,120,3530000.0,Urban,1
LN2025100196,36,Female,Married,0,SENP,9,58400.0,49000.0,8100.0,758,Home,5540000.0,300,8240000.0,Semi-Urban,1
LN2025101159,44,Female,Married,3,SENP,24,25000.0,0.0,0.0,659,Home,660000.0,240,920000.0,Semi-Urban,0
LN2025109148,33,Male,Married,0,Salaried,12,54400.0,0.0,12300.0,601,Vehicle,230000.0,60,240000.0,Rural,0
LN2025108653,24,Male,Single,3,Salaried,4,26100.0,0.0,0.0,605,Home,810000.0,180,1360000.0,Semi-Urban,0
LN2025106821,36,Male,Married,1,SEP,6,50800.0,0.0,0.0,740,Home,1890000.0,300,2370000.0,Urban,1
LN2025106274,23,Female,Single,1,Salaried,0,25000.0,0.0,0.0,745,Personal,120000.0,48,0.0,Semi-Urban,0
LN2025100473,31,Female,Single,0,Salaried,7,22700.0,0.0,0.0,747,Personal,110000.0,36,0.0,Rural,1
LN2025104149,40,Female,Single,1,Salaried,16,32700.0,16600.0,8400.0,713,Home,1810000.0,240,3540000.0,Semi-Urban,1
LN2025107296,41,Male,Single,0,Salaried,16,111100.0,0.0,0.0,692,Vehicle,1880000.0,60,2260000.0,Urban,1
LN2025101985,33,Male,Married,2,SENP,14,185800.0,0.0,12700.0,714,Home,9750000.0,300,13910000.0,Urban,1
LN2025102972,58,Male,Married,2,SENP,35,36700.0,0.0,0.0,724,Business,1200000.0,12,2090000.0,Semi-Urban,0
LN2025106071,45,Male,Widowed,0,Salaried,25,100000.0,0.0,0.0,720,Vehicle,100000.0,24,120000.0,Urban,1
LN2025109736,49,Male,Married,2,SENP,22,357200.0,0.0,48800.0,767,Business,2370000.0,36,4490000.0,Semi-Urban,1
LN2025102396,32,Male,Single,0,Salaried,10,27700.0,0.0,0.0,701,Personal,140000.0,36,0.0,Rural,1
LN2025105873,24,Female,Single,0,Salaried,0,51500.0,0.0,0.0,715,Personal,360000.0,36,0.0,Urban,0
LN2025103979,34,Male,Married,0,SENP,11,86700.0,0.0,3200.0,746,Vehicle,870000.0,84,1090000.0,Rural,1
LN2025108115,35,Male,Married,2,SEP,4,43100.0,0.0,0.0,731,Personal,340000.0,48,0.0,Urban,1
LN2025103716,30,Male,Married,1,SEP,2,39300.0,38300.0,19000.0,657,Home,4110000.0,300,6120000.0,Urban,0
LN2025108382,32,Male,Married,3,SENP,7,169000.0,43000.0,0.0,706,Business,850000.0,36,0.0,Semi-Urban,1
LN2025106726,38,Female,Married,1,SENP,14,47900.0,0.0,0.0,742,Vehicle,430000.0,36,430000.0,Semi-Urban,1
LN2025103239,32,Male,Married,3,Salaried,10,64300.0,0.0,0.0,739,Vehicle,660000.0,36,720000.0,Semi-Urban,1
LN2025106574,34,Female,Married,3,Salaried,9,62000.0,10300.0,0.0,853,Personal,350000.0,12,0.0,Rural,1
LN2025102558,49,Male,Married,1,SENP,29,62800.0,41400.0,7300.0,663,Vehicle,90000.0,24,130000.0,Urban,1
LN2025102851,40,Male,Married,3,Salaried,20,61600.0,0.0,0.0,709,Vehicle,420000.0,60,660000.0,Rural,0
LN2025105599,43,Female,Single,0,Salaried,22,46600.0,0.0,0.0,558,Personal,300000.0,60,0.0,Rural,0
LN2025104151,39,Female,Married,3,Salaried,18,47000.0,0.0,0.0,739,Personal,470000.0,12,0.0,Urban,0
LN2025104688,38,Male,Married,0,Salaried,14,68800.0,0.0,0.0,591,Personal,790000.0,36,0.0,Semi-Urban,0
LN2025100602,25,Female,Single,0,Salaried,3,45600.0,0.0,11200.0,713,Vehicle,810000.0,84,860000.0,Urban,0
LN2025102449,47,Male,Married,1,SENP,17,35700.0,37500.0,0.0,809,Personal,520000.0,60,0.0,Urban,1
LN2025108967,33,Male,Married,1,Salaried,13,60900.0,0.0,0.0,-1,Personal,410000.0,36,0.0,Rural,0
LN2025109752,44,Male,Married,2,Salaried,19,56400.0,0.0,0.0,692,Vehicle,590000.0,48,720000.0,Urban,1
LN2025102731,37,Male,Single,0,Salaried,14,18500.0,57000.0,0.0,732,Personal,160000.0,24,0.0,Rural,1
LN2025101875,36,Male,Married,1,Salaried,11,25200.0,0.0,0.0,725,Personal,320000.0,24,0.0,Semi-Urban,0
LN2025103711,20,Male,Single,0,Salaried,0,18200.0,0.0,0.0,714,Vehicle,130000.0,36,180000.0,Rural,0
LN2025103061,46,Male,Married,2,Salaried,22,74600.0,0.0,7400.0,690,Personal,610000.0,36,0.0,Urban,0
LN2025104787,44,Male,Married,1,SEP,17,79800.0,0.0,14700.0,691,Home,4170000.0,120,5500000.0,Urban,0
LN2025108508,22,Female,Single,0,Salaried,2,20900.0,0.0,0.0,729,Personal,80000.0,36,0.0,Rural,1
LN2025107414,43,Male,Married,2,Salaried,20,66300.0,0.0,20400.0,708,Vehicle,950000.0,48,990000.0,Semi-Urban,0
LN2025108990,39,Male,Married,1,SENP,15,81400.0,23900.0,10300.0,715,Business,450000.0,60,1180000.0,Rural,1
LN2025105427,25,Male,Married,2,Salaried,4,98700.0,24900.0,18800.0,864,Vehicle,90000.0,36,120000.0,Urban,1
LN2025105596,37,Male,Married,0,Salaried,12,83100.0,33600.0,0.0,659,Vehicle,1660000.0,84,2310000.0,Urban,1
LN2025100386,51,Female,Married,2,SENP,29,24300.0,0.0,0.0,-1,Home,880000.0,120,1060000.0,Rural,0
LN2025101899,28,Male,Single,1,SENP,1,47000.0,21700.0,0.0,660,Business,630000.0,36,670000.0,Semi-Urban,0
LN2025107918,63,Male,Married,2,SENP,40,280200.0,0.0,0.0,797,Personal,1830000.0,24,0.0,Urban,1
LN2025107089,43,Female,Married,3,SEP,14,221100.0,54300.0,0.0,783,Home,12400000.0,240,17590000.0,Urban,1
LN2025102759,20,Male,Single,0,Salaried,0,29900.0,0.0,0.0,-1,Vehicle,80000.0,12,80000.0,Rural,0
LN2025105831,26,Female,Married,1,Salaried,2,44700.0,0.0,0.0,709,Home,1050000.0,240,2100000.0,Urban,1
LN2025101344,39,Male,Married,1,Salaried,16,40600.0,0.0,0.0,728,Home,1140000.0,180,1490000.0,Urban,1
LN2025107266,26,Male,Married,2,Salaried,1,24400.0,0.0,0.0,772,Vehicle,310000.0,48,350000.0,Semi-Urban,1
LN2025106342,39,Female,Married,2,Salaried,18,52000.0,0.0,6100.0,633,Personal,240000.0,36,0.0,Urban,0
LN2025101598,34,Female,Married,2,Salaried,14,9800.0,0.0,0.0,579,Personal,370000.0,24,0.0,Semi-Urban,0
LN2025102137,41,Male,Married,2,SEP,13,26100.0,0.0,6700.0,683,Vehicle,190000.0,84,220000.0,Semi-Urban,1
LN2025106669,34,Male,Married,2,Salaried,12,38300.0,0.0,0.0,729,Personal,170000.0,12,0.0,Urban,1
LN2025105641,34,Male,Single,0,Salaried,11,34100.0,0.0,0.0,745,Personal,370000.0,48,0.0,Urban,1
LN2025103874,38,Male,Married,1,Salaried,17,35500.0,0.0,0.0,771,Personal,170000.0,48,0.0,Rural,1
LN2025107660,36,Female,Married,3,Salaried,12,95200.0,27000.0,15000.0,822,Personal,380000.0,60,0.0,Urban,1
LN2025107803,58,Male,Married,2,SEP,33,81600.0,0.0,0.0,597,Vehicle,150000.0,12,150000.0,Rural,0
LN2025100736,49,Male,Married,2,Salaried,25,74900.0,0.0,0.0,734,Vehicle,670000.0,48,850000.0,Semi-Urban,0
LN2025101893,25,Female,Married,0,SENP,0,22200.0,25700.0,4500.0,-1,Home,2280000.0,300,3040000.0,Semi-Urban,0
LN2025107785,51,Male,Married,1,SENP,30,26400.0,21200.0,0.0,753,Business,600000.0,84,1080000.0,Rural,1
LN2025108796,33,Female,Married,0,Salaried,11,44500.0,68500.0,14600.0,752,Home,4400000.0,180,7540000.0,Urban,1
LN2025105359,29,Male,Single,0,Salaried,5,36700.0,0.0,0.0,-1,Personal,200000.0,36,0.0,Urban,0
LN2025109660,22,Male,Married,0,Salaried,0,28500.0,0.0,0.0,672,Vehicle,460000.0,48,510000.0,Urban,0
LN2025100976,25,Male,Married,2,SEP,0,89800.0,26100.0,0.0,638,Business,3220000.0,60,4730000.0,Semi-Urban,0
LN2025107225,44,Female,Married,2,Salaried,22,85400.0,0.0,8500.0,721,Personal,850000.0,60,0.0,Semi-Urban,1
LN2025101542,50,Female,Married,2,SENP,25,61300.0,17100.0,3800.0,747,Vehicle,360000.0,84,420000.0,Rural,1
LN2025100292,34,Female,Married,2,SEP,6,46000.0,0.0,6000.0,773,Personal,730000.0,60,0.0,Semi-Urban,1
LN2025102161,38,Male,Single,1,Salaried,15,92300.0,0.0,14000.0,776,Personal,400000.0,60,0.0,Semi-Urban,1
LN2025102456,32,Male,Married,2,Salaried,10,48800.0,0.0,17500.0,639,Personal,230000.0,36,0.0,Semi-Urban,0
LN2025106444,31,Female,Single,1,Salaried,5,69100.0,0.0,0.0,739,Vehicle,60000.0,36,80000.0,Semi-Urban,1
LN2025103475,50,Male,Married,2,Salaried,29,28200.0,0.0,1600.0,735,Vehicle,210000.0,60,220000.0,Rural,1
LN2025103589,20,Male,Single,0,Salaried,0,17900.0,0.0,700.0,900,Personal,90000.0,48,0.0,Rural,0
LN2025109087,23,Male,Single,0,Salaried,0,26000.0,0.0,900.0,631,Vehicle,420000.0,84,490000.0,Urban,0
LN2025104507,31,Male,Married,1,Salaried,7,64200.0,0.0,0.0,713,Personal,840000.0,24,0.0,Semi-Urban,0
LN2025103397,34,Male,Married,3,Salaried,12,33700.0,26600.0,0.0,739,Home,1580000.0,120,2340000.0,Rural,0
LN2025105711,44,Female,Married,2,SENP,14,80300.0,0.0,10500.0,709,Home,2000000.0,240,3430000.0,Urban,1
LN2025102511,26,Female,Single,0,Salaried,8,52800.0,17200.0,0.0,569,Home,4820000.0,360,7940000.0,Semi-Urban,0
LN2025102203,42,Female,Married,1,SENP,23,39900.0,22700.0,0.0,850,Home,1910000.0,240,2900000.0,Semi-Urban,1
LN2025100791,27,Male,Single,0,Salaried,4,20100.0,0.0,0.0,691,Home,500000.0,360,830000.0,Semi-Urban,1
LN2025104906,38,Female,Married,2,Salaried,12,68700.0,32300.0,0.0,711,Home,5170000.0,240,11630000.0,Rural,1
LN2025100977,38,Male,Married,0,Salaried,14,32400.0,0.0,7200.0,773,Vehicle,110000.0,24,110000.0,Rural,1
LN2025106195,29,Male,Single,0,SEP,0,85600.0,0.0,23900.0,826,Business,980000.0,24,0.0,Urban,0
LN2025106045,39,Male,Married,1,Salaried,15,138100.0,54200.0,0.0,859,Business,2350000.0,24,5660000.0,Semi-Urban,1
LN2025109311,52,Female,Married,1,SEP,27,176600.0,29500.0,0.0,768,Home,8260000.0,120,10660000.0,Urban,0
LN2025102505,41,Male,Married,1,Salaried,19,99800.0,0.0,0.0,774,Vehicle,420000.0,84,510000.0,Urban,1
LN2025101817,39,Male,Married,2,Salaried,18,40000.0,39600.0,0.0,683,Personal,690000.0,36,0.0,Rural,0
LN2025103316,41,Male,Married,2,Salaried,15,41500.0,45700.0,26000.0,784,Home,2820000.0,180,5000000.0,Urban,0
LN2025101966,46,Female,Married,1,SENP,26,171200.0,25500.0,0.0,742,Home,6190000.0,180,9940000.0,Semi-Urban,1
LN2025103393,36,Male,Married,2,SEP,9,51600.0,0.0,0.0,-1,Vehicle,100000.0,24,110000.0,Semi-Urban,1
LN2025102568,21,Male,Single,0,Salaried,0,34000.0,44400.0,0.0,775,Business,580000.0,36,1140000.0,Urban,0
LN2025100006,45,Male,Married,1,Salaried,19,29300.0,0.0,0.0,647,Personal,220000.0,36,0.0,Urban,0
LN2025101038,29,Female,Married,3,Salaried,3,51300.0,0.0,10800.0,644,Personal,610000.0,48,0.0,Urban,0
LN2025105096,35,Male,Married,1,Salaried,13,62200.0,18500.0,0.0,714,Vehicle,300000.0,84,340000.0,Urban,1
LN2025104760,22,Male,Single,0,Salaried,0,32500.0,0.0,0.0,776,Home,850000.0,180,1160000.0,Semi-Urban,0
LN2025107971,27,Male,Single,3,Salaried,3,50600.0,0.0,4900.0,764,Vehicle,700000.0,48,820000.0,Urban,0
LN2025102008,35,Male,Married,2,Salaried,10,22100.0,0.0,0.0,802,Personal,320000.0,48,0.0,Rural,1
LN2025100613,21,Female,Single,0,SENP,0,20100.0,0.0,3100.0,742,Business,480000.0,24,0.0,Urban,0
LN2025100007,34,Male,Married,2,SENP,8,365600.0,0.0,13500.0,658,Business,4060000.0,36,6770000.0,Urban,1
LN2025103007,32,Female,Married,1,Salaried,6,23600.0,0.0,4600.0,720,Personal,200000.0,60,0.0,Rural,1
LN2025104287,38,Female,Married,2,SENP,8,50000.0,0.0,3300.0,782,Personal,710000.0,48,0.0,Urban,1
LN2025108301,33,Male,Single,0,SENP,3,37400.0,0.0,0.0,750,Business,200000.0,36,0.0,Semi-Urban,1
LN2025106249,34,Male,Married,0,SEP,6,56100.0,54400.0,0.0,784,Home,3910000.0,240,4210000.0,Urban,0
LN2025108797,50,Male,Married,2,SEP,21,178300.0,0.0,0.0,-1,Business,1010000.0,84,1890000.0,Semi-Urban,1
LN2025102604,39,Male,Married,1,SENP,14,20100.0,74600.0,0.0,739,Home,3160000.0,180,6130000.0,Semi-Urban,1
LN2025100909,32,Male,Married,1,Salaried,8,21400.0,0.0,0.0,664,Personal,230000.0,12,0.0,Urban,0
LN2025105620,38,Male,Married,1,Salaried,16,29400.0,12100.0,6300.0,806,Personal,150000.0,48,0.0,Rural,1
LN2025105240,27,Female,Single,0,Salaried,5,37800.0,0.0,0.0,779,Personal,140000.0,60,0.0,Semi-Urban,0
LN2025100812,27,Male,Single,0,Salaried,5,22500.0,37400.0,0.0,522,Home,1160000.0,240,1680000.0,Urban,0
LN2025106331,39,Male,Married,3,Salaried,19,53600.0,0.0,0.0,758,Vehicle,140000.0,24,180000.0,Urban,1
LN2025104900,46,Male,Single,3,SENP,21,95500.0,0.0,0.0,694,Vehicle,1130000.0,48,1350000.0,Rural,1
LN2025109051,25,Male,Single,0,Salaried,3,27600.0,0.0,0.0,717,Vehicle,80000.0,24,90000.0,Semi-Urban,0
LN2025106214,35,Male,Married,1,Salaried,11,87000.0,50800.0,0.0,809,Home,4500000.0,240,8240000.0,Urban,1
LN2025104764,33,Female,Married,3,Salaried,11,41800.0,0.0,0.0,755,Home,1950000.0,240,2440000.0,Urban,1
LN2025109396,39,Male,Married,2,Salaried,15,57200.0,0.0,0.0,739,Vehicle,410000.0,48,440000.0,Rural,1
LN2025102124,38,Female,Married,1,Salaried,15,46300.0,28300.0,0.0,745,Vehicle,780000.0,60,970000.0,Urban,1
LN2025103273,23,Male,Single,1,Salaried,0,120900.0,0.0,0.0,712,Home,8490000.0,300,14720000.0,Urban,0
LN2025108807,24,Male,Married,1,Salaried,0,58700.0,46200.0,0.0,612,Personal,430000.0,36,0.0,Urban,0
LN2025107557,40,Male,Married,1,Salaried,18,85700.0,20300.0,3100.0,812,Home,3340000.0,300,3930000.0,Urban,0
LN2025105342,27,Male,Single,0,SENP,4,92600.0,0.0,0.0,749,Personal,400000.0,36,0.0,Semi-Urban,1
LN2025101601,48,Male,Married,0,SEP,18,144000.0,28700.0,21600.0,784,Personal,1080000.0,36,0.0,Semi-Urban,1
LN2025104326,57,Female,Married,3,SENP,29,121800.0,58200.0,0.0,821,Home,4190000.0,360,5060000.0,Urban,0
LN2025107299,23,Male,Single,1,Salaried,3,32000.0,0.0,0.0,755,Home,880000.0,360,1460000.0,Rural,1
LN2025103145,34,Male,Married,3,Salaried,10,92200.0,0.0,0.0,792,Personal,620000.0,12,0.0,Urban,0
LN2025105267,40,Female,Married,1,SEP,9,34200.0,0.0,0.0,754,Personal,140000.0,60,0.0,Semi-Urban,1
LN2025108561,29,Male,Single,0,Salaried,7,11200.0,0.0,0.0,808,Home,500000.0,300,630000.0,Rural,0
LN2025102235,43,Male,Married,3,SENP,22,128500.0,21500.0,16500.0,818,Home,3090000.0,240,5680000.0,Semi-Urban,1
LN2025101142,22,Male,Single,1,SENP,0,100000.0,0.0,14700.0,741,Vehicle,1380000.0,60,1710000.0,Urban,0
LN2025101354,21,Male,Single,1,Salaried,0,30500.0,0.0,0.0,741,Personal,190000.0,48,0.0,Semi-Urban,0
LN2025102871,28,Male,Married,3,Salaried,4,33300.0,0.0,0.0,723,Personal,450000.0,48,0.0,Urban,1
LN2025105555,44,Female,Married,1,Salaried,23,90000.0,39800.0,9500.0,621,Home,4740000.0,180,10920000.0,Semi-Urban,0
LN2025106632,27,Male,Married,2,Salaried,5,43200.0,0.0,0.0,-1,Personal,640000.0,48,0.0,Semi-Urban,0
LN2025101510,40,Female,Married,1,Salaried,14,56200.0,21000.0,0.0,-1,Vehicle,730000.0,60,1020000.0,Urban,1
LN2025109548,25,Male,Single,0,Salaried,1,18000.0,0.0,0.0,769,Home,820000.0,360,1180000.0,Semi-Urban,1
LN2025105852,27,Male,Unknown,0,Salaried,6,41300.0,28200.0,0.0,706,Home,2960000.0,240,5210000.0,Urban,1
LN2025104607,23,Female,Single,1,Salaried,0,28900.0,0.0,0.0,699,Vehicle,550000.0,36,670000.0,Semi-Urban,0
LN2025109557,45,Male,Married,0,Salaried,23,64800.0,0.0,0.0,869,Home,1550000.0,180,2370000.0,Semi-Urban,1
LN2025106530,48,Male,Married,0,SEP,23,149800.0,21300.0,8900.0,604,Home,3230000.0,240,4120000.0,Urban,0
LN2025109078,30,Female,Married,0,Salaried,8,18500.0,0.0,0.0,748,Vehicle,140000.0,60,160000.0,Urban,1
LN2025104953,35,Female,Married,0,Salaried,12,30800.0,0.0,6800.0,710,Personal,370000.0,24,0.0,Semi-Urban,0
LN2025102159,35,Male,Married,1,Salaried,12,38500.0,0.0,0.0,763,Vehicle,140000.0,36,190000.0,Rural,1
LN2025107806,38,Male,Married,2,Salaried,15,27400.0,0.0,0.0,776,Home,1560000.0,240,3060000.0,Rural,1
LN2025100171,22,Female,Single,1,Salaried,0,14000.0,0.0,1800.0,-1,Personal,90000.0,24,0.0,Rural,0
LN2025102315,35,Male,Married,2,SENP,11,75000.0,19900.0,0.0,774,Business,650000.0,48,1110000.0,Rural,1
LN2025105061,45,Female,Married,0,SEP,19,68000.0,119900.0,36000.0,732,Personal,790000.0,24,0.0,Urban,1
LN2025104462,31,Male,Married,1,SEP,1,58100.0,0.0,0.0,706,Business,330000.0,24,590000.0,Rural,0
LN2025107123,20,Male,Single,2,Salaried,0,47200.0,0.0,0.0,712,Vehicle,320000.0,48,330000.0,Urban,0
LN2025103400,39,Male,Single,1,SENP,15,238500.0,64100.0,0.0,737,Business,2440000.0,60,4460000.0,Urban,1
LN2025109425,38,Male,Married,1,Salaried,13,44000.0,0.0,0.0,861,Home,2050000.0,240,2360000.0,Semi-Urban,1
LN2025105646,29,Male,Single,0,SENP,1,29100.0,0.0,2000.0,729,Business,140000.0,48,240000.0,Urban,0
LN2025105851,25,Female,Single,0,Salaried,3,31400.0,18600.0,9500.0,789,Home,2300000.0,240,3810000.0,Urban,0
LN2025100246,29,Female,Married,3,SENP,6,73900.0,103800.0,0.0,839,Vehicle,2570000.0,48,3020000.0,Urban,1
LN2025107610,45,Female,Married,2,Salaried,20,73800.0,0.0,0.0,711,Vehicle,70000.0,36,90000.0,Urban,1
LN2025104929,30,Male,Married,2,SEP,2,38500.0,0.0,3300.0,623,Business,270000.0,60,0.0,Rural,0
LN2025103558,36,Male,Married,1,Salaried,11,47500.0,63500.0,0.0,726,Home,4140000.0,180,6830000.0,Urban,1
LN2025100063,36,Female,Married,3,Salaried,12,81900.0,52000.0,0.0,-1,Vehicle,870000.0,84,950000.0,Urban,1
LN2025105632,55,Male,Married,2,Salaried,30,51300.0,45400.0,5600.0,576,Home,2480000.0,360,4020000.0,Semi-Urban,0
LN2025107542,33,Female,Married,1,SENP,7,96600.0,0.0,0.0,753,Business,680000.0,24,1890000.0,Urban,1
LN2025100978,48,Transgender,Married,0,Salaried,23,30800.0,0.0,0.0,-1,Vehicle,70000.0,36,70000.0,Rural,1
LN2025102673,51,Male,Married,2,SENP,24,91400.0,0.0,0.0,780,Business,620000.0,24,0.0,Semi-Urban,1
LN2025103888,39,Male,Married,3,Salaried,16,46800.0,40200.0,13400.0,771,Home,4520000.0,180,7510000.0,Semi-Urban,0
LN2025109149,35,Male,Married,3,Salaried,11,24400.0,16300.0,0.0,735,Personal,200000.0,48,0.0,Semi-Urban,0
LN2025106739,54,Male,Single,0,SENP,30,64500.0,0.0,0.0,-1,Business,390000.0,60,780000.0,Semi-Urban,1
LN2025109046,31,Female,Single,0,Salaried,8,29300.0,0.0,0.0,759,Personal,350000.0,36,0.0,Rural,1
LN2025109807,28,Male,Single,3,SENP,5,63600.0,79300.0,0.0,593,Business,1160000.0,36,0.0,Semi-Urban,0
LN2025107445,42,Male,Married,3,SENP,15,106400.0,0.0,0.0,666,Home,2580000.0,240,3340000.0,Semi-Urban,0
LN2025106309,41,Male,Married,0,Salaried,21,54200.0,30200.0,19600.0,711,Home,3340000.0,180,3930000.0,Urban,0
LN2025102767,33,Male,Married,0,Salaried,13,41600.0,0.0,0.0,686,Personal,150000.0,36,0.0,Rural,1
LN2025108966,50,Male,Married,3,Salaried,26,40000.0,0.0,0.0,705,Business,480000.0,48,0.0,Rural,1
LN2025100687,51,Male,Widowed,2,SENP,27,161800.0,0.0,0.0,739,Business,1710000.0,36,2750000.0,Rural,0
LN2025102746,30,Male,Single,1,Salaried,6,34600.0,0.0,0.0,-1,Personal,370000.0,60,0.0,Urban,0
LN2025107082,32,Male,Married,2,Salaried,9,32800.0,0.0,0.0,745,Personal,150000.0,48,0.0,Semi-Urban,1
LN2025107643,32,Male,Married,1,Salaried,12,57500.0,0.0,0.0,707,Home,2920000.0,180,4710000.0,Semi-Urban,1
LN2025108172,55,Male,Married,0,SENP,27,64200.0,36600.0,0.0,661,Business,290000.0,48,460000.0,Semi-Urban,1
LN2025104800,30,Female,Married,1,Salaried,7,21500.0,0.0,1200.0,674,Home,2805000.0,240,760000.0,Semi-Urban,0
LN2025107537,28,Male,Married,2,Salaried,3,49100.0,0.0,1500.0,874,Personal,240000.0,24,0.0,Semi-Urban,1
LN2025108053,37,Female,Married,1,SEP,8,51900.0,63200.0,4600.0,770,Home,2805000.0,120,4080000.0,Urban,0
LN2025101086,26,Male,Single,1,Salaried,1,29500.0,0.0,0.0,636,Personal,410000.0,12,0.0,Semi-Urban,0
LN2025103553,40,Male,Married,3,Salaried,12,77800.0,0.0,0.0,704,Vehicle,140000.0,24,140000.0,Urban,1
LN2025106512,60,Male,Married,0,SENP,17,105000.0,0.0,3600.0,-1,Business,410000.0,36,0.0,Rural,1
LN2025104950,31,Male,Married,1,Salaried,11,60400.0,18600.0,7200.0,873,Home,2300000.0,120,3980000.0,Rural,1
LN2025100096,27,Male,Single,1,Salaried,2,75600.0,0.0,0.0,863,Home,1940000.0,180,2300000.0,Urban,1
LN2025103110,42,Female,Married,3,SENP,21,34500.0,45800.0,13500.0,578,Business,310000.0,24,430000.0,Urban,0
LN2025102733,39,Male,Married,3,Salaried,14,35500.0,0.0,0.0,757,Vehicle,250000.0,60,340000.0,Urban,1
LN2025103559,32,Male,Married,1,Salaried,12,75200.0,0.0,19800.0,825,Vehicle,830000.0,84,1090000.0,Rural,1
LN2025105237,29,Female,Married,2,Salaried,4,37000.0,0.0,0.0,719,Vehicle,140000.0,36,180000.0,Semi-Urban,0
LN2025102686,49,Male,Married,0,SEP,22,172300.0,0.0,0.0,654,Business,1990000.0,36,5210000.0,Urban,1
LN2025107796,32,Male,Married,0,SEP,4,45800.0,0.0,0.0,633,Personal,480000.0,24,0.0,Semi-Urban,0
LN2025109398,36,Male,Married,3,Salaried,10,51000.0,24600.0,0.0,788,Vehicle,760000.0,84,880000.0,Semi-Urban,1
LN2025103619,20,Male,Single,0,Salaried,0,18300.0,0.0,0.0,-1,Personal,140000.0,36,0.0,Rural,0
LN2025109134,33,Male,Married,2,Salaried,8,35100.0,0.0,3600.0,770,Vehicle,60000.0,24,70000.0,Urban,1
LN2025106958,32,Female,Married,1,SEP,5,40100.0,0.0,600.0,720,Home,1970000.0,240,5040000.0,Rural,1
LN2025108269,41,Male,Divorced,0,Salaried,15,46700.0,60100.0,43800.0,631,Personal,270000.0,12,0.0,Rural,0
LN2025108022,35,Male,Single,0,Salaried,11,44000.0,0.0,0.0,802,Personal,500000.0,12,0.0,Urban,0
LN2025108920,52,Male,Married,3,SENP,26,107100.0,0.0,0.0,-1,Business,1410000.0,12,1950000.0,Urban,0
LN2025109741,35,Male,Married,3,Salaried,14,105400.0,0.0,22000.0,825,Personal,570000.0,24,0.0,Urban,1
LN2025108226,20,Female,Single,0,Salaried,0,48900.0,0.0,0.0,758,Vehicle,450000.0,60,570000.0,Urban,0
LN2025106854,39,Male,Married,2,Salaried,13,27500.0,0.0,0.0,655,Vehicle,180000.0,48,250000.0,Rural,1
LN2025107078,44,Female,Married,0,SENP,20,30700.0,0.0,0.0,634,Vehicle,470000.0,48,620000.0,Rural,0
LN2025106715,53,Male,Married,2,SENP,34,28500.0,74500.0,0.0,740,Business,240000.0,24,0.0,Rural,1
LN2025107649,40,Male,Married,2,Salaried,19,63900.0,0.0,0.0,632,Home,870000.0,180,1310000.0,Semi-Urban,0
LN2025103293,34,Male,Married,1,SENP,8,148500.0,0.0,18000.0,730,Vehicle,120000.0,36,140000.0,Semi-Urban,1
LN2025105468,32,Male,Married,0,Salaried,11,67900.0,27100.0,17000.0,-1,Personal,570000.0,24,0.0,Rural,1
LN2025101567,56,Male,Married,0,SENP,36,69600.0,0.0,0.0,739,Business,720000.0,60,1070000.0,Urban,1
LN2025107304,38,Female,Married,2,Salaried,14,16200.0,0.0,0.0,697,Personal,60000.0,60,0.0,Rural,1
LN2025100748,36,Female,Single,0,Salaried,12,63600.0,0.0,0.0,863,Vehicle,630000.0,60,740000.0,Rural,1
LN2025109753,26,Male,Single,1,Salaried,6,32900.0,0.0,8200.0,666,Personal,180000.0,48,0.0,Rural,0
LN2025107263,22,Male,Single,0,Salaried,0,50300.0,0.0,3700.0,692,Vehicle,470000.0,60,580000.0,Urban,0
LN2025106969,32,Male,Married,3,SENP,9,36500.0,33900.0,24400.0,696,Personal,730000.0,60,0.0,Urban,0
LN2025105504,28,Female,Single,1,Salaried,4,49600.0,0.0,0.0,702,Personal,300000.0,48,0.0,Urban,1
LN2025101411,39,Male,Married,1,SENP,12,93300.0,13800.0,0.0,690,Business,970000.0,36,1600000.0,Rural,1
LN2025109689,44,Unknown,Married,1,SENP,22,65800.0,0.0,11100.0,660,Personal,440000.0,60,0.0,Semi-Urban,0
LN2025106874,42,Male,Single,0,SENP,20,41100.0,0.0,13300.0,670,Vehicle,120000.0,12,130000.0,Urban,0
LN2025108176,37,Male,Married,1,SEP,8,148900.0,16700.0,2900.0,807,Home,8140000.0,240,13200000.0,Urban,1
LN2025107486,41,Male,Married,1,Salaried,17,30800.0,0.0,0.0,760,Personal,160000.0,60,0.0,Urban,1
LN2025109457,49,Male,Married,2,Salaried,23,24700.0,0.0,0.0,739,Vehicle,140000.0,12,170000.0,Semi-Urban,1
LN2025100660,29,Male,Married,2,SEP,1,33000.0,0.0,2100.0,653,Personal,80000.0,24,0.0,Semi-Urban,0
LN2025101165,33,Male,Married,1,SENP,8,69900.0,47900.0,0.0,806,Home,2960000.0,240,4410000.0,Semi-Urban,1
LN2025105186,42,Male,Unknown,1,Salaried,19,54700.0,0.0,0.0,801,Home,1770000.0,180,3040000.0,Urban,1
LN2025105844,42,Male,Widowed,2,Salaried,18,35400.0,0.0,0.0,748,Vehicle,100000.0,48,120000.0,Semi-Urban,1
LN2025103182,29,Male,Single,0,SENP,2,43100.0,68400.0,34000.0,703,Home,4890000.0,240,7550000.0,Urban,0
LN2025109635,25,Male,Single,0,Salaried,0,16000.0,16800.0,0.0,731,Home,1620000.0,240,1930000.0,Rural,0
LN2025106536,44,Male,Married,2,Salaried,24,57300.0,0.0,1600.0,703,Personal,610000.0,12,0.0,Urban,0
LN2025105036,35,Female,Married,0,SEP,9,129000.0,69300.0,75600.0,736,Home,5810000.0,360,8060000.0,Semi-Urban,0
LN2025101253,39,Male,Married,1,SEP,13,62300.0,137400.0,0.0,730,Home,10700000.0,300,13140000.0,Urban,0
LN2025104491,31,Male,Married,2,SEP,1,118000.0,39800.0,0.0,782,Home,5940000.0,300,6760000.0,Semi-Urban,0
LN2025108256,34,Male,Married,0,Salaried,13,46800.0,30900.0,0.0,697,Vehicle,410000.0,60,580000.0,Urban,1
LN2025107562,45,Female,Married,3,SENP,25,61500.0,60400.0,0.0,732,Vehicle,840000.0,84,840000.0,Urban,1
LN2025105409,55,Female,Single,0,SENP,31,194800.0,0.0,0.0,774,Business,1530000.0,60,3550000.0,Urban,1
LN2025102136,47,Female,Married,1,SEP,19,303100.0,0.0,66000.0,702,Business,1900000.0,24,3500000.0,Urban,1
LN2025103840,26,Male,Married,2,Salaried,5,26100.0,48400.0,0.0,766,Home,1660000.0,120,3440000.0,Urban,1
LN2025108778,58,Male,Married,2,SENP,37,467900.0,12800.0,0.0,732,Home,20300000.0,180,31470000.0,Urban,0
LN2025107828,38,Male,Married,1,Salaried,16,131100.0,47600.0,0.0,712,Home,4850000.0,240,7530000.0,Urban,1
LN2025104898,47,Female,Married,2,SEP,12,133500.0,0.0,0.0,852,Home,4930000.0,120,10140000.0,Urban,1
LN2025105576,37,Male,Single,0,Salaried,15,66500.0,0.0,0.0,739,Personal,280000.0,60,0.0,Urban,1
LN2025103458,49,Male,Married,2,SEP,24,45400.0,0.0,3500.0,802,Personal,190000.0,48,0.0,Rural,1
LN2025102297,46,Male,Married,0,Salaried,26,117800.0,0.0,0.0,661,Vehicle,1290000.0,36,1320000.0,Semi-Urban,0
LN2025106239,56,Male,Married,2,SENP,29,391700.0,0.0,0.0,-1,Business,3870000.0,24,6230000.0,Semi-Urban,1
LN2025106021,37,Male,Married,2,Salaried,17,36400.0,50000.0,0.0,704,Home,2960000.0,240,5250000.0,Urban,1
LN2025106519,22,Male,Single,1,Salaried,2,75600.0,0.0,0.0,805,Personal,810000.0,36,0.0,Urban,1
LN2025100670,40,Male,Married,1,SENP,11,18900.0,22300.0,3200.0,731,Vehicle,290000.0,60,390000.0,Semi-Urban,1
LN2025109708,32,Female,Married,0,Salaried,10,40600.0,0.0,0.0,696,Personal,310000.0,12,0.0,Urban,0
LN2025109323,22,Male,Single,0,Salaried,0,19600.0,0.0,1700.0,631,Home,890000.0,300,1280000.0,Semi-Urban,1
LN2025106486,45,Male,Single,0,SEP,16,99300.0,0.0,0.0,827,Personal,1420000.0,60,0.0,Rural,1
LN2025101052,29,Female,Single,1,Salaried,7,48100.0,0.0,6000.0,688,Home,1910000.0,240,2550000.0,Urban,0
LN2025100179,33,Female,Married,3,Salaried,9,37200.0,53800.0,19800.0,790,Vehicle,60000.0,36,70000.0,Urban,1
LN2025102769,43,Male,Married,0,Salaried,19,139400.0,32500.0,0.0,848,Personal,2160000.0,24,0.0,Urban,0
LN2025107356,25,Male,Single,0,Salaried,0,43200.0,0.0,0.0,839,Personal,180000.0,36,0.0,Urban,0
LN2025103717,59,Female,Married,1,SEP,34,221100.0,0.0,28900.0,739,Personal,1820000.0,24,0.0,Urban,0
LN2025106132,46,Male,Married,2,SENP,23,51100.0,0.0,4100.0,753,Business,990000.0,12,1470000.0,Semi-Urban,0
LN2025101646,28,Male,Single,0,SENP,6,16000.0,0.0,0.0,677,Business,170000.0,36,380000.0,Semi-Urban,1
LN2025103014,43,Male,Married,1,Salaried,22,35200.0,13700.0,20500.0,630,Home,1210000.0,180,2570000.0,Semi-Urban,0
LN2025108012,38,Male,Married,0,SEP,8,57600.0,19900.0,17100.0,783,Business,400000.0,36,0.0,Semi-Urban,1
LN2025104086,56,Male,Married,1,SENP,35,235100.0,21700.0,0.0,-1,Vehicle,3010000.0,48,3100000.0,Urban,1
LN2025106651,44,Female,Married,1,Salaried,22,296400.0,34500.0,0.0,744,Personal,2370000.0,48,0.0,Urban,1
LN2025102421,29,Male,Single,0,Salaried,6,44600.0,0.0,0.0,880,Personal,140000.0,36,0.0,Semi-Urban,1
LN2025109495,29,Male,Married,1,Salaried,6,43000.0,20900.0,0.0,857,Home,3610000.0,180,5030000.0,Urban,0
LN2025105004,43,Female,Married,1,SENP,19,35700.0,10700.0,0.0,535,Vehicle,320000.0,48,320000.0,Urban,0
LN2025108722,41,Male,Married,3,Salaried,19,38900.0,0.0,5900.0,814,Personal,370000.0,36,0.0,Urban,1
LN2025101269,28,Male,Married,3,SENP,6,25800.0,0.0,0.0,808,Business,150000.0,24,0.0,Rural,1
LN2025106677,36,Male,Married,3,Salaried,11,94700.0,14300.0,21800.0,640,Personal,810000.0,12,0.0,Rural,0
LN2025106007,39,Male,Married,0,SEP,9,81200.0,0.0,0.0,726,Personal,460000.0,24,0.0,Urban,1
LN2025102867,26,Male,Single,1,Salaried,6,53100.0,21600.0,29700.0,744,Personal,680000.0,24,0.0,Urban,0
LN2025105669,51,Female,Married,2,Salaried,29,36400.0,0.0,0.0,782,Home,2350000.0,180,3280000.0,Urban,0
LN2025102937,35,Male,Married,2,Salaried,11,26200.0,0.0,700.0,854,Vehicle,430000.0,36,520000.0,Semi-Urban,0
LN2025104228,39,Unknown,Married,0,SENP,17,762700.0,0.0,0.0,-1,Home,24300000.0,240,42270000.0,Urban,1
LN2025108946,36,Male,Married,1,Salaried,16,86400.0,47200.0,0.0,779,Home,5000000.0,120,9530000.0,Urban,1
LN2025109629,30,Male,Single,0,SENP,8,88400.0,0.0,0.0,795,Business,1100000.0,36,0.0,Semi-Urban,1
LN2025105983,35,Male,Married,0,Salaried,11,47400.0,0.0,0.0,645,Personal,350000.0,24,0.0,Urban,0
LN2025107744,32,Male,Married,1,SENP,12,89400.0,0.0,15500.0,640,Vehicle,1660000.0,84,1840000.0,Semi-Urban,0
LN2025105272,43,Male,Married,3,SEP,15,171400.0,30700.0,30400.0,756,Home,5220000.0,240,13860000.0,Urban,1
LN2025106893,31,Female,Married,1,Salaried,8,33500.0,56300.0,0.0,832,Home,4790000.0,120,7970000.0,Semi-Urban,0
LN2025103228,36,Female,Married,2,Salaried,16,58200.0,0.0,5300.0,637,Personal,470000.0,36,0.0,Urban,0
LN2025102706,43,Male,Married,1,Salaried,19,93600.0,0.0,0.0,-1,Personal,750000.0,60,0.0,Urban,1
LN2025107540,40,Male,Married,2,SENP,18,9700.0,18500.0,0.0,716,Home,650000.0,120,1070000.0,Semi-Urban,1
LN2025103770,44,Female,Married,2,Salaried,21,32500.0,38700.0,15100.0,626,Home,1050000.0,180,1240000.0,Rural,0
LN2025107466,30,Female,Married,3,Salaried,7,25800.0,35600.0,0.0,739,Personal,260000.0,24,0.0,Semi-Urban,1
LN2025104714,28,Male,Married,3,Salaried,5,15900.0,42900.0,0.0,-1,Personal,290000.0,48,0.0,Urban,0
LN2025108323,27,Female,Single,0,SEP,0,25200.0,0.0,0.0,810,Vehicle,340000.0,48,350000.0,Rural,0
LN2025100758,35,Male,Married,1,Salaried,11,30500.0,36400.0,24900.0,629,Vehicle,280000.0,60,370000.0,Semi-Urban,0
LN2025109056,40,Male,Married,3,Salaried,18,68900.0,0.0,9300.0,725,Vehicle,80000.0,36,110000.0,Semi-Urban,1
LN2025103198,30,Male,Single,1,Salaried,6,71700.0,0.0,3800.0,743,Personal,370000.0,36,0.0,Urban,0
LN2025106252,35,Male,Married,1,SENP,9,131000.0,44000.0,27000.0,672,Home,6870000.0,300,7350000.0,Urban,0
LN2025101571,40,Male,Married,3,Salaried,16,82500.0,0.0,0.0,785,Vehicle,570000.0,60,610000.0,Semi-Urban,1
LN2025103280,30,Male,Married,3,Salaried,8,149900.0,33000.0,0.0,743,Vehicle,1290000.0,48,1430000.0,Urban,1
LN2025102480,33,Male,Married,2,Salaried,9,44600.0,56500.0,25300.0,768,Home,2805000.0,120,4830000.0,Semi-Urban,1
LN2025106257,32,Female,Married,2,Salaried,8,28600.0,0.0,1500.0,764,Vehicle,220000.0,60,290000.0,Urban,1
LN2025108805,40,Male,Married,2,SENP,16,167600.0,39500.0,0.0,-1,Business,1510000.0,36,0.0,Urban,1
LN2025108247,30,Female,Married,3,Salaried,4,24300.0,0.0,0.0,708,Home,950000.0,300,1380000.0,Urban,1
LN2025107357,33,Male,Married,1,SENP,13,18200.0,0.0,0.0,749,Personal,140000.0,48,0.0,Urban,1
LN2025101954,40,Male,Married,0,Salaried,19,56500.0,0.0,15900.0,754,Business,110000.0,12,240000.0,Urban,1
LN2025105211,46,Female,Married,3,SENP,16,127600.0,21700.0,6400.0,694,Home,5480000.0,240,5950000.0,Semi-Urban,0
LN2025101579,35,Male,Married,1,SEP,6,34700.0,0.0,14500.0,672,Home,1140000.0,240,1940000.0,Urban,0
LN2025107928,65,Male,Married,2,SENP,38,35300.0,31700.0,0.0,730,Business,270000.0,84,0.0,Rural,0
LN2025101330,62,Male,Married,1,SENP,43,108800.0,33800.0,0.0,732,Business,1230000.0,24,0.0,Rural,0
LN2025105364,35,Female,Married,1,Salaried,13,81800.0,0.0,0.0,668,Personal,2180000.0,60,0.0,Urban,0
LN2025101769,57,Male,Single,0,SENP,36,86900.0,0.0,9500.0,787,Business,730000.0,36,0.0,Urban,1
LN2025104342,27,Female,Single,0,Salaried,6,29000.0,0.0,0.0,784,Vehicle,480000.0,48,600000.0,Urban,1
LN2025101012,43,Female,Married,1,Salaried,22,101000.0,0.0,0.0,703,Vehicle,1230000.0,84,1440000.0,Urban,1
LN2025104666,30,Male,Single,0,SENP,6,77300.0,50200.0,0.0,781,Home,3360000.0,300,9600000.0,Urban,1
LN2025107587,36,Male,Married,2,Salaried,15,63200.0,0.0,0.0,721,Personal,170000.0,60,0.0,Semi-Urban,1
LN2025106393,30,Male,Married,2,Salaried,7,70500.0,61900.0,0.0,715,Home,3750000.0,240,7760000.0,Urban,1
LN2025104494,45,Male,Married,1,SENP,17,361700.0,120500.0,0.0,791,Business,2210000.0,60,0.0,Urban,1
LN2025103605,38,Female,Married,1,Salaried,12,54700.0,19700.0,0.0,627,Home,2580000.0,240,7250000.0,Urban,1
LN2025105795,40,Male,Married,1,Salaried,14,50900.0,22400.0,17900.0,726,Vehicle,690000.0,60,950000.0,Urban,1
LN2025101247,49,Male,Married,2,SEP,21,631800.0,19300.0,0.0,716,Business,2470000.0,36,0.0,Urban,0
LN2025103371,43,Male,Married,0,Salaried,22,110800.0,0.0,38900.0,717,Vehicle,90000.0,24,120000.0,Urban,1
LN2025109356,41,Male,Married,3,SEP,14,97000.0,100900.0,0.0,783,Home,14880000.0,180,18010000.0,Semi-Urban,0
LN2025101894,36,Male,Single,0,Salaried,12,71600.0,27100.0,0.0,846,Home,4490000.0,180,6990000.0,Rural,1
LN2025105813,60,Female,Married,0,SENP,33,80100.0,0.0,21800.0,552,Home,3610000.0,240,4830000.0,Semi-Urban,0
LN2025105929,41,Male,Married,3,SEP,14,142800.0,0.0,0.0,-1,Vehicle,3010000.0,36,3530000.0,Rural,0
LN2025105300,39,Unknown,Married,2,SENP,13,44000.0,7300.0,10000.0,795,Business,510000.0,24,0.0,Rural,0
LN2025106120,26,Male,Married,1,SENP,1,31300.0,53200.0,0.0,742,Business,550000.0,12,0.0,Urban,0
LN2025103363,42,Male,Married,3,SENP,17,64200.0,0.0,0.0,841,Home,1820000.0,120,3000000.0,Urban,1
LN2025103491,36,Male,Married,2,SEP,8,120200.0,0.0,44800.0,790,Business,3250000.0,36,4660000.0,Urban,0
LN2025101011,28,Male,Single,0,SENP,7,36400.0,0.0,4600.0,785,Business,300000.0,48,540000.0,Urban,1
LN2025106659,45,Male,Married,2,SENP,22,144100.0,0.0,0.0,639,Home,4030000.0,180,5620000.0,Urban,0
LN2025105892,24,Male,Married,3,SEP,0,37100.0,10400.0,0.0,722,Home,1410000.0,300,2210000.0,Rural,0
LN2025107251,33,Male,Single,0,Salaried,8,31000.0,0.0,0.0,751,Home,1300000.0,240,2110000.0,Rural,1
LN2025107081,30,Male,Single,1,SEP,1,80700.0,0.0,0.0,739,Business,1350000.0,12,0.0,Urban,0
LN2025103303,41,Female,Married,1,SEP,12,84900.0,0.0,0.0,753,Business,250000.0,24,670000.0,Semi-Urban,1
LN2025106052,42,Male,Married,1,Salaried,18,80800.0,0.0,0.0,852,Vehicle,500000.0,60,530000.0,Rural,1
LN2025100574,24,Male,Single,0,SENP,1,300200.0,0.0,0.0,753,Home,13650000.0,300,18990000.0,Urban,0
LN2025100333,28,Male,Married,0,Salaried,5,82600.0,0.0,0.0,786,Business,1050000.0,60,0.0,Urban,1
LN2025107897,29,Male,Single,0,SENP,6,119300.0,0.0,0.0,677,Vehicle,600000.0,48,820000.0,Semi-Urban,1
LN2025102305,36,Female,Married,1,SENP,13,105600.0,67700.0,0.0,763,Vehicle,90000.0,12,110000.0,Urban,1
LN2025107453,26,Male,Single,3,Salaried,0,18000.0,0.0,0.0,733,Personal,120000.0,24,0.0,Semi-Urban,0
LN2025109277,21,Male,Single,0,Salaried,0,19800.0,0.0,0.0,624,Personal,110000.0,60,0.0,Rural,0
LN2025109180,38,Male,Married,2,Salaried,14,77000.0,38600.0,0.0,731,Home,6020000.0,240,11970000.0,Urban,1
LN2025105485,38,Male,Single,0,SEP,9,99500.0,0.0,0.0,-1,Home,4290000.0,300,5410000.0,Rural,1
LN2025108581,21,Male,Single,0,Salaried,0,72400.0,49300.0,31200.0,900,Home,4790000.0,180,6640000.0,Urban,0
LN2025106432,40,Male,Married,2,SEP,12,73700.0,38100.0,0.0,736,Personal,490000.0,36,0.0,Semi-Urban,1
LN2025103806,42,Male,Married,2,SENP,18,106200.0,0.0,0.0,807,Business,340000.0,60,970000.0,Semi-Urban,1
LN2025108928,20,Male,Single,0,Salaried,0,17400.0,0.0,3400.0,-1,Vehicle,130000.0,36,170000.0,Urban,0
LN2025100056,31,Male,Married,0,Salaried,10,69300.0,30300.0,25500.0,510,Vehicle,130000.0,36,180000.0,Urban,0
LN2025109639,41,Female,Married,0,Salaried,15,26800.0,0.0,0.0,735,Vehicle,140000.0,60,150000.0,Semi-Urban,1
LN2025107456,34,Female,Married,1,Salaried,10,28000.0,0.0,5100.0,807,Personal,140000.0,60,0.0,Semi-Urban,1
LN2025105006,34,Male,Married,2,Salaried,11,15100.0,0.0,0.0,724,Vehicle,80000.0,60,90000.0,Semi-Urban,1
LN2025103307,33,Male,Married,3,Salaried,12,32100.0,8800.0,0.0,743,Home,1510000.0,240,4310000.0,Semi-Urban,1
LN2025107481,34,Female,Single,1,Salaried,9,40700.0,0.0,0.0,-1,Home,1300000.0,300,1800000.0,Urban,1
LN2025102576,49,Female,Married,3,SEP,21,106400.0,88900.0,0.0,751,Business,960000.0,24,1750000.0,Urban,1
LN2025101462,35,Male,Married,3,Salaried,14,40700.0,0.0,8000.0,696,Home,970000.0,300,1650000.0,Urban,1
LN2025102623,31,Female,Unknown,0,SENP,10,112800.0,0.0,0.0,750,Home,2320000.0,240,5010000.0,Urban,1
LN2025107485,28,Female,Married,1,SEP,2,93200.0,0.0,0.0,764,Personal,660000.0,36,0.0,Urban,0
LN2025106815,35,Male,Single,0,Salaried,17,57700.0,0.0,0.0,782,Personal,420000.0,60,0.0,Rural,1
LN2025100532,42,Male,Married,1,Salaried,20,128200.0,0.0,0.0,710,Personal,500000.0,24,0.0,Urban,0
LN2025103115,46,Male,Married,2,Salaried,23,59400.0,0.0,0.0,788,Home,1590000.0,120,2620000.0,Semi-Urban,1
LN2025100836,45,Male,Married,2,SEP,14,350800.0,0.0,0.0,561,Business,3130000.0,36,4320000.0,Urban,0
LN2025106443,44,Female,Married,3,Salaried,12,57900.0,0.0,8000.0,721,Personal,540000.0,48,0.0,Urban,1
LN2025101292,41,Male,Single,0,SEP,14,64100.0,25700.0,21600.0,639,Home,4300000.0,120,6710000.0,Rural,0
LN2025109769,45,Female,Married,1,SENP,16,124700.0,19600.0,7400.0,707,Home,4740000.0,360,9250000.0,Semi-Urban,0
LN2025101074,51,Male,Married,1,SENP,26,106100.0,46100.0,34300.0,772,Business,1090000.0,36,1790000.0,Urban,1
LN2025108104,49,Male,Married,2,SEP,19,54200.0,0.0,0.0,829,Vehicle,600000.0,60,770000.0,Urban,1
LN2025108984,26,Female,Single,0,Salaried,1,14600.0,0.0,0.0,739,Vehicle,210000.0,60,260000.0,Urban,0
LN2025105195,29,Female,Married,0,Salaried,4,28800.0,39900.0,0.0,726,Home,2880000.0,240,6100000.0,Urban,1
LN2025108594,32,Female,Married,0,Salaried,10,63900.0,0.0,0.0,605,Home,1810000.0,240,2690000.0,Urban,0
LN2025103070,58,Male,Married,1,SENP,33,58400.0,40600.0,7600.0,731,Business,280000.0,60,380000.0,Urban,1
LN2025105625,24,Female,Single,0,SENP,0,8000.0,0.0,1700.0,-1,Personal,50000.0,12,0.0,Rural,0
LN2025104418,37,Male,Married,2,SEP,9,289100.0,65000.0,0.0,755,Business,3800000.0,36,6540000.0,Urban,1
LN2025108759,39,Male,Married,1,SENP,18,124300.0,0.0,0.0,689,Business,470000.0,48,0.0,Rural,1
LN2025100907,35,Male,Married,2,Salaried,9,90800.0,0.0,0.0,706,Personal,670000.0,36,0.0,Urban,1
LN2025105242,41,Female,Single,3,Salaried,18,53500.0,0.0,0.0,751,Personal,100000.0,36,0.0,Semi-Urban,1
LN2025105801,30,Male,Married,3,Salaried,6,59900.0,0.0,0.0,876,Personal,290000.0,60,0.0,Urban,1
LN2025104570,43,Female,Married,1,SENP,22,225200.0,0.0,0.0,770,Business,1320000.0,84,1800000.0,Urban,1
LN2025106420,42,Male,Divorced,0,Salaried,19,53800.0,0.0,0.0,578,Vehicle,260000.0,36,270000.0,Semi-Urban,0
LN2025104932,44,Female,Single,0,Salaried,21,33700.0,9300.0,0.0,710,Home,830000.0,180,1350000.0,Rural,1
LN2025102782,45,Female,Married,0,SENP,20,88600.0,0.0,0.0,826,Business,910000.0,48,1480000.0,Semi-Urban,1
LN2025108093,53,Male,Married,1,SEP,26,144900.0,0.0,17400.0,659,Business,720000.0,60,2050000.0,Urban,1
LN2025104054,32,Female,Married,1,SENP,9,84600.0,0.0,0.0,756,Vehicle,850000.0,36,850000.0,Semi-Urban,0
LN2025103412,33,Male,Married,0,Salaried,9,23700.0,0.0,0.0,740,Vehicle,110000.0,60,140000.0,Rural,1
LN2025101824,36,Male,Married,1,SENP,15,42200.0,0.0,9100.0,689,Home,2805000.0,300,2270000.0,Rural,0
LN2025102555,28,Female,Married,2,Salaried,6,22900.0,28400.0,0.0,889,Personal,60000.0,36,0.0,Semi-Urban,1
LN2025105438,63,Male,Married,0,SENP,17,149100.0,0.0,42200.0,623,Business,670000.0,24,1900000.0,Urban,0
LN2025107701,47,Male,Single,0,SEP,16,275200.0,201000.0,0.0,826,Home,13270000.0,180,20350000.0,Urban,1
LN2025100210,32,Male,Single,1,Salaried,6,23700.0,0.0,0.0,712,Vehicle,410000.0,84,540000.0,Rural,1
LN2025103035,44,Female,Married,2,SENP,24,141800.0,28200.0,55900.0,729,Home,6030000.0,180,6450000.0,Urban,0
LN2025105998,24,Unknown,Single,0,SEP,0,15700.0,0.0,0.0,690,Business,120000.0,60,0.0,Semi-Urban,0
LN2025101068,33,Female,Married,2,Salaried,11,54900.0,0.0,0.0,765,Personal,590000.0,36,0.0,Urban,1
LN2025104051,34,Male,Married,1,SEP,6,97700.0,0.0,14300.0,644,Home,3120000.0,360,5870000.0,Urban,0
LN2025109729,36,Male,Married,1,Salaried,13,84000.0,32700.0,0.0,724,Home,4850000.0,240,7580000.0,Urban,1
LN2025100369,29,Female,Married,0,Salaried,4,30700.0,78600.0,0.0,625,Vehicle,100000.0,24,110000.0,Semi-Urban,0
LN2025106507,46,Male,Married,1,SENP,25,90400.0,0.0,17300.0,-1,Home,2750000.0,180,4480000.0,Urban,1
LN2025102916,34,Male,Married,1,Salaried,9,54600.0,46300.0,18700.0,751,Home,3120000.0,240,4640000.0,Semi-Urban,1
LN2025106853,48,Male,Married,2,SENP,21,87800.0,0.0,0.0,757,Business,1600000.0,24,0.0,Urban,0
LN2025106198,46,Male,Married,3,Salaried,20,42100.0,0.0,11100.0,782,Home,2650000.0,120,5640000.0,Semi-Urban,0
LN2025105895,33,Female,Married,1,Salaried,10,50000.0,0.0,1900.0,584,Vehicle,380000.0,84,400000.0,Urban,0
LN2025101915,55,Male,Married,1,SENP,31,102400.0,0.0,0.0,764,Personal,1050000.0,12,0.0,Semi-Urban,0
LN2025102088,41,Female,Married,1,SEP,10,28300.0,0.0,0.0,833,Vehicle,130000.0,24,150000.0,Rural,1
LN2025105284,57,Male,Married,3,SENP,32,20800.0,0.0,2900.0,662,Personal,530000.0,24,0.0,Rural,0
LN2025103408,33,Female,Married,2,SEP,4,206300.0,41000.0,0.0,810,Home,10010000.0,360,15550000.0,Urban,1
LN2025106155,33,Male,Single,3,Salaried,12,58000.0,41100.0,38200.0,637,Home,3540000.0,180,5030000.0,Urban,0
LN2025107833,52,Male,Widowed,0,SEP,26,116900.0,114400.0,0.0,-1,Business,1200000.0,24,3170000.0,Semi-Urban,1
LN2025107647,25,Female,Single,0,Salaried,3,29500.0,0.0,0.0,698,Vehicle,420000.0,48,450000.0,Urban,0
LN2025102489,37,Male,Married,1,Salaried,14,27600.0,54700.0,19600.0,825,Personal,910000.0,48,0.0,Rural,1
LN2025109644,41,Male,Married,3,Salaried,12,45700.0,0.0,0.0,780,Home,2130000.0,180,3010000.0,Urban,1
LN2025103442,38,Male,Married,2,Salaried,15,53100.0,0.0,0.0,731,Home,1970000.0,240,2670000.0,Rural,1
LN2025108238,36,Female,Married,3,SENP,16,31100.0,0.0,0.0,702,Vehicle,250000.0,60,350000.0,Urban,0
LN2025102420,21,Male,Single,0,Salaried,0,32100.0,0.0,11000.0,714,Vehicle,350000.0,60,460000.0,Urban,0
LN2025103345,29,Male,Married,0,Salaried,4,66400.0,0.0,14400.0,819,Business,480000.0,12,0.0,Urban,0
LN2025108028,26,Male,Single,0,Salaried,5,40600.0,0.0,0.0,702,Personal,310000.0,36,0.0,Urban,1
LN2025103943,33,Female,Single,0,Salaried,11,21700.0,0.0,2000.0,664,Personal,110000.0,36,0.0,Semi-Urban,0
LN2025103109,44,Male,Married,2,SENP,24,26800.0,29000.0,0.0,678,Home,2180000.0,180,3280000.0,Urban,1
LN2025106794,28,Female,Single,0,Salaried,3,21200.0,0.0,0.0,800,Personal,350000.0,36,0.0,Urban,0
LN2025105406,35,Female,Married,1,Salaried,10,26000.0,0.0,0.0,655,Vehicle,200000.0,48,240000.0,Rural,1
LN2025108509,44,Male,Married,2,SENP,19,281800.0,0.0,0.0,742,Business,4260000.0,60,0.0,Semi-Urban,1
LN2025102079,50,Male,Married,1,Salaried,12,43800.0,0.0,3700.0,700,Personal,240000.0,24,0.0,Semi-Urban,1
LN2025106897,32,Female,Married,1,Salaried,10,55600.0,0.0,0.0,784,Personal,860000.0,36,0.0,Rural,1
LN2025104944,48,Female,Married,2,SEP,17,266500.0,0.0,87600.0,737,Business,1620000.0,36,0.0,Urban,1
LN2025101475,24,Male,Single,0,Salaried,0,44900.0,0.0,6400.0,739,Vehicle,110000.0,12,130000.0,Rural,0
LN2025102179,33,Female,Single,0,Salaried,11,36600.0,0.0,4200.0,720,Home,1010000.0,240,1920000.0,Urban,1
LN2025106940,44,Male,Married,0,SEP,16,149800.0,0.0,0.0,751,Home,2550000.0,240,3390000.0,Urban,1
LN2025109808,40,Female,Married,2,Salaried,20,80600.0,0.0,6400.0,789,Personal,450000.0,48,0.0,Rural,1
LN2025103343,38,Female,Married,3,Salaried,12,12700.0,0.0,0.0,759,Vehicle,100000.0,36,120000.0,Rural,0
LN2025106623,43,Female,Married,1,Salaried,20,95300.0,0.0,0.0,737,Vehicle,1100000.0,48,1130000.0,Rural,1
LN2025108469,36,Male,Married,1,Salaried,12,83000.0,0.0,0.0,696,Personal,930000.0,36,0.0,Urban,1
LN2025102887,29,Male,Married,0,Salaried,3,73100.0,0.0,0.0,808,Vehicle,580000.0,60,590000.0,Semi-Urban,1
LN2025106558,49,Male,Married,3,SEP,18,45800.0,0.0,6700.0,710,Personal,360000.0,36,0.0,Urban,1
LN2025102532,32,Male,Married,2,Salaried,6,35200.0,0.0,0.0,745,Home,1040000.0,240,1300000.0,Urban,1
LN2025105209,31,Male,Married,2,Salaried,5,25400.0,17600.0,0.0,756,Home,1820000.0,120,3520000.0,Rural,0
LN2025106752,34,Male,Married,1,Salaried,8,28300.0,0.0,9900.0,725,Personal,110000.0,36,0.0,Rural,0
LN2025100067,35,Male,Married,3,Salaried,13,61800.0,0.0,7200.0,743,Home,3600000.0,300,6300000.0,Urban,0
LN2025106482,34,Male,Married,1,Salaried,8,53500.0,130700.0,55000.0,773,Personal,1210000.0,24,0.0,Urban,1
LN2025107851,36,Male,Married,3,Salaried,12,34700.0,9400.0,0.0,-1,Vehicle,270000.0,60,330000.0,Semi-Urban,0
LN2025109853,24,Male,Single,0,Salaried,2,21100.0,35100.0,0.0,773,Vehicle,260000.0,36,310000.0,Rural,1
LN2025108190,45,Male,Married,2,SEP,14,113000.0,0.0,0.0,642,Home,3000000.0,240,6700000.0,Rural,1
LN2025103656,30,Male,Married,3,Salaried,8,71700.0,98900.0,0.0,764,Home,9020000.0,180,14480000.0,Semi-Urban,1
LN2025104638,44,Male,Married,2,SENP,17,37900.0,0.0,5800.0,715,Home,2570000.0,120,3960000.0,Urban,0
LN2025100408,50,Female,Married,1,SENP,22,71800.0,0.0,8000.0,829,Personal,500000.0,24,0.0,Urban,1
LN2025102385,25,Female,Married,2,Salaried,1,53200.0,36900.0,0.0,678,Home,5090000.0,360,7120000.0,Urban,0
LN2025100596,37,Female,Married,0,Salaried,13,22700.0,0.0,0.0,613,Vehicle,120000.0,12,140000.0,Rural,0
LN2025100413,29,Male,Single,0,Salaried,4,18900.0,7600.0,0.0,720,Home,1090000.0,240,1620000.0,Rural,0
LN2025107742,35,Male,Single,0,SENP,14,99400.0,24800.0,29500.0,753,Vehicle,1720000.0,36,1760000.0,Rural,0
LN2025107746,36,Female,Married,2,Salaried,13,27200.0,70900.0,0.0,609,Home,4900000.0,240,8050000.0,Urban,0
LN2025101614,47,Male,Married,1,SENP,26,100800.0,27500.0,0.0,624,Business,1100000.0,48,0.0,Urban,0
LN2025106281,43,Male,Married,1,Salaried,19,54700.0,16400.0,10100.0,797,Personal,440000.0,36,0.0,Urban,1
LN2025107333,35,Male,Married,2,SEP,10,52700.0,0.0,0.0,779,Vehicle,430000.0,60,570000.0,Semi-Urban,1
LN2025105426,28,Male,Married,0,Salaried,8,29100.0,0.0,0.0,710,Personal,170000.0,24,0.0,Semi-Urban,1
LN2025104508,43,Male,Married,0,SENP,14,132800.0,0.0,0.0,825,Business,1400000.0,36,2170000.0,Urban,1
LN2025103525,26,Female,Married,2,SENP,1,64600.0,0.0,3600.0,701,Business,1560000.0,24,0.0,Urban,1
LN2025105471,38,Male,Single,1,SEP,13,29300.0,0.0,3300.0,733,Business,180000.0,24,0.0,Urban,1
LN2025109648,38,Male,Married,3,SENP,17,244300.0,105000.0,92700.0,739,Business,590000.0,48,0.0,Urban,0
LN2025107177,35,Male,Single,0,Salaried,12,65700.0,0.0,0.0,727,Home,1380000.0,300,1680000.0,Urban,1
LN2025109512,33,Male,Single,0,SENP,3,73200.0,0.0,0.0,692,Business,450000.0,36,790000.0,Semi-Urban,1
LN2025108611,38,Female,Married,2,SENP,15,75800.0,0.0,0.0,670,Home,3010000.0,240,3820000.0,Semi-Urban,1
LN2025105882,34,Male,Single,0,Salaried,12,43700.0,0.0,4800.0,-1,Vehicle,830000.0,36,870000.0,Urban,0
LN2025109796,27,Male,Single,2,SENP,5,65800.0,0.0,0.0,696,Personal,430000.0,36,0.0,Urban,0
LN2025100491,32,Female,Married,0,Salaried,7,29700.0,46300.0,14200.0,692,Home,2090000.0,240,2570000.0,Rural,0
LN2025102890,34,Male,Married,2,Salaried,12,29800.0,0.0,0.0,816,Vehicle,470000.0,48,500000.0,Urban,1
LN2025105809,35,Male,Single,0,Salaried,12,86000.0,0.0,0.0,777,Personal,900000.0,60,0.0,Semi-Urban,1
LN2025102813,33,Female,Married,1,Salaried,13,26300.0,0.0,0.0,743,Vehicle,210000.0,60,250000.0,Rural,1
LN2025104027,29,Male,Single,0,Salaried,7,21400.0,0.0,0.0,690,Personal,140000.0,36,0.0,Semi-Urban,0
LN2025108575,20,Male,Single,1,Salaried,0,29200.0,0.0,13000.0,-1,Personal,290000.0,36,0.0,Rural,0
LN2025107326,35,Male,Single,0,Salaried,14,34300.0,18200.0,0.0,807,Home,7430000.0,300,13860000.0,Rural,0
LN2025100621,57,Male,Married,1,SEP,29,98000.0,0.0,13000.0,813,Personal,1110000.0,60,0.0,Rural,1
LN2025106845,48,Female,Married,3,SENP,26,29600.0,24500.0,0.0,724,Vehicle,120000.0,12,160000.0,Urban,1
LN2025100601,31,Male,Married,3,SENP,6,39300.0,0.0,0.0,685,Vehicle,280000.0,36,350000.0,Rural,1
LN2025100538,25,Male,Single,1,Salaried,2,72600.0,47800.0,0.0,738,Home,3380000.0,300,5000000.0,Urban,1
LN2025104411,37,Male,Married,3,SEP,10,96600.0,0.0,0.0,740,Personal,1140000.0,12,0.0,Urban,0
LN2025105066,41,Male,Married,1,SEP,14,126200.0,0.0,0.0,617,Personal,790000.0,36,0.0,Urban,1
LN2025103649,32,Male,Married,2,Salaried,10,33900.0,0.0,0.0,687,Personal,110000.0,24,0.0,Semi-Urban,1
LN2025104555,48,Male,Married,1,SENP,26,69600.0,0.0,0.0,768,Business,1500000.0,12,0.0,Semi-Urban,0
LN2025103796,37,Male,Married,3,Salaried,16,36100.0,20400.0,0.0,670,Home,2680000.0,240,3420000.0,Rural,0
LN2025108433,32,Female,Married,1,SEP,2,177200.0,0.0,0.0,828,Business,1410000.0,24,0.0,Urban,0
LN2025108978,58,Male,Single,0,SENP,30,108100.0,21500.0,0.0,763,Business,140000.0,48,190000.0,Rural,1
LN2025103404,31,Male,Single,0,SENP,3,65100.0,0.0,6700.0,771,Vehicle,310000.0,36,340000.0,Urban,1
LN2025106227,41,Male,Married,3,SEP,11,84000.0,44200.0,0.0,701,Home,4620000.0,120,6780000.0,Urban,1
LN2025101188,27,Male,Unknown,0,Salaried,4,38600.0,0.0,0.0,803,Vehicle,390000.0,48,540000.0,Urban,1
LN2025100900,39,Female,Married,1,SEP,11,81400.0,36600.0,13400.0,708,Vehicle,700000.0,60,780000.0,Urban,1
LN2025100371,42,Male,Married,1,Salaried,21,39600.0,38100.0,9000.0,726,Home,1740000.0,120,1970000.0,Rural,1
LN2025100823,39,Female,Single,3,Salaried,16,44700.0,22600.0,0.0,796,Home,2010000.0,240,3030000.0,Rural,1
LN2025106847,35,Female,Married,3,Salaried,14,22700.0,0.0,0.0,748,Personal,160000.0,36,0.0,Rural,1
LN2025102791,22,Female,Single,3,Salaried,0,26400.0,0.0,8300.0,788,Personal,360000.0,24,0.0,Urban,0
LN2025105993,41,Male,Married,2,SENP,19,173300.0,27700.0,0.0,-1,Vehicle,1440000.0,48,1740000.0,Urban,0
LN2025108321,37,Male,Married,0,SENP,9,67000.0,43600.0,0.0,721,Business,450000.0,36,1110000.0,Urban,1
LN2025109426,53,Male,Married,3,SENP,31,134700.0,0.0,0.0,807,Personal,640000.0,60,0.0,Urban,1
LN2025102745,36,Male,Married,3,Salaried,14,53700.0,0.0,0.0,712,Personal,230000.0,60,0.0,Urban,1
LN2025105990,46,Male,Married,2,Salaried,21,62300.0,0.0,4100.0,640,Personal,350000.0,60,0.0,Rural,0
LN2025104567,30,Female,Single,3,Salaried,6,21000.0,0.0,0.0,751,Personal,140000.0,36,0.0,Rural,0
LN2025100098,34,Male,Single,0,SEP,6,77300.0,0.0,6300.0,758,Business,590000.0,36,0.0,Semi-Urban,1
LN2025100244,33,Unknown,Married,3,Salaried,10,113000.0,12800.0,39400.0,743,Vehicle,930000.0,60,1170000.0,Urban,1
LN2025107452,42,Female,Married,3,Salaried,20,62300.0,0.0,0.0,-1,Home,1290000.0,180,2170000.0,Urban,1
LN2025104193,47,Male,Married,2,SENP,22,312200.0,38300.0,80100.0,881,Business,2040000.0,24,0.0,Urban,1
LN2025104716,56,Male,Married,1,SENP,35,135000.0,68700.0,0.0,-1,Home,8410000.0,240,14620000.0,Urban,0
LN2025103792,27,Male,Single,0,Salaried,1,23500.0,0.0,0.0,743,Vehicle,270000.0,60,300000.0,Rural,1
LN2025108444,39,Male,Married,2,Salaried,14,51900.0,0.0,18100.0,667,Home,1290000.0,240,2250000.0,Rural,0
LN2025103301,49,Male,Married,3,SEP,19,410300.0,0.0,58100.0,702,Business,2100000.0,60,3320000.0,Urban,1
LN2025108468,32,Male,Married,0,SENP,3,53300.0,0.0,0.0,650,Home,1100000.0,240,1930000.0,Urban,1
LN2025104550,36,Female,Married,2,Salaried,14,67400.0,16600.0,0.0,776,Personal,350000.0,24,0.0,Urban,1
LN2025107278,37,Male,Married,2,SENP,10,66100.0,0.0,0.0,727,Business,630000.0,48,1620000.0,Semi-Urban,1
LN2025105022,36,Transgender,Married,1,Salaried,16,52800.0,0.0,0.0,734,Personal,490000.0,48,0.0,Semi-Urban,1
LN2025109576,27,Male,Single,0,Salaried,3,70900.0,0.0,0.0,813,Home,4240000.0,180,5950000.0,Semi-Urban,0
LN2025102780,31,Male,Married,1,SEP,4,156400.0,0.0,0.0,685,Business,1090000.0,84,1840000.0,Urban,1
LN2025105920,48,Male,Married,3,SENP,18,142800.0,19400.0,39100.0,737,Home,7220000.0,180,13790000.0,Rural,0
LN2025109473,46,Male,Married,0,SENP,23,38000.0,22000.0,10000.0,713,Business,400000.0,48,0.0,Rural,0
LN2025100274,47,Male,Married,2,Salaried,22,270800.0,51500.0,22500.0,825,Vehicle,60000.0,36,60000.0,Urban,1
LN2025103708,37,Male,Married,3,Salaried,13,75000.0,0.0,1400.0,763,Vehicle,720000.0,84,900000.0,Semi-Urban,1
LN2025100463,31,Male,Married,2,Salaried,8,35600.0,0.0,0.0,668,Personal,370000.0,36,0.0,Urban,0
LN2025109691,35,Male,Single,0,Salaried,11,74600.0,0.0,0.0,-1,Personal,250000.0,36,0.0,Urban,1
LN2025103941,35,Male,Single,0,SEP,6,77300.0,0.0,0.0,698,Business,460000.0,36,710000.0,Rural,1
LN2025102930,33,Male,Single,1,SENP,11,22300.0,42000.0,0.0,782,Home,3420000.0,300,8320000.0,Urban,1
LN2025108010,31,Male,Single,1,SENP,6,52900.0,0.0,0.0,776,Business,460000.0,60,0.0,Urban,1
LN2025106142,37,Female,Married,3,Salaried,15,27300.0,13400.0,0.0,-1,Home,2550000.0,240,4340000.0,Semi-Urban,0
LN2025100087,51,Male,Married,0,SENP,25,65900.0,15600.0,0.0,750,Business,870000.0,12,1300000.0,Urban,0
LN2025100527,44,Male,Married,2,Salaried,24,67700.0,0.0,7500.0,772,Personal,220000.0,48,0.0,Semi-Urban,1
LN2025101814,43,Male,Married,1,SENP,23,124700.0,91600.0,93500.0,721,Home,25010000.0,240,44190000.0,Urban,0
LN2025102786,49,Female,Married,0,Salaried,23,99700.0,48600.0,0.0,882,Home,3700000.0,120,7680000.0,Semi-Urban,1
LN2025101582,39,Female,Married,0,Salaried,15,35900.0,0.0,9200.0,844,Personal,230000.0,48,0.0,Rural,1
LN2025103894,22,Male,Single,0,Salaried,1,45100.0,0.0,0.0,-1,Personal,420000.0,36,0.0,Urban,0
LN2025108423,36,Male,Married,1,Salaried,15,51500.0,0.0,2300.0,730,Vehicle,50000.0,36,50000.0,Rural,1
LN2025108076,62,Male,Married,3,SENP,43,146300.0,0.0,43300.0,696,Personal,3340000.0,24,0.0,Semi-Urban,0
LN2025100005,46,Male,Married,3,Salaried,22,36400.0,47500.0,17700.0,616,Personal,370000.0,24,0.0,Semi-Urban,0
LN2025103255,47,Male,Married,3,SENP,18,102500.0,59100.0,0.0,746,Business,1570000.0,12,0.0,Urban,0
LN2025104099,30,Male,Single,0,Salaried,7,36100.0,0.0,0.0,737,Personal,240000.0,48,0.0,Urban,1
LN2025105082,44,Male,Married,2,Salaried,21,236100.0,46000.0,0.0,899,Vehicle,3180000.0,60,3300000.0,Urban,1
LN2025107942,33,Female,Married,3,SENP,6,68700.0,0.0,6200.0,739,Business,490000.0,120,0.0,Semi-Urban,1
LN2025106582,32,Female,Single,0,Salaried,10,44200.0,0.0,7700.0,700,Personal,270000.0,24,0.0,Urban,0
LN2025108084,36,Male,Married,3,Salaried,11,49300.0,26300.0,0.0,723,Personal,620000.0,36,0.0,Semi-Urban,0
LN2025106434,48,Male,Single,0,SENP,22,60800.0,0.0,16600.0,775,Personal,360000.0,24,0.0,Semi-Urban,0
LN2025107501,43,Male,Married,1,Salaried,20,48300.0,0.0,16900.0,790,Personal,420000.0,12,0.0,Urban,0
LN2025109295,51,Female,Married,1,SENP,23,41900.0,59900.0,0.0,674,Business,720000.0,36,1120000.0,Urban,0
LN2025104300,34,Male,Married,3,Salaried,12,18300.0,33300.0,14000.0,756,Personal,180000.0,24,0.0,Rural,0
LN2025105705,62,Male,Married,2,SENP,33,31400.0,0.0,6300.0,695,Business,500000.0,36,0.0,Rural,0
LN2025109540,42,Female,Married,0,SENP,18,34100.0,20900.0,13700.0,706,Home,2650000.0,240,3820000.0,Semi-Urban,0
LN2025109169,45,Male,Married,1,SEP,17,881200.0,0.0,0.0,-1,Home,26440000.0,240,41600000.0,Urban,1
LN2025101917,38,Male,Married,2,Salaried,15,75100.0,92700.0,36800.0,797,Business,470000.0,36,1260000.0,Urban,1
LN2025108620,28,Male,Single,0,SENP,3,21400.0,38100.0,0.0,-1,Vehicle,140000.0,36,160000.0,Rural,1
LN2025102783,21,Female,Single,0,Salaried,0,30600.0,0.0,0.0,797,Personal,340000.0,36,0.0,Urban,0
LN2025104069,41,Transgender,Married,3,SEP,14,68900.0,0.0,0.0,762,Vehicle,440000.0,60,520000.0,Urban,1
LN2025101308,26,Female,Single,0,Salaried,8,17300.0,0.0,0.0,605,Vehicle,100000.0,36,130000.0,Semi-Urban,0
LN2025100790,53,Female,Married,2,SENP,33,62500.0,27200.0,0.0,760,Personal,1000000.0,36,0.0,Rural,1
LN2025107389,39,Female,Married,3,SEP,8,85300.0,0.0,0.0,705,Business,330000.0,120,860000.0,Urban,1
LN2025102909,42,Male,Single,0,Salaried,18,39600.0,0.0,20800.0,729,Home,920000.0,180,1650000.0,Urban,0
LN2025109329,22,Female,Single,0,Salaried,2,20500.0,0.0,0.0,765,Personal,120000.0,36,0.0,Urban,1
LN2025100955,44,Male,Married,0,SENP,21,160000.0,56200.0,0.0,779,Vehicle,90000.0,24,110000.0,Semi-Urban,1
LN2025103501,52,Male,Married,1,SENP,26,52500.0,0.0,1600.0,708,Business,150000.0,36,0.0,Urban,1
LN2025105149,24,Male,Single,0,SEP,0,116400.0,23500.0,0.0,609,Personal,490000.0,60,0.0,Semi-Urban,0
LN2025109590,37,Male,Single,0,SENP,17,74600.0,0.0,19700.0,696,Home,2790000.0,240,3910000.0,Urban,0
LN2025103362,32,Male,Single,0,SENP,12,80700.0,36100.0,0.0,604,Business,1030000.0,12,0.0,Semi-Urban,0
LN2025108674,39,Female,Married,1,Salaried,16,87800.0,0.0,13300.0,735,Home,4380000.0,240,5670000.0,Urban,0
LN2025101466,37,Male,Married,2,SENP,11,54900.0,30300.0,17100.0,811,Vehicle,700000.0,60,960000.0,Semi-Urban,1
LN2025108231,33,Male,Single,0,Salaried,9,48400.0,0.0,0.0,753,Home,1130000.0,240,1510000.0,Semi-Urban,1
LN2025103074,33,Male,Married,3,Salaried,10,34400.0,66300.0,0.0,710,Vehicle,720000.0,48,1010000.0,Urban,1
LN2025107246,34,Male,Married,3,SEP,6,58700.0,0.0,0.0,734,Business,820000.0,12,0.0,Urban,0
LN2025104101,35,Male,Married,2,Salaried,10,54700.0,0.0,0.0,652,Personal,270000.0,60,0.0,Semi-Urban,0
LN2025103047,42,Male,Married,3,SENP,20,82400.0,0.0,16300.0,877,Business,1810000.0,120,0.0,Urban,1
LN2025100286,37,Female,Single,0,Salaried,15,61100.0,0.0,0.0,672,Vehicle,440000.0,48,460000.0,Semi-Urban,1
LN2025106167,38,Male,Married,2,Salaried,15,42500.0,0.0,0.0,777,Vehicle,300000.0,60,390000.0,Semi-Urban,1
LN2025107800,46,Male,Married,0,SENP,18,75800.0,0.0,21600.0,745,Vehicle,860000.0,60,870000.0,Semi-Urban,1
LN2025102362,29,Female,Single,0,Salaried,3,33000.0,0.0,8400.0,731,Personal,180000.0,36,0.0,Semi-Urban,0
LN2025107973,35,Male,Married,3,Salaried,12,31200.0,0.0,0.0,629,Personal,270000.0,36,0.0,Urban,0
LN2025101622,22,Female,Single,0,Salaried,0,24300.0,0.0,0.0,779,Personal,190000.0,24,0.0,Rural,0
LN2025101343,41,Male,Married,3,Salaried,21,23400.0,100300.0,0.0,787,Vehicle,710000.0,60,870000.0,Rural,1
LN2025106711,39,Male,Single,0,Salaried,14,60600.0,0.0,16200.0,685,Personal,280000.0,24,0.0,Urban,1
LN2025108051,41,Male,Married,1,Salaried,15,68000.0,0.0,0.0,777,Home,2130000.0,180,2450000.0,Urban,1
LN2025101911,26,Unknown,Single,2,SENP,4,140100.0,0.0,0.0,730,Personal,1460000.0,36,0.0,Semi-Urban,1
LN2025102253,52,Male,Single,0,SENP,24,294600.0,35000.0,0.0,-1,Business,5130000.0,36,7270000.0,Urban,0
LN2025102740,39,Male,Married,2,SEP,12,55700.0,29900.0,0.0,-1,Home,4050000.0,120,5770000.0,Semi-Urban,0
LN2025103728,38,Male,Married,3,SENP,18,254400.0,28800.0,0.0,761,Personal,910000.0,36,0.0,Semi-Urban,1
LN2025107763,24,Male,Single,0,Salaried,1,35800.0,0.0,0.0,746,Home,2010000.0,300,2500000.0,Semi-Urban,1
LN2025107334,41,Male,Married,1,SEP,13,143600.0,0.0,26300.0,703,Home,5440000.0,120,7170000.0,Semi-Urban,0
LN2025107013,34,Male,Married,1,Salaried,10,24500.0,0.0,1200.0,624,Personal,210000.0,24,0.0,Semi-Urban,0
LN2025102379,23,Male,Single,1,Salaried,0,20200.0,0.0,3500.0,705,Personal,160000.0,36,0.0,Rural,0
LN2025103768,33,Male,Married,3,Salaried,11,54700.0,52500.0,0.0,537,Home,2740000.0,240,3480000.0,Urban,0
LN2025106800,40,Male,Married,1,Salaried,17,115300.0,28000.0,0.0,751,Home,5400000.0,180,7850000.0,Urban,1
LN2025106904,63,Female,Single,0,SENP,39,39600.0,36500.0,0.0,682,Business,260000.0,12,0.0,Rural,1
LN2025105103,44,Male,Married,3,SENP,22,42600.0,0.0,5200.0,727,Business,220000.0,84,0.0,Rural,1
LN2025102729,43,Male,Married,2,Salaried,12,85300.0,51800.0,0.0,732,Personal,690000.0,48,0.0,Urban,1
LN2025103870,35,Male,Married,0,SENP,13,55100.0,42600.0,0.0,853,Personal,880000.0,60,0.0,Semi-Urban,1
LN2025101927,61,Male,Married,2,SENP,38,101600.0,54800.0,0.0,761,Business,630000.0,12,0.0,Urban,1
LN2025105921,27,Male,Single,0,Salaried,1,48600.0,0.0,0.0,763,Personal,420000.0,48,0.0,Urban,1
LN2025108034,34,Female,Married,2,Salaried,11,41100.0,0.0,0.0,-1,Personal,150000.0,36,0.0,Urban,0
LN2025104427,48,Male,Married,2,SEP,20,49500.0,0.0,0.0,761,Business,1130000.0,48,1750000.0,Rural,0
LN2025108220,27,Male,Married,3,Salaried,3,36300.0,104600.0,0.0,842,Home,5280000.0,120,8370000.0,Semi-Urban,1
LN2025107464,33,Male,Married,0,Salaried,8,39100.0,0.0,5400.0,725,Vehicle,330000.0,84,410000.0,Semi-Urban,0
LN2025104499,22,Male,Single,0,Salaried,2,72000.0,38300.0,0.0,799,Home,3780000.0,300,5260000.0,Urban,1
LN2025109739,44,Male,Married,3,Salaried,19,28300.0,0.0,4500.0,900,Home,1100000.0,120,1540000.0,Semi-Urban,0
LN2025105898,35,Male,Married,2,Salaried,12,27800.0,0.0,0.0,746,Personal,250000.0,48,0.0,Rural,1
LN2025104639,42,Male,Married,0,SEP,17,55000.0,0.0,0.0,821,Home,2480000.0,180,5530000.0,Semi-Urban,1
LN2025104708,46,Male,Single,0,SENP,24,80100.0,19800.0,0.0,-1,Home,2080000.0,360,2280000.0,Rural,0
LN2025109520,24,Male,Single,0,Salaried,0,21500.0,0.0,0.0,739,Vehicle,210000.0,36,270000.0,Semi-Urban,0
LN2025103484,43,Male,Married,1,Salaried,21,42500.0,31200.0,0.0,747,Personal,400000.0,24,0.0,Semi-Urban,1
LN2025102339,20,Male,Single,1,Salaried,0,10600.0,0.0,0.0,732,Vehicle,110000.0,60,140000.0,Semi-Urban,0
LN2025100772,25,Female,Single,0,Salaried,3,25500.0,0.0,0.0,749,Personal,130000.0,36,0.0,Semi-Urban,1
LN2025107704,44,Male,Married,0,SENP,23,111400.0,57300.0,0.0,809,Business,1980000.0,24,3450000.0,Urban,1
LN2025102831,41,Female,Single,0,Salaried,20,98000.0,0.0,0.0,838,Personal,390000.0,36,0.0,Urban,1
LN2025108988,34,Male,Married,0,Salaried,11,47500.0,0.0,17800.0,868,Vehicle,320000.0,60,440000.0,Semi-Urban,0
LN2025108608,35,Male,Married,1,Salaried,11,72100.0,113500.0,0.0,730,Vehicle,1160000.0,48,1240000.0,Urban,1
LN2025105936,50,Male,Married,2,Salaried,27,132500.0,0.0,33100.0,757,Personal,790000.0,24,0.0,Semi-Urban,1
LN2025105945,35,Male,Married,2,Salaried,15,51300.0,32800.0,0.0,730,Personal,860000.0,36,0.0,Semi-Urban,1
LN2025109065,46,Male,Married,1,Salaried,24,124500.0,20500.0,0.0,668,Home,7760000.0,120,10430000.0,Urban,0
LN2025106465,39,Male,Married,1,Salaried,13,44400.0,0.0,0.0,749,Personal,120000.0,36,0.0,Semi-Urban,1
LN2025106015,38,Male,Married,2,Salaried,12,73300.0,0.0,0.0,730,Vehicle,480000.0,36,590000.0,Rural,1
LN2025107390,35,Male,Married,0,Salaried,10,116500.0,0.0,0.0,783,Vehicle,850000.0,36,1000000.0,Urban,1
LN2025108901,38,Male,Married,1,Salaried,13,50100.0,26400.0,17100.0,711,Home,4250000.0,120,5490000.0,Rural,0
LN2025100754,35,Female,Single,0,Salaried,15,35000.0,0.0,10200.0,749,Home,580000.0,240,850000.0,Semi-Urban,1
LN2025108097,29,Male,Married,1,Salaried,7,15900.0,36600.0,0.0,678,Vehicle,250000.0,60,300000.0,Semi-Urban,1
LN2025109564,39,Male,Married,1,Salaried,17,57800.0,0.0,19300.0,665,Home,2670000.0,180,4500000.0,Urban,0
LN2025109625,36,Male,Single,0,Salaried,14,54700.0,0.0,0.0,806,Personal,270000.0,36,0.0,Urban,1
LN2025102863,44,Male,Married,3,SEP,15,131100.0,58400.0,0.0,844,Home,5800000.0,120,10450000.0,Urban,1
LN2025100821,52,Male,Divorced,0,SENP,25,10800.0,0.0,1500.0,691,Vehicle,100000.0,36,130000.0,Rural,0
LN2025101828,37,Male,Married,3,Salaried,12,68600.0,36800.0,0.0,716,Home,3410000.0,240,5810000.0,Urban,1
LN2025102708,33,Male,Married,0,SENP,7,52000.0,74700.0,29300.0,730,Home,5920000.0,240,8870000.0,Urban,1
LN2025105245,23,Unknown,Single,0,Salaried,0,21400.0,0.0,0.0,582,Personal,150000.0,60,0.0,Semi-Urban,0
LN2025105602,34,Female,Married,2,Salaried,10,54600.0,0.0,1000.0,657,Personal,430000.0,24,0.0,Urban,0
LN2025108939,43,Female,Divorced,1,Salaried,23,55400.0,0.0,8100.0,780,Personal,120000.0,48,0.0,Urban,1
LN2025100558,40,Female,Married,0,Salaried,15,63300.0,34000.0,0.0,823,Home,3640000.0,300,5370000.0,Semi-Urban,0
LN2025100019,37,Female,Married,2,SENP,7,36800.0,21400.0,0.0,739,Business,300000.0,84,420000.0,Rural,1
LN2025107753,36,Female,Married,2,Salaried,14,43400.0,0.0,0.0,745,Vehicle,80000.0,24,100000.0,Semi-Urban,1
LN2025109315,37,Female,Single,2,Salaried,17,54100.0,0.0,0.0,777,Personal,370000.0,60,0.0,Urban,1
LN2025103970,32,Female,Married,1,Salaried,10,66600.0,0.0,35100.0,678,Vehicle,800000.0,60,940000.0,Semi-Urban,0
LN2025101587,37,Male,Married,3,SENP,8,52600.0,50400.0,0.0,769,Business,1010000.0,60,1880000.0,Urban,1
LN2025104799,38,Male,Married,3,Salaried,16,25000.0,28600.0,6900.0,-1,Home,1950000.0,240,3650000.0,Rural,1
LN2025104528,47,Male,Married,1,SEP,18,240500.0,53400.0,0.0,787,Business,1110000.0,60,0.0,Urban,1
LN2025107604,44,Female,Married,2,SENP,18,23700.0,29000.0,0.0,645,Personal,620000.0,24,0.0,Semi-Urban,0
LN2025103771,38,Male,Married,2,Salaried,12,23700.0,0.0,2500.0,677,Personal,140000.0,24,0.0,Rural,0
LN2025101099,39,Unknown,Married,0,SENP,11,29800.0,0.0,0.0,785,Personal,180000.0,12,0.0,Urban,0
LN2025105580,36,Male,Married,1,Salaried,15,89900.0,0.0,0.0,785,Personal,1230000.0,48,0.0,Urban,1
LN2025101025,35,Female,Married,1,SEP,9,53700.0,35100.0,11800.0,629,Home,3450000.0,180,4330000.0,Urban,0
LN2025104405,41,Male,Married,3,SEP,12,205000.0,31600.0,0.0,658,Home,7480000.0,180,9970000.0,Urban,1
LN2025107413,46,Female,Married,1,SENP,20,56500.0,0.0,0.0,809,Vehicle,690000.0,60,830000.0,Urban,1
LN2025108491,62,Male,Married,0,SEP,37,114500.0,0.0,0.0,755,Personal,570000.0,24,0.0,Rural,1
LN2025101469,37,Unknown,Single,0,Salaried,17,59300.0,0.0,0.0,799,Personal,190000.0,60,0.0,Urban,1
LN2025103112,30,Female,Married,3,Salaried,4,27800.0,0.0,13100.0,742,Personal,120000.0,48,0.0,Urban,0
LN2025109865,37,Male,Married,3,SENP,16,55600.0,0.0,7300.0,710,Vehicle,370000.0,84,440000.0,Urban,1
LN2025105510,46,Male,Married,3,Salaried,23,91200.0,0.0,0.0,757,Personal,940000.0,36,0.0,Rural,1
LN2025102429,33,Male,Single,1,Salaried,9,31100.0,0.0,0.0,744,Home,1510000.0,300,2000000.0,Rural,1
LN2025101979,26,Male,Single,0,Salaried,2,64800.0,0.0,0.0,746,Vehicle,310000.0,60,320000.0,Urban,1
LN2025100788,28,Male,Married,3,Salaried,6,28400.0,0.0,0.0,757,Personal,280000.0,60,0.0,Semi-Urban,1
LN2025102482,26,Male,Married,1,Salaried,2,35400.0,22400.0,0.0,756,Personal,230000.0,60,0.0,Urban,0
LN2025103879,58,Female,Married,2,SENP,35,112300.0,234500.0,78300.0,793,Home,14190000.0,180,19320000.0,Urban,0
LN2025102252,50,Male,Married,3,SENP,31,262900.0,61000.0,129700.0,806,Home,12060000.0,180,18700000.0,Urban,0
LN2025102936,38,Male,Married,0,Salaried,16,46500.0,0.0,0.0,722,Personal,380000.0,36,0.0,Semi-Urban,1
LN2025107270,52,Male,Married,2,Salaried,27,95900.0,0.0,0.0,623,Personal,740000.0,48,0.0,Semi-Urban,0
LN2025101583,45,Female,Married,1,Salaried,20,89700.0,30100.0,0.0,788,Home,3270000.0,180,9340000.0,Urban,1
LN2025100042,31,Male,Married,1,Salaried,10,45000.0,0.0,0.0,753,Vehicle,650000.0,36,710000.0,Semi-Urban,1
LN2025102111,29,Female,Married,3,SENP,0,70600.0,0.0,0.0,599,Vehicle,580000.0,60,690000.0,Rural,0
LN2025104282,32,Male,Married,3,Salaried,11,43900.0,0.0,0.0,-1,Personal,480000.0,12,0.0,Rural,0
LN2025105178,35,Male,Married,3,Salaried,14,35900.0,40700.0,0.0,761,Home,3360000.0,300,5400000.0,Urban,1
LN2025105667,23,Male,Single,2,Salaried,1,37100.0,32600.0,0.0,685,Home,1960000.0,240,2310000.0,Urban,1
LN2025105903,39,Male,Married,1,SENP,15,125600.0,33300.0,0.0,689,Home,5490000.0,300,7340000.0,Urban,1
LN2025103504,54,Male,Married,1,SENP,31,74700.0,0.0,29300.0,738,Home,3330000.0,120,5620000.0,Urban,0
LN2025103543,39,Male,Married,2,SEP,11,137000.0,0.0,0.0,770,Business,440000.0,60,0.0,Semi-Urban,1
LN2025105185,26,Female,Single,0,SEP,0,86500.0,0.0,0.0,-1,Business,630000.0,24,860000.0,Urban,0
LN2025108752,37,Female,Married,2,Salaried,14,46700.0,0.0,0.0,788,Personal,200000.0,36,0.0,Semi-Urban,1
LN2025104184,33,Male,Married,0,Salaried,9,48300.0,28600.0,0.0,796,Personal,360000.0,24,0.0,Urban,1
LN2025104815,35,Female,Married,3,Salaried,14,40200.0,39900.0,0.0,738,Vehicle,50000.0,36,60000.0,Semi-Urban,1
LN2025107476,38,Male,Married,3,Salaried,16,52900.0,0.0,0.0,733,Personal,360000.0,36,0.0,Rural,1
LN2025103913,36,Male,Married,1,Salaried,15,54500.0,21200.0,0.0,708,Home,4820000.0,180,8020000.0,Urban,0
LN2025100151,44,Male,Married,3,Salaried,21,95300.0,0.0,0.0,663,Personal,670000.0,60,0.0,Semi-Urban,1
LN2025105527,31,Male,Married,0,Salaried,6,24900.0,0.0,0.0,803,Personal,90000.0,36,0.0,Semi-Urban,1
LN2025108235,46,Male,Married,2,SEP,18,71900.0,0.0,0.0,697,Business,520000.0,36,0.0,Urban,1
LN2025103739,42,Male,Married,3,Salaried,21,64200.0,125700.0,35900.0,763,Home,4220000.0,180,5300000.0,Urban,1
LN2025106765,46,Male,Married,1,SENP,17,87500.0,0.0,0.0,753,Personal,1160000.0,60,0.0,Urban,1
LN2025103450,59,Female,Married,0,SENP,35,168000.0,30200.0,0.0,736,Home,11520000.0,120,19650000.0,Rural,0
LN2025107620,29,Male,Married,0,Salaried,7,104500.0,63300.0,0.0,563,Personal,1500000.0,24,0.0,Urban,0
LN2025105208,24,Male,Single,0,SENP,3,18300.0,0.0,0.0,693,Business,100000.0,36,150000.0,Urban,1
LN2025103490,31,Male,Married,3,SENP,6,152700.0,0.0,0.0,735,Vehicle,2500000.0,48,3350000.0,Semi-Urban,1
LN2025104970,33,Female,Married,2,Salaried,8,43800.0,0.0,0.0,735,Personal,210000.0,60,0.0,Semi-Urban,1
LN2025106205,31,Male,Married,2,Salaried,7,30300.0,0.0,0.0,809,Vehicle,70000.0,36,90000.0,Urban,1
LN2025100077,27,Male,Married,3,SEP,0,56500.0,27700.0,0.0,786,Business,340000.0,36,0.0,Semi-Urban,0
LN2025108776,42,Male,Married,1,SEP,14,145500.0,66200.0,0.0,739,Business,3120000.0,24,0.0,Urban,0
LN2025101275,38,Male,Married,0,Salaried,15,46400.0,0.0,0.0,738,Home,1000000.0,240,2860000.0,Urban,1
LN2025109221,31,Male,Married,1,SENP,8,17400.0,0.0,4600.0,649,Business,100000.0,36,160000.0,Rural,0
LN2025109360,39,Male,Married,1,SENP,11,70300.0,0.0,0.0,725,Business,940000.0,120,1370000.0,Urban,1
LN2025101166,26,Male,Single,1,SENP,3,206200.0,7600.0,14200.0,538,Business,1710000.0,48,2500000.0,Rural,0
LN2025108245,34,Male,Married,1,SEP,4,39400.0,0.0,0.0,836,Business,520000.0,60,0.0,Urban,1
LN2025108679,36,Male,Married,3,Salaried,14,121900.0,43600.0,4600.0,652,Vehicle,1520000.0,84,1940000.0,Urban,0
LN2025106073,43,Female,Married,1,Salaried,21,54800.0,26000.0,0.0,714,Home,4560000.0,180,7380000.0,Rural,0
LN2025108472,31,Male,Married,1,Salaried,6,74000.0,55600.0,0.0,745,Home,8470000.0,240,17380000.0,Urban,1
LN2025103564,32,Female,Married,1,Salaried,10,52900.0,0.0,12500.0,650,Personal,130000.0,12,0.0,Urban,0
LN2025103143,36,Male,Married,2,SEP,9,40800.0,0.0,0.0,710,Vehicle,310000.0,84,340000.0,Semi-Urban,1
LN2025107288,24,Female,Single,1,SEP,0,18300.0,0.0,2800.0,-1,Personal,80000.0,60,0.0,Rural,0
LN2025108435,35,Male,Married,1,SEP,6,85500.0,0.0,42300.0,671,Business,590000.0,24,0.0,Urban,0
LN2025103757,47,Male,Married,2,SENP,20,113600.0,41200.0,0.0,737,Home,4170000.0,180,7600000.0,Urban,1
LN2025103948,26,Male,Single,3,SEP,0,115500.0,0.0,55900.0,765,Home,2960000.0,180,5180000.0,Urban,0
LN2025106334,57,Female,Married,1,SEP,31,81900.0,24600.0,0.0,826,Personal,350000.0,48,0.0,Urban,1
LN2025105878,20,Male,Single,0,Salaried,0,35300.0,0.0,9800.0,681,Personal,410000.0,36,0.0,Urban,0
LN2025102917,39,Female,Married,3,Salaried,15,51000.0,0.0,5700.0,620,Personal,830000.0,36,0.0,Semi-Urban,0
LN2025104659,40,Female,Married,1,SENP,13,34800.0,0.0,6100.0,736,Business,330000.0,24,480000.0,Rural,0
LN2025108341,21,Male,Single,3,SENP,1,189900.0,0.0,0.0,877,Business,4910000.0,24,0.0,Urban,0
LN2025103194,34,Male,Married,1,Salaried,12,17600.0,49300.0,19400.0,708,Home,3720000.0,180,5150000.0,Semi-Urban,0
LN2025102680,42,Male,Married,2,Salaried,18,43800.0,0.0,0.0,789,Personal,220000.0,24,0.0,Semi-Urban,1
LN2025103183,30,Male,Single,0,Salaried,4,27500.0,0.0,0.0,769,Home,870000.0,300,1360000.0,Rural,1
LN2025103933,33,Female,Married,1,SENP,12,19500.0,0.0,0.0,772,Home,750000.0,360,1190000.0,Urban,1
LN2025107883,43,Male,Married,2,Salaried,17,79400.0,0.0,0.0,-1,Home,3840000.0,300,5500000.0,Urban,0
LN2025101180,21,Male,Single,0,Salaried,0,22300.0,23400.0,0.0,719,Home,1730000.0,180,3220000.0,Rural,0
LN2025104327,42,Female,Widowed,1,Salaried,17,68300.0,48800.0,13600.0,607,Home,6800000.0,180,9010000.0,Urban,0
LN2025109374,31,Male,Married,0,Salaried,8,37700.0,0.0,0.0,699,Personal,370000.0,60,0.0,Urban,1
LN2025105749,39,Male,Married,0,Salaried,18,38800.0,0.0,0.0,661,Personal,250000.0,48,0.0,Urban,0
LN2025102103,20,Male,Single,1,Salaried,0,37500.0,0.0,0.0,-1,Vehicle,290000.0,48,350000.0,Urban,0
LN2025106678,21,Female,Single,0,Salaried,0,57500.0,18100.0,24100.0,738,Home,1720000.0,240,2240000.0,Urban,0
LN2025107289,53,Female,Single,0,Salaried,30,56800.0,0.0,0.0,741,Vehicle,610000.0,60,860000.0,Urban,1
LN2025103254,24,Female,Single,1,SENP,2,83600.0,0.0,0.0,857,Business,780000.0,48,1110000.0,Semi-Urban,0
LN2025107249,38,Transgender,Married,0,SEP,8,194000.0,0.0,0.0,727,Business,2740000.0,36,0.0,Urban,1
LN2025106732,30,Male,Single,0,Salaried,7,26100.0,0.0,3900.0,767,Personal,60000.0,60,0.0,Urban,1
LN2025101039,34,Male,Married,3,Salaried,12,55600.0,40600.0,0.0,831,Home,2930000.0,180,5960000.0,Semi-Urban,1
LN2025102953,37,Male,Married,1,Salaried,16,17100.0,0.0,4600.0,676,Vehicle,80000.0,60,110000.0,Rural,0
LN2025105550,37,Male,Married,2,Salaried,12,55300.0,16700.0,0.0,721,Home,2520000.0,240,5850000.0,Urban,1
LN2025103655,31,Female,Single,0,Salaried,6,49300.0,0.0,300.0,717,Home,1610000.0,180,3390000.0,Urban,1
LN2025105806,55,Male,Married,1,SENP,36,56600.0,0.0,0.0,803,Business,760000.0,60,0.0,Urban,1
LN2025106667,49,Female,Married,1,Salaried,27,46600.0,0.0,0.0,600,Home,2820000.0,120,3300000.0,Urban,0
LN2025104473,41,Female,Married,1,Salaried,16,55900.0,0.0,0.0,827,Personal,370000.0,36,0.0,Urban,1
LN2025105140,50,Female,Married,3,SEP,23,171400.0,0.0,0.0,848,Business,1220000.0,12,3420000.0,Urban,1
LN2025104891,43,Male,Married,2,Salaried,21,121000.0,0.0,0.0,801,Personal,930000.0,48,0.0,Urban,1
LN2025105631,46,Female,Married,2,Salaried,24,30200.0,40200.0,0.0,788,Home,2690000.0,120,3160000.0,Rural,1
LN2025104858,43,Female,Married,2,SENP,17,29600.0,0.0,0.0,671,Personal,150000.0,60,0.0,Semi-Urban,1
LN2025100461,38,Male,Married,2,SENP,13,240000.0,0.0,0.0,763,Vehicle,80000.0,36,100000.0,Urban,1
LN2025100388,37,Male,Married,3,SEP,8,94000.0,11000.0,0.0,739,Home,6510000.0,240,7750000.0,Urban,0
LN2025103625,48,Male,Married,3,SENP,25,107900.0,98200.0,29300.0,769,Vehicle,1760000.0,60,2500000.0,Urban,1
LN2025103377,57,Male,Married,2,SENP,35,180900.0,36800.0,0.0,750,Vehicle,70000.0,24,80000.0,Urban,1
LN2025105095,23,Female,Single,0,Salaried,2,23000.0,0.0,0.0,826,Personal,260000.0,36,0.0,Urban,1
LN2025105761,29,Male,Single,2,Salaried,9,37200.0,0.0,0.0,790,Home,810000.0,360,980000.0,Rural,1
LN2025109861,43,Unknown,Widowed,1,Salaried,21,53700.0,30700.0,0.0,700,Home,3240000.0,180,4190000.0,Urban,1
LN2025102893,44,Male,Widowed,1,SENP,18,170800.0,0.0,25200.0,743,Home,6330000.0,240,7600000.0,Urban,0
LN2025106231,32,Male,Married,1,Salaried,10,65600.0,0.0,32400.0,691,Personal,330000.0,12,0.0,Urban,0
LN2025105241,30,Male,Married,2,SENP,8,9300.0,71800.0,0.0,753,Business,520000.0,36,0.0,Semi-Urban,1
LN2025107574,35,Male,Married,0,Salaried,13,55500.0,0.0,11900.0,734,Vehicle,90000.0,36,120000.0,Urban,1
LN2025101876,33,Female,Married,0,Salaried,10,44100.0,0.0,11300.0,751,Personal,260000.0,24,0.0,Urban,0
LN2025107575,47,Female,Married,3,Salaried,24,42800.0,0.0,2300.0,682,Vehicle,530000.0,60,740000.0,Rural,1
LN2025106965,34,Male,Married,3,Salaried,12,62600.0,0.0,0.0,759,Home,1640000.0,300,2440000.0,Rural,1
LN2025100433,33,Unknown,Married,1,SENP,9,97500.0,0.0,20500.0,762,Business,370000.0,60,860000.0,Semi-Urban,1
LN2025101016,39,Male,Married,2,SEP,13,105600.0,0.0,0.0,739,Home,3340000.0,180,6230000.0,Rural,1
LN2025105523,26,Male,Single,1,Salaried,4,26200.0,0.0,2800.0,715,Vehicle,380000.0,60,400000.0,Semi-Urban,1
LN2025102619,47,Male,Married,3,SENP,22,71000.0,31800.0,7600.0,805,Business,300000.0,36,800000.0,Urban,1
LN2025109632,20,Unknown,Single,0,Salaried,0,16300.0,0.0,0.0,702,Personal,210000.0,24,0.0,Semi-Urban,0
LN2025106270,51,Male,Single,0,SEP,25,69000.0,0.0,20000.0,745,Business,670000.0,36,0.0,Rural,0
LN2025101892,38,Male,Married,0,Salaried,15,65400.0,10600.0,0.0,738,Home,5000000.0,180,9130000.0,Semi-Urban,0
LN2025104136,51,Male,Married,0,SENP,27,145500.0,0.0,0.0,783,Vehicle,1100000.0,60,1540000.0,Rural,1
LN2025107952,52,Female,Married,1,SEP,22,71800.0,10700.0,5700.0,822,Vehicle,90000.0,12,100000.0,Rural,1
LN2025102178,38,Female,Married,2,SENP,13,69400.0,0.0,0.0,810,Business,720000.0,24,1110000.0,Rural,1
LN2025100398,40,Male,Married,2,SEP,9,103000.0,0.0,10000.0,794,Vehicle,70000.0,60,80000.0,Urban,1
LN2025105944,38,Male,Married,1,Salaried,17,109200.0,45100.0,0.0,770,Home,10930000.0,180,18250000.0,Urban,0
LN2025104580,34,Male,Married,3,Salaried,9,32000.0,0.0,6000.0,822,Vehicle,150000.0,24,190000.0,Rural,1
LN2025104250,52,Female,Married,0,SENP,30,28200.0,0.0,2100.0,857,Business,540000.0,36,960000.0,Semi-Urban,1
LN2025109043,32,Female,Married,3,Salaried,7,20000.0,30800.0,0.0,682,Home,2590000.0,240,4260000.0,Urban,0
LN2025107018,39,Male,Married,2,SEP,12,250000.0,0.0,0.0,821,Personal,1640000.0,48,0.0,Urban,1
LN2025102629,27,Male,Married,0,Salaried,1,46300.0,0.0,10500.0,780,Personal,170000.0,48,0.0,Urban,1
LN2025100091,31,Female,Married,3,Salaried,7,89500.0,0.0,0.0,857,Personal,440000.0,24,0.0,Urban,1
LN2025106922,48,Unknown,Married,3,SENP,26,171400.0,0.0,52500.0,632,Business,1110000.0,60,1560000.0,Semi-Urban,0
LN2025100583,36,Male,Married,1,Salaried,10,65400.0,35500.0,17700.0,741,Home,3000000.0,180,3990000.0,Urban,1
LN2025106191,24,Male,Single,1,SEP,0,44800.0,0.0,0.0,787,Personal,140000.0,36,0.0,Rural,0
LN2025107075,42,Male,Married,0,Salaried,19,100300.0,0.0,34000.0,648,Home,1890000.0,180,2810000.0,Semi-Urban,0
LN2025108864,48,Male,Married,1,SEP,17,69800.0,0.0,9900.0,739,Personal,290000.0,36,0.0,Urban,1
LN2025109500,33,Male,Married,0,Salaried,8,90500.0,20300.0,0.0,649,Home,2880000.0,180,4800000.0,Urban,0
LN2025102513,40,Female,Married,2,SENP,19,40300.0,84400.0,43100.0,789,Personal,690000.0,24,0.0,Urban,0
LN2025100543,41,Male,Married,3,Salaried,18,80800.0,115100.0,0.0,834,Personal,1330000.0,36,0.0,Urban,1
LN2025100701,40,Female,Married,3,SENP,18,50100.0,0.0,18000.0,702,Personal,420000.0,60,0.0,Semi-Urban,0
LN2025107969,41,Male,Married,1,SEP,13,105400.0,0.0,0.0,758,Personal,860000.0,36,0.0,Urban,1
LN2025100454,26,Female,Single,0,Salaried,1,23100.0,0.0,0.0,617,Business,400000.0,84,540000.0,Semi-Urban,0
LN2025107409,35,Male,Married,1,Salaried,14,84500.0,0.0,0.0,797,Home,4300000.0,180,7640000.0,Urban,1
LN2025100680,47,Female,Married,1,Salaried,22,46400.0,0.0,0.0,706,Personal,220000.0,36,0.0,Semi-Urban,0
LN2025102105,37,Female,Married,1,Salaried,16,55400.0,0.0,0.0,805,Vehicle,120000.0,12,120000.0,Urban,1
LN2025101136,23,Male,Single,0,Salaried,0,58800.0,0.0,0.0,-1,Personal,420000.0,60,0.0,Semi-Urban,1
LN2025102712,39,Male,Married,3,Salaried,15,73800.0,0.0,0.0,763,Personal,560000.0,60,0.0,Semi-Urban,1
LN2025103642,41,Male,Married,2,Salaried,12,225100.0,41900.0,0.0,801,Home,11850000.0,180,16380000.0,Urban,1
LN2025104145,45,Male,Married,3,Salaried,21,111700.0,0.0,0.0,753,Business,3460000.0,60,9830000.0,Semi-Urban,0
LN2025107023,44,Male,Married,0,SENP,23,103300.0,0.0,0.0,642,Home,3060000.0,180,4510000.0,Urban,0
LN2025102030,46,Male,Married,0,SEP,19,41200.0,0.0,9000.0,693,Home,2010000.0,180,2720000.0,Semi-Urban,0
LN2025105336,47,Male,Married,0,SENP,22,138800.0,27700.0,0.0,759,Home,4420000.0,180,5300000.0,Urban,0
LN2025103503,20,Male,Single,0,Salaried,2,25700.0,0.0,0.0,602,Personal,420000.0,60,0.0,Semi-Urban,0
LN2025104883,32,Female,Married,1,Salaried,8,19500.0,30900.0,0.0,683,Vehicle,250000.0,60,290000.0,Semi-Urban,1
LN2025100298,38,Male,Married,1,Salaried,14,60400.0,25500.0,0.0,740,Home,3080000.0,240,5510000.0,Urban,1
LN2025101310,48,Male,Unknown,2,Salaried,24,55500.0,0.0,1100.0,683,Home,1650000.0,120,2570000.0,Rural,1
LN2025107957,35,Unknown,Married,1,Salaried,9,39600.0,35800.0,0.0,718,Home,2530000.0,180,6100000.0,Semi-Urban,1
LN2025101447,30,Male,Married,3,Salaried,7,62000.0,0.0,0.0,767,Personal,440000.0,36,0.0,Urban,1
LN2025102775,59,Male,Married,2,SENP,36,126800.0,57500.0,0.0,839,Home,4450000.0,240,7430000.0,Urban,0
LN2025103193,32,Female,Single,0,SEP,6,69000.0,0.0,1200.0,655,Personal,250000.0,36,0.0,Semi-Urban,0
LN2025108682,47,Male,Married,3,SENP,23,105100.0,0.0,0.0,730,Vehicle,1380000.0,48,1650000.0,Semi-Urban,1
LN2025105615,54,Female,Widowed,1,SENP,32,171100.0,0.0,0.0,686,Personal,670000.0,36,0.0,Semi-Urban,1
LN2025101064,49,Female,Married,2,SEP,23,88100.0,0.0,8700.0,715,Business,910000.0,24,0.0,Urban,0
LN2025107672,45,Male,Widowed,0,SENP,20,204900.0,0.0,68900.0,745,Personal,2180000.0,36,0.0,Urban,0
LN2025100190,37,Male,Married,1,SEP,9,44000.0,0.0,0.0,746,Personal,270000.0,36,0.0,Rural,1
LN2025105194,35,Male,Married,1,Salaried,14,114600.0,0.0,0.0,668,Personal,390000.0,60,0.0,Urban,1
LN2025103430,36,Male,Single,0,Salaried,15,36200.0,8200.0,0.0,694,Home,2310000.0,240,2710000.0,Rural,1
LN2025102949,27,Male,Married,3,SENP,0,88900.0,48000.0,27800.0,754,Business,1270000.0,120,0.0,Urban,0
LN2025105937,29,Male,Single,3,Salaried,7,23000.0,0.0,0.0,774,Vehicle,360000.0,84,440000.0,Urban,1
LN2025107900,24,Male,Married,1,Salaried,1,10100.0,68700.0,2400.0,771,Home,2790000.0,360,4870000.0,Rural,1
LN2025101015,36,Female,Married,1,SENP,11,52900.0,0.0,0.0,740,Business,620000.0,36,1570000.0,Urban,1
LN2025101715,47,Male,Married,2,SEP,19,375500.0,0.0,0.0,550,Business,6490000.0,48,0.0,Semi-Urban,0
LN2025108872,39,Female,Married,1,SENP,15,56800.0,0.0,0.0,685,Business,360000.0,84,570000.0,Rural,1
LN2025109037,24,Male,Single,1,SEP,0,49000.0,0.0,19900.0,-1,Home,1430000.0,240,2090000.0,Rural,0
LN2025106280,47,Male,Married,2,SENP,21,471500.0,0.0,113600.0,634,Home,12640000.0,180,16840000.0,Urban,1
LN2025102784,28,Male,Married,1,Salaried,6,23500.0,17200.0,12100.0,780,Personal,80000.0,24,0.0,Rural,1
LN2025103241,41,Male,Married,0,Salaried,16,65900.0,0.0,4300.0,663,Home,1880000.0,360,2630000.0,Urban,0
LN2025102932,36,Female,Married,2,SEP,6,162200.0,37600.0,46000.0,727,Home,8280000.0,240,18060000.0,Rural,1
LN2025104277,20,Male,Single,1,Salaried,0,33300.0,0.0,0.0,706,Personal,260000.0,24,0.0,Urban,0
LN2025101140,40,Male,Married,3,Salaried,17,53800.0,0.0,10000.0,588,Personal,380000.0,60,0.0,Semi-Urban,0
LN2025101394,36,Male,Married,2,Salaried,13,51200.0,0.0,4600.0,807,Vehicle,360000.0,36,380000.0,Urban,1
LN2025100382,43,Male,Married,1,Salaried,19,166700.0,24000.0,0.0,603,Home,5850000.0,180,10680000.0,Semi-Urban,0
LN2025106145,40,Male,Married,3,Salaried,15,36200.0,0.0,3400.0,825,Personal,330000.0,36,0.0,Semi-Urban,1
LN2025109598,26,Male,Single,0,Salaried,3,26200.0,0.0,0.0,729,Personal,150000.0,60,0.0,Urban,1
LN2025102327,21,Female,Single,0,Salaried,0,32600.0,0.0,0.0,745,Personal,220000.0,48,0.0,Semi-Urban,0
LN2025107341,31,Male,Married,3,Salaried,9,59100.0,0.0,4900.0,823,Personal,150000.0,24,0.0,Urban,1
LN2025108384,25,Male,Unknown,0,Salaried,3,31800.0,35100.0,0.0,784,Home,1730000.0,300,3300000.0,Semi-Urban,1
LN2025101730,31,Female,Married,3,Salaried,12,30700.0,51800.0,17600.0,767,Vehicle,60000.0,12,60000.0,Urban,1
LN2025109671,36,Female,Married,2,SEP,8,44000.0,15900.0,0.0,795,Business,380000.0,36,1010000.0,Semi-Urban,1
LN2025101387,38,Transgender,Married,1,SENP,16,31300.0,27900.0,0.0,-1,Business,820000.0,60,1460000.0,Rural,0
LN2025107901,34,Female,Married,2,Salaried,10,72100.0,0.0,0.0,627,Personal,760000.0,24,0.0,Semi-Urban,0
LN2025100471,38,Male,Married,1,Salaried,12,43400.0,57300.0,2500.0,647,Home,4040000.0,120,6930000.0,Urban,0
LN2025102066,40,Male,Married,1,SEP,13,85400.0,0.0,12000.0,739,Business,700000.0,12,0.0,Urban,0
LN2025107840,46,Male,Married,2,SENP,20,180100.0,0.0,0.0,-1,Business,1310000.0,36,0.0,Rural,0
LN2025100095,48,Male,Single,0,SENP,28,38300.0,0.0,1200.0,874,Business,150000.0,60,210000.0,Semi-Urban,1
LN2025108840,42,Female,Married,2,Salaried,18,57600.0,0.0,0.0,775,Personal,600000.0,48,0.0,Urban,1
LN2025102473,38,Male,Married,3,Salaried,14,31800.0,0.0,0.0,721,Home,1070000.0,240,1460000.0,Semi-Urban,0
LN2025106555,36,Male,Married,1,Salaried,13,76900.0,0.0,12000.0,654,Personal,540000.0,60,0.0,Urban,1
LN2025104978,34,Male,Married,3,Salaried,12,48000.0,0.0,0.0,604,Personal,370000.0,48,0.0,Urban,0
LN2025104329,23,Male,Single,0,Salaried,0,21200.0,62600.0,0.0,777,Home,4300000.0,180,6610000.0,Rural,0
LN2025105974,46,Male,Married,3,Salaried,23,61300.0,42500.0,8300.0,772,Personal,610000.0,36,0.0,Urban,1
LN2025107553,44,Female,Married,3,Salaried,22,28000.0,0.0,0.0,654,Personal,230000.0,36,0.0,Urban,1
LN2025100673,52,Male,Married,3,SENP,31,59900.0,37400.0,4100.0,580,Business,350000.0,12,560000.0,Urban,0
LN2025100691,49,Male,Married,1,Salaried,12,156800.0,0.0,31600.0,739,Personal,1100000.0,60,0.0,Urban,0
LN2025108024,31,Male,Married,3,Salaried,8,19200.0,0.0,5700.0,776,Personal,90000.0,12,0.0,Urban,0
LN2025107743,37,Female,Married,0,SEP,10,178900.0,16600.0,0.0,742,Business,1990000.0,36,3010000.0,Semi-Urban,1
LN2025108499,47,Male,Married,3,Salaried,22,93900.0,38200.0,0.0,837,Vehicle,1430000.0,60,1430000.0,Semi-Urban,1
LN2025108156,31,Female,Married,3,Salaried,8,113700.0,0.0,6300.0,716,Personal,960000.0,12,0.0,Urban,0
LN2025108221,38,Female,Married,1,Salaried,14,107200.0,0.0,32000.0,751,Personal,660000.0,36,0.0,Urban,1
LN2025103138,38,Male,Married,1,Salaried,13,32300.0,31900.0,17100.0,707,Home,1600000.0,120,4440000.0,Semi-Urban,0
LN2025107224,29,Male,Married,2,SENP,1,52400.0,0.0,0.0,777,Business,160000.0,24,0.0,Urban,0
LN2025105363,38,Male,Married,3,SEP,10,55900.0,0.0,0.0,640,Business,290000.0,36,570000.0,Rural,0
LN2025108181,34,Male,Married,2,SENP,6,38200.0,65500.0,11700.0,802,Home,6710000.0,240,10630000.0,Urban,0
LN2025102859,35,Female,Married,0,Salaried,11,78300.0,0.0,0.0,623,Vehicle,540000.0,48,610000.0,Urban,0
LN2025101948,23,Female,Single,0,Salaried,1,32800.0,0.0,0.0,737,Personal,230000.0,24,0.0,Urban,1
LN2025109270,37,Male,Married,1,Salaried,15,68100.0,23800.0,0.0,820,Personal,930000.0,36,0.0,Semi-Urban,1
LN2025109535,29,Male,Married,3,Salaried,4,109700.0,0.0,0.0,727,Vehicle,1270000.0,60,1350000.0,Urban,1
LN2025108650,43,Female,Married,2,Salaried,18,36000.0,0.0,0.0,804,Home,1800000.0,180,2680000.0,Urban,1
LN2025108449,40,Male,Married,3,SENP,11,104800.0,29800.0,21700.0,738,Business,710000.0,60,0.0,Semi-Urban,1
LN2025103713,41,Male,Married,1,Salaried,19,33900.0,0.0,0.0,739,Personal,240000.0,60,0.0,Semi-Urban,1
LN2025109674,28,Transgender,Single,0,Salaried,5,46600.0,0.0,0.0,712,Home,2750000.0,240,4340000.0,Urban,0
LN2025105201,53,Male,Married,2,SENP,29,46200.0,0.0,1700.0,730,Business,380000.0,24,600000.0,Semi-Urban,0
LN2025109103,40,Male,Married,2,Salaried,18,96500.0,21700.0,14500.0,872,Home,7140000.0,240,10630000.0,Urban,1
LN2025107661,41,Male,Divorced,0,Salaried,19,119900.0,0.0,0.0,629,Personal,1370000.0,24,0.0,Urban,0
LN2025103209,40,Male,Married,2,SENP,13,167600.0,26700.0,0.0,707,Business,1220000.0,12,0.0,Urban,1
LN2025102475,35,Male,Married,3,SENP,11,80700.0,0.0,0.0,752,Home,1880000.0,360,2710000.0,Semi-Urban,1
LN2025105799,53,Male,Married,2,SENP,29,64800.0,0.0,0.0,850,Business,630000.0,24,1570000.0,Urban,1
LN2025100714,30,Male,Married,1,Salaried,12,68000.0,0.0,0.0,755,Personal,220000.0,48,0.0,Urban,1
LN2025102415,43,Male,Married,2,Salaried,22,105200.0,0.0,0.0,648,Home,4420000.0,180,6120000.0,Urban,0
LN2025102618,37,Male,Single,0,Salaried,15,42900.0,0.0,0.0,783,Vehicle,100000.0,36,110000.0,Urban,1
LN2025100572,31,Male,Single,3,Salaried,9,75700.0,0.0,20000.0,667,Vehicle,910000.0,60,920000.0,Urban,0
LN2025108359,32,Male,Single,1,Salaried,9,26500.0,0.0,0.0,829,Vehicle,160000.0,36,170000.0,Rural,1
LN2025106222,25,Male,Married,3,SEP,0,34400.0,29700.0,7700.0,758,Home,1920000.0,240,3120000.0,Urban,0
LN2025109166,56,Male,Married,1,SEP,30,79700.0,17200.0,0.0,-1,Home,2160000.0,300,2920000.0,Rural,0
LN2025104062,37,Male,Married,3,Salaried,14,59800.0,101800.0,63900.0,704,Home,10100000.0,240,13740000.0,Urban,0
LN2025106637,33,Male,Single,0,Salaried,12,14800.0,0.0,4500.0,773,Personal,110000.0,36,0.0,Rural,0
LN2025102223,45,Female,Married,2,Salaried,21,17600.0,24200.0,0.0,747,Home,1780000.0,180,2010000.0,Semi-Urban,1
LN2025109424,34,Female,Married,2,Salaried,9,48200.0,0.0,2800.0,516,Home,1480000.0,180,2090000.0,Rural,0
LN2025101009,27,Female,Single,1,Salaried,4,34300.0,0.0,800.0,817,Personal,100000.0,24,0.0,Semi-Urban,1
LN2025107232,31,Male,Single,0,SEP,1,36700.0,0.0,3400.0,809,Home,710000.0,300,1060000.0,Urban,0
LN2025103560,47,Male,Married,0,Salaried,25,28800.0,21700.0,0.0,700,Home,1230000.0,120,3510000.0,Rural,1
LN2025102133,48,Male,Married,0,SENP,27,107100.0,0.0,31300.0,807,Vehicle,800000.0,60,990000.0,Semi-Urban,1
LN2025105638,28,Female,Married,1,Salaried,2,21700.0,0.0,0.0,672,Personal,100000.0,36,0.0,Semi-Urban,0
LN2025101114,31,Male,Married,2,Salaried,10,110600.0,0.0,0.0,815,Personal,540000.0,12,0.0,Urban,1
LN2025104765,36,Male,Married,2,Salaried,15,41000.0,18200.0,0.0,-1,Vehicle,210000.0,60,230000.0,Urban,1
LN2025107164,44,Female,Married,1,Salaried,24,40000.0,0.0,0.0,765,Home,1500000.0,180,1830000.0,Semi-Urban,1
LN2025100206,24,Male,Single,0,SEP,0,57100.0,0.0,7000.0,613,Home,970000.0,180,1700000.0,Rural,0
LN2025109655,28,Unknown,Married,3,Salaried,5,42100.0,57000.0,0.0,779,Home,4360000.0,300,7700000.0,Urban,1
LN2025108362,60,Male,Married,3,SENP,17,45500.0,0.0,0.0,673,Business,270000.0,60,0.0,Urban,1
LN2025103732,43,Male,Single,0,SEP,14,64300.0,79200.0,0.0,512,Home,6200000.0,240,8810000.0,Urban,0
LN2025103447,28,Female,Married,1,SEP,0,36800.0,0.0,10100.0,712,Business,980000.0,120,1460000.0,Semi-Urban,0
LN2025102437,35,Male,Single,2,Salaried,14,68400.0,0.0,0.0,500,Vehicle,690000.0,48,810000.0,Urban,0
LN2025107385,40,Male,Married,2,Salaried,18,80300.0,0.0,25900.0,691,Personal,750000.0,36,0.0,Urban,0
LN2025107718,45,Female,Married,2,SENP,24,47200.0,0.0,6900.0,767,Personal,140000.0,24,0.0,Urban,1
LN2025101199,45,Female,Married,0,SENP,18,30800.0,0.0,0.0,788,Business,370000.0,24,1030000.0,Urban,0
LN2025107121,39,Male,Married,1,Salaried,14,68400.0,20300.0,0.0,-1,Home,3210000.0,240,7490000.0,Urban,1
LN2025109266,48,Male,Married,2,SENP,25,58800.0,0.0,0.0,781,Home,3360000.0,180,4630000.0,Urban,0
LN2025105610,34,Transgender,Married,1,Salaried,11,39000.0,0.0,0.0,710,Personal,310000.0,36,0.0,Semi-Urban,0
LN2025102477,30,Male,Single,0,Salaried,4,40400.0,0.0,7800.0,-1,Personal,210000.0,60,0.0,Urban,0
LN2025104201,44,Female,Widowed,2,Salaried,22,60100.0,0.0,12900.0,712,Personal,230000.0,60,0.0,Urban,1
LN2025101302,34,Male,Married,1,Salaried,11,40600.0,0.0,9400.0,838,Personal,320000.0,12,0.0,Urban,0
LN2025107780,32,Female,Single,2,Salaried,7,29500.0,0.0,3600.0,734,Personal,190000.0,36,0.0,Semi-Urban,1
LN2025105076,42,Male,Married,3,SENP,16,59900.0,0.0,0.0,726,Vehicle,1100000.0,48,1290000.0,Semi-Urban,1
LN2025102848,35,Female,Married,3,Salaried,12,65800.0,52000.0,0.0,737,Personal,560000.0,48,0.0,Urban,0
LN2025106648,49,Male,Married,2,Salaried,25,78300.0,0.0,16100.0,754,Personal,1450000.0,24,0.0,Rural,0
LN2025103968,25,Female,Single,3,Salaried,0,92200.0,0.0,26800.0,719,Personal,430000.0,36,0.0,Urban,0
LN2025102556,41,Male,Married,3,Salaried,18,24500.0,14700.0,0.0,748,Home,1120000.0,180,2730000.0,Rural,1
LN2025104735,42,Female,Married,1,SEP,13,289800.0,43900.0,25000.0,900,Home,9780000.0,240,11690000.0,Urban,0
LN2025102950,35,Male,Married,0,Salaried,9,41600.0,30200.0,0.0,683,Home,1830000.0,180,2790000.0,Rural,1
LN2025100086,44,Male,Married,2,SENP,20,171500.0,0.0,40900.0,800,Business,1080000.0,60,0.0,Semi-Urban,1
LN2025103568,39,Male,Married,1,Salaried,18,54400.0,0.0,7000.0,714,Home,1830000.0,240,2440000.0,Urban,1
LN2025100334,43,Male,Married,0,Salaried,22,63800.0,0.0,3100.0,761,Personal,480000.0,48,0.0,Urban,1
LN2025107849,34,Female,Married,2,Salaried,10,36900.0,0.0,0.0,823,Personal,480000.0,60,0.0,Urban,0
LN2025109274,36,Female,Married,1,Salaried,13,47800.0,0.0,15700.0,695,Personal,400000.0,60,0.0,Semi-Urban,0
LN2025106421,42,Male,Married,3,SENP,20,36900.0,17500.0,0.0,714,Home,1250000.0,240,1450000.0,Semi-Urban,0
LN2025107946,36,Female,Married,2,SENP,14,47400.0,0.0,9100.0,794,Vehicle,300000.0,48,380000.0,Rural,0
LN2025107678,31,Female,Married,1,Salaried,8,53700.0,0.0,1200.0,828,Personal,370000.0,60,0.0,Semi-Urban,1
LN2025105041,32,Male,Married,3,Salaried,7,70700.0,78200.0,0.0,669,Home,4600000.0,240,6090000.0,Urban,0
LN2025104211,27,Male,Single,0,Salaried,6,107100.0,0.0,0.0,-1,Personal,430000.0,60,0.0,Semi-Urban,1
LN2025107582,59,Male,Divorced,1,SENP,36,139700.0,0.0,40200.0,792,Business,1270000.0,60,0.0,Urban,1
LN2025103106,57,Male,Married,1,Salaried,32,224700.0,39000.0,56300.0,740,Vehicle,70000.0,36,80000.0,Rural,1
LN2025104090,38,Female,Married,3,Salaried,13,69100.0,54100.0,0.0,715,Home,5400000.0,240,9860000.0,Urban,1
LN2025102843,36,Male,Married,1,SENP,11,83300.0,90900.0,29500.0,868,Home,6910000.0,300,13750000.0,Urban,1
LN2025104928,32,Female,Married,1,Salaried,8,26400.0,27600.0,0.0,768,Vehicle,240000.0,84,320000.0,Semi-Urban,1
LN2025105587,42,Male,Married,2,Salaried,12,44200.0,0.0,2300.0,751,Vehicle,690000.0,48,720000.0,Urban,1
LN2025105855,37,Male,Married,1,SENP,13,32100.0,0.0,0.0,664,Personal,220000.0,48,0.0,Urban,1
LN2025104546,44,Male,Married,2,SEP,19,127300.0,110800.0,0.0,765,Business,900000.0,120,0.0,Urban,1
LN2025105287,43,Transgender,Married,1,Salaried,19,65900.0,0.0,0.0,772,Vehicle,510000.0,36,580000.0,Urban,1
LN2025108165,38,Female,Married,0,Salaried,13,48300.0,0.0,10500.0,628,Vehicle,360000.0,48,400000.0,Semi-Urban,0
LN2025109667,44,Male,Married,0,Salaried,20,59600.0,0.0,2200.0,742,Personal,320000.0,48,0.0,Rural,1
LN2025101620,44,Female,Married,2,Salaried,23,38100.0,0.0,0.0,701,Personal,320000.0,36,0.0,Urban,1
LN2025104298,47,Female,Married,2,Salaried,21,60400.0,0.0,0.0,799,Business,370000.0,60,500000.0,Urban,1
LN2025109152,43,Male,Married,2,SENP,16,13600.0,59900.0,0.0,781,Home,3720000.0,240,4240000.0,Urban,0
LN2025100915,38,Female,Married,2,Salaried,14,22900.0,0.0,0.0,676,Vehicle,350000.0,60,490000.0,Semi-Urban,1
LN2025106094,24,Male,Married,3,Salaried,0,39000.0,47000.0,0.0,684,Home,6320000.0,240,12580000.0,Urban,0
LN2025101376,42,Female,Married,2,Salaried,21,85300.0,25300.0,15000.0,798,Home,1920000.0,180,4160000.0,Urban,1
LN2025102126,60,Female,Married,1,SENP,33,112400.0,65200.0,0.0,763,Personal,890000.0,48,0.0,Urban,0
LN2025103336,22,Female,Single,1,Salaried,0,25900.0,18100.0,7900.0,743,Home,1200000.0,180,1360000.0,Rural,0
LN2025103607,44,Female,Married,1,SEP,15,388800.0,0.0,97600.0,751,Business,3250000.0,12,0.0,Urban,0
LN2025109773,39,Male,Married,3,SEP,10,26400.0,19900.0,0.0,725,Home,1130000.0,180,1570000.0,Semi-Urban,1
LN2025106579,38,Male,Married,2,Salaried,13,45900.0,0.0,0.0,579,Vehicle,350000.0,48,380000.0,Rural,0
LN2025100995,34,Female,Married,1,Salaried,10,25800.0,0.0,0.0,747,Personal,230000.0,24,0.0,Urban,0
LN2025107925,31,Male,Married,1,Salaried,10,23300.0,19400.0,0.0,785,Home,1020000.0,300,2000000.0,Semi-Urban,1
LN2025102877,42,Male,Married,2,SENP,11,52600.0,29500.0,0.0,739,Business,450000.0,60,1210000.0,Semi-Urban,1
LN2025102325,39,Transgender,Married,0,Salaried,15,42300.0,24300.0,0.0,726,Home,2950000.0,180,3440000.0,Semi-Urban,1
LN2025108941,44,Male,Single,0,Salaried,24,43200.0,0.0,0.0,772,Vehicle,180000.0,36,180000.0,Semi-Urban,1
LN2025103297,35,Male,Single,0,Salaried,10,55800.0,0.0,0.0,800,Personal,530000.0,48,0.0,Urban,1
LN2025104314,58,Male,Married,2,SENP,31,82600.0,23900.0,11100.0,709,Personal,900000.0,48,0.0,Urban,1
LN2025103557,36,Female,Single,3,Salaried,11,26400.0,0.0,0.0,667,Home,1210000.0,120,1790000.0,Semi-Urban,0
LN2025103709,43,Male,Married,2,Salaried,19,59000.0,0.0,0.0,659,Vehicle,520000.0,60,590000.0,Rural,1
LN2025104498,50,Female,Married,2,SEP,21,35400.0,38300.0,5900.0,801,Business,790000.0,24,1360000.0,Rural,0
LN2025104913,25,Male,Single,1,Salaried,0,11900.0,0.0,400.0,684,Personal,100000.0,36,0.0,Semi-Urban,0
LN2025100121,36,Male,Single,1,Salaried,10,30400.0,0.0,11500.0,707,Business,100000.0,84,140000.0,Semi-Urban,0
LN2025105818,59,Male,Married,0,SENP,37,49700.0,0.0,2500.0,763,Personal,370000.0,48,0.0,Urban,1
LN2025106742,34,Female,Married,1,Salaried,9,30700.0,0.0,0.0,823,Personal,320000.0,36,0.0,Rural,1
LN2025104897,45,Female,Married,1,Salaried,22,70700.0,44500.0,8400.0,749,Personal,630000.0,60,0.0,Semi-Urban,1
LN2025101926,39,Male,Single,0,Salaried,14,52400.0,0.0,17000.0,681,Vehicle,60000.0,24,70000.0,Rural,0
LN2025100779,29,Male,Married,1,SEP,0,91000.0,0.0,0.0,789,Personal,580000.0,60,0.0,Rural,0
LN2025101206,34,Unknown,Married,2,Salaried,11,105100.0,0.0,7500.0,732,Home,2760000.0,180,4210000.0,Urban,1
LN2025102742,34,Female,Married,1,Salaried,10,31600.0,0.0,10500.0,789,Business,120000.0,12,0.0,Urban,0
LN2025106672,35,Male,Single,1,Salaried,13,46800.0,0.0,0.0,784,Home,1490000.0,240,2800000.0,Semi-Urban,1
LN2025103507,30,Female,Single,0,SEP,3,55300.0,0.0,14500.0,724,Vehicle,310000.0,60,350000.0,Urban,1
LN2025100879,26,Male,Single,0,Salaried,1,12400.0,0.0,0.0,707,Home,580000.0,300,720000.0,Semi-Urban,0
LN2025103452,27,Male,Married,1,Salaried,2,42300.0,0.0,7700.0,738,Personal,540000.0,12,0.0,Urban,0
LN2025108707,25,Female,Single,1,Salaried,0,32000.0,0.0,0.0,774,Vehicle,240000.0,60,260000.0,Semi-Urban,0
LN2025107734,31,Male,Single,0,SENP,4,25800.0,10200.0,0.0,733,Home,560000.0,240,830000.0,Rural,1
LN2025104503,22,Female,Single,0,Salaried,0,35600.0,0.0,0.0,822,Home,1250000.0,120,1730000.0,Urban,0
LN2025107438,25,Male,Single,0,Salaried,3,42500.0,0.0,0.0,806,Personal,640000.0,48,0.0,Urban,1
LN2025106415,38,Male,Single,2,SEP,13,64500.0,0.0,0.0,787,Vehicle,130000.0,12,130000.0,Rural,1
LN2025108095,45,Female,Married,2,SENP,24,44200.0,0.0,0.0,794,Vehicle,330000.0,36,370000.0,Urban,1
LN2025101541,24,Male,Single,0,SEP,0,116600.0,37900.0,0.0,-1,Home,3080000.0,360,4550000.0,Semi-Urban,0
LN2025109063,58,Female,Married,2,SENP,30,24300.0,0.0,0.0,756,Business,160000.0,60,0.0,Rural,1
LN2025103776,27,Male,Single,1,Salaried,5,75800.0,0.0,7700.0,759,Vehicle,530000.0,84,690000.0,Urban,1
LN2025101341,51,Male,Married,2,SENP,30,141300.0,0.0,55700.0,702,Vehicle,120000.0,24,170000.0,Semi-Urban,1
LN2025102304,30,Male,Single,3,Salaried,5,86300.0,0.0,16000.0,708,Home,2080000.0,240,2780000.0,Urban,0
LN2025100985,42,Female,Married,1,Salaried,17,30700.0,0.0,0.0,667,Personal,120000.0,60,0.0,Rural,1
LN2025102875,51,Male,Married,1,SENP,26,219700.0,0.0,25400.0,714,Vehicle,1620000.0,84,1670000.0,Urban,1
LN2025101106,36,Female,Married,2,Salaried,13,31600.0,0.0,0.0,747,Personal,230000.0,12,0.0,Rural,0
LN2025106502,26,Male,Single,0,Salaried,5,59700.0,0.0,0.0,706,Personal,340000.0,24,0.0,Urban,0
LN2025108487,35,Male,Single,0,Salaried,10,20100.0,0.0,0.0,679,Personal,110000.0,48,0.0,Rural,0
LN2025107489,39,Male,Married,1,Salaried,17,20200.0,4800.0,0.0,692,Vehicle,200000.0,60,240000.0,Rural,0
LN2025106376,32,Unknown,Married,3,SENP,10,44200.0,34900.0,16100.0,649,Home,1540000.0,300,2080000.0,Semi-Urban,0
LN2025106681,36,Female,Married,2,Salaried,13,51000.0,0.0,0.0,652,Home,790000.0,240,1390000.0,Semi-Urban,1
LN2025102310,38,Male,Married,2,Salaried,14,49200.0,43300.0,0.0,-1,Home,2140000.0,240,3050000.0,Urban,1
LN2025103678,35,Male,Married,1,SENP,14,29400.0,0.0,7300.0,649,Business,320000.0,36,0.0,Semi-Urban,0
LN2025109605,28,Male,Single,0,Salaried,4,20400.0,0.0,0.0,653,Personal,240000.0,60,0.0,Urban,0
LN2025106332,42,Male,Single,1,Salaried,19,61500.0,0.0,11300.0,589,Vehicle,60000.0,24,80000.0,Semi-Urban,0
LN2025105479,35,Male,Married,2,SENP,7,10200.0,17300.0,2500.0,744,Business,140000.0,36,190000.0,Rural,1
LN2025105391,44,Female,Single,0,SEP,16,52500.0,0.0,2900.0,820,Home,2290000.0,240,3860000.0,Rural,1
LN2025104598,47,Male,Married,2,Salaried,12,71700.0,0.0,0.0,657,Personal,400000.0,36,0.0,Semi-Urban,0
LN2025103311,39,Male,Married,3,SEP,10,75800.0,0.0,0.0,820,Home,2930000.0,240,7010000.0,Urban,1
LN2025108829,42,Female,Married,1,SEP,12,64700.0,29500.0,15000.0,702,Vehicle,90000.0,12,120000.0,Semi-Urban,1
LN2025102754,28,Male,Married,2,SENP,8,123200.0,25100.0,0.0,831,Vehicle,80000.0,12,100000.0,Urban,1
LN2025105289,37,Male,Married,2,Salaried,14,30000.0,22800.0,0.0,669,Vehicle,50000.0,12,60000.0,Rural,1
LN2025105876,45,Male,Married,1,SENP,25,53300.0,0.0,7300.0,751,Business,340000.0,24,0.0,Rural,1
LN2025102723,34,Female,Married,3,SEP,3,29300.0,0.0,13300.0,718,Business,130000.0,48,190000.0,Rural,0
LN2025101163,31,Transgender,Married,2,Salaried,11,68800.0,44500.0,0.0,736,Personal,1910000.0,60,0.0,Urban,1
LN2025102611,54,Male,Married,3,SEP,12,46300.0,0.0,0.0,590,Vehicle,110000.0,12,150000.0,Rural,0
LN2025103928,26,Male,Single,0,SENP,8,45700.0,0.0,0.0,790,Personal,130000.0,36,0.0,Rural,1
LN2025108149,36,Male,Married,3,Salaried,14,47300.0,0.0,11300.0,723,Personal,180000.0,24,0.0,Urban,1
LN2025106759,36,Male,Married,3,Salaried,14,43600.0,0.0,600.0,773,Home,1670000.0,180,1940000.0,Urban,1
LN2025104401,34,Male,Married,3,Salaried,12,23500.0,0.0,0.0,773,Personal,130000.0,36,0.0,Semi-Urban,1
LN2025101913,35,Male,Married,3,Salaried,13,48700.0,0.0,0.0,662,Vehicle,470000.0,60,600000.0,Urban,1
LN2025109417,42,Female,Single,1,Salaried,18,27800.0,0.0,6400.0,730,Vehicle,400000.0,60,480000.0,Semi-Urban,0
LN2025105952,43,Female,Married,2,Salaried,21,32000.0,24700.0,0.0,622,Home,3230000.0,180,4280000.0,Semi-Urban,0
LN2025102173,49,Female,Single,0,SENP,20,277200.0,0.0,0.0,708,Business,3090000.0,24,5840000.0,Urban,1
LN2025105712,21,Male,Single,0,Salaried,0,28400.0,0.0,6900.0,750,Personal,310000.0,60,0.0,Urban,0
LN2025100295,32,Female,Single,0,SENP,5,40000.0,57400.0,0.0,712,Home,4150000.0,240,4980000.0,Rural,0
LN2025106049,51,Male,Widowed,0,SEP,25,152700.0,0.0,0.0,641,Personal,1690000.0,12,0.0,Urban,0
LN2025100959,39,Male,Married,0,Salaried,17,47600.0,20700.0,13700.0,709,Vehicle,690000.0,60,820000.0,Semi-Urban,0
LN2025107012,42,Male,Married,3,Salaried,17,102100.0,0.0,0.0,692,Personal,1950000.0,48,0.0,Semi-Urban,1
LN2025106357,42,Female,Married,0,SENP,14,68300.0,0.0,0.0,713,Business,1700000.0,24,3260000.0,Urban,0
LN2025103724,35,Male,Married,1,Salaried,10,22400.0,26600.0,0.0,740,Vehicle,420000.0,48,240000.0,Urban,1
LN2025101711,56,Male,Married,1,SENP,27,207100.0,0.0,0.0,814,Home,6300000.0,120,11330000.0,Semi-Urban,0
LN2025100229,39,Female,Married,2,SENP,17,45000.0,0.0,10300.0,698,Personal,280000.0,36,0.0,Urban,0
LN2025104409,40,Male,Married,2,Salaried,17,32500.0,0.0,0.0,634,Personal,200000.0,36,0.0,Rural,0
LN2025100297,32,Male,Married,1,Salaried,10,36800.0,0.0,0.0,686,Vehicle,520000.0,60,590000.0,Urban,0
LN2025104251,32,Female,Married,1,Salaried,8,15300.0,0.0,0.0,669,Home,500000.0,240,710000.0,Semi-Urban,1
LN2025108385,35,Male,Married,1,Salaried,15,38800.0,0.0,11600.0,708,Personal,340000.0,36,0.0,Semi-Urban,0
LN2025107387,31,Male,Married,3,SENP,6,18800.0,22500.0,0.0,819,Vehicle,60000.0,36,60000.0,Urban,1
LN2025109301,38,Male,Married,2,SEP,7,40500.0,52600.0,0.0,665,Home,4160000.0,360,5690000.0,Rural,0
LN2025103830,28,Male,Single,1,Salaried,6,32000.0,0.0,4100.0,698,Vehicle,100000.0,24,140000.0,Rural,0
LN2025100904,34,Male,Married,0,Salaried,11,16400.0,44200.0,0.0,854,Home,1850000.0,240,2750000.0,Urban,1
LN2025105823,57,Male,Single,0,Salaried,34,135900.0,0.0,15900.0,716,Home,6830000.0,240,13360000.0,Urban,0
LN2025100145,34,Male,Married,0,SENP,13,104800.0,0.0,0.0,802,Vehicle,4000000.0,48,5710000.0,Urban,0
LN2025107383,32,Male,Married,1,Salaried,7,50200.0,0.0,3000.0,779,Business,200000.0,36,300000.0,Urban,1
LN2025108332,39,Male,Married,2,Salaried,16,31700.0,58000.0,21700.0,659,Personal,320000.0,24,0.0,Rural,0
LN2025104596,46,Male,Married,3,Salaried,22,81100.0,12400.0,0.0,793,Personal,830000.0,36,0.0,Urban,1
LN2025101888,38,Male,Married,3,Salaried,17,70100.0,0.0,0.0,650,Personal,750000.0,24,0.0,Urban,0
LN2025103264,33,Male,Married,2,SEP,6,117000.0,22700.0,19200.0,711,Personal,1590000.0,48,0.0,Urban,1
LN2025108889,48,Male,Married,3,SENP,21,338200.0,94800.0,9300.0,816,Business,4600000.0,48,0.0,Urban,1
LN2025100809,43,Male,Married,1,Salaried,18,31200.0,0.0,0.0,702,Vehicle,300000.0,36,330000.0,Semi-Urban,1
LN2025103565,40,Male,Single,0,Salaried,17,82800.0,0.0,0.0,765,Home,3060000.0,120,6090000.0,Urban,1
LN2025107923,60,Male,Married,1,SENP,36,285600.0,16600.0,36100.0,822,Home,10960000.0,180,15830000.0,Semi-Urban,0
LN2025100105,20,Female,Single,0,Salaried,0,20300.0,0.0,0.0,591,Personal,70000.0,12,0.0,Rural,0
LN2025104723,35,Male,Married,1,SENP,15,109400.0,0.0,0.0,728,Business,500000.0,36,0.0,Rural,1
LN2025104750,32,Male,Married,2,Salaried,10,72700.0,0.0,0.0,739,Home,3220000.0,180,4310000.0,Urban,0
LN2025109414,37,Female,Married,0,Salaried,15,52700.0,34300.0,19800.0,806,Home,2610000.0,240,3480000.0,Semi-Urban,1
LN2025107932,34,Female,Married,1,SEP,6,40100.0,0.0,0.0,-1,Personal,510000.0,24,0.0,Rural,0
LN2025104446,22,Male,Single,0,Salaried,0,33500.0,42900.0,0.0,699,Home,2760000.0,300,5430000.0,Semi-Urban,0
LN2025104276,52,Male,Married,3,SENP,30,98900.0,0.0,0.0,714,Business,1320000.0,120,0.0,Rural,1
LN2025107301,44,Female,Married,0,Salaried,18,17300.0,26300.0,11400.0,788,Vehicle,600000.0,48,680000.0,Rural,0
LN2025105154,22,Female,Single,0,Salaried,0,14100.0,0.0,0.0,769,Personal,140000.0,48,0.0,Semi-Urban,0
LN2025104564,35,Female,Married,1,Salaried,13,31700.0,0.0,0.0,699,Vehicle,480000.0,60,630000.0,Urban,1
LN2025105997,54,Male,Married,3,SEP,26,101600.0,34800.0,43800.0,688,Vehicle,570000.0,60,810000.0,Semi-Urban,1
LN2025106655,26,Female,Married,2,Salaried,3,26100.0,0.0,2900.0,730,Personal,180000.0,60,0.0,Rural,1
LN2025103010,55,Male,Married,1,SENP,28,150400.0,0.0,14100.0,772,Home,4660000.0,120,6000000.0,Urban,1
LN2025109340,20,Male,Single,0,Salaried,0,46300.0,0.0,0.0,560,Personal,990000.0,60,0.0,Rural,0
LN2025100512,32,Male,Married,0,Salaried,11,121700.0,0.0,0.0,785,Vehicle,100000.0,36,110000.0,Urban,1
LN2025105896,33,Female,Married,1,Salaried,13,24400.0,0.0,0.0,751,Vehicle,80000.0,36,90000.0,Rural,1
LN2025106595,36,Female,Single,0,Salaried,10,31800.0,0.0,0.0,851,Personal,220000.0,24,0.0,Rural,1
LN2025105441,40,Male,Married,2,SENP,12,61900.0,0.0,0.0,729,Business,490000.0,36,1050000.0,Semi-Urban,1
LN2025108386,49,Male,Married,1,SENP,24,56900.0,19100.0,12400.0,710,Home,2640000.0,180,3420000.0,Urban,1
LN2025105166,53,Male,Married,1,Salaried,29,31200.0,0.0,0.0,674,Personal,420000.0,48,0.0,Rural,0
LN2025100700,39,Female,Married,2,SENP,14,91900.0,0.0,0.0,642,Business,930000.0,84,0.0,Urban,0
LN2025102924,42,Male,Married,0,SENP,15,45100.0,18200.0,5600.0,664,Vehicle,280000.0,60,280000.0,Urban,1
LN2025107151,24,Male,Single,2,Salaried,0,62400.0,0.0,18100.0,-1,Personal,190000.0,36,0.0,Rural,0
LN2025103965,40,Male,Married,0,SENP,13,74000.0,12000.0,0.0,862,Business,410000.0,36,0.0,Rural,1
LN2025103531,27,Female,Married,0,SENP,0,11800.0,0.0,0.0,651,Home,500000.0,360,1340000.0,Urban,0
LN2025104464,37,Male,Married,3,SENP,8,19400.0,0.0,4900.0,712,Business,180000.0,36,0.0,Urban,1
LN2025108387,34,Female,Married,1,Salaried,12,24300.0,0.0,0.0,673,Personal,200000.0,36,0.0,Rural,1
LN2025107665,37,Male,Married,1,Salaried,14,56400.0,0.0,2200.0,750,Vehicle,780000.0,60,960000.0,Urban,1
LN2025105538,20,Male,Single,0,Salaried,0,29700.0,54000.0,4200.0,712,Home,2760000.0,360,3990000.0,Urban,0
LN2025101722,34,Male,Married,3,SENP,8,21300.0,16900.0,5100.0,715,Business,150000.0,84,0.0,Urban,1
LN2025108211,42,Male,Married,2,Salaried,17,50600.0,0.0,3200.0,646,Personal,350000.0,36,0.0,Urban,0
LN2025108839,35,Male,Married,2,Salaried,10,77600.0,29400.0,0.0,572,Home,3320000.0,240,4190000.0,Semi-Urban,0
LN2025101392,46,Male,Married,1,SENP,21,122100.0,0.0,0.0,634,Vehicle,140000.0,24,170000.0,Urban,0
LN2025105227,25,Female,Single,0,Salaried,3,13200.0,0.0,0.0,718,Personal,90000.0,12,0.0,Rural,0
LN2025109199,27,Male,Single,0,Salaried,1,71000.0,0.0,0.0,659,Home,1730000.0,240,2670000.0,Urban,1
LN2025100795,43,Female,Married,3,Salaried,18,12200.0,0.0,0.0,642,Personal,70000.0,12,0.0,Semi-Urban,0
LN2025106693,24,Male,Single,0,Salaried,3,29900.0,0.0,4200.0,508,Personal,250000.0,60,0.0,Semi-Urban,0
LN2025101050,21,Female,Single,1,Salaried,0,52600.0,0.0,0.0,788,Business,420000.0,24,600000.0,Urban,0
LN2025100740,45,Female,Married,2,Salaried,20,35400.0,0.0,3700.0,676,Vehicle,530000.0,60,740000.0,Urban,1
LN2025101119,39,Male,Married,1,Salaried,16,48900.0,0.0,0.0,-1,Personal,360000.0,36,0.0,Urban,1
LN2025108173,40,Female,Married,2,Salaried,18,34200.0,0.0,3100.0,714,Vehicle,80000.0,36,90000.0,Semi-Urban,1
LN2025106172,33,Male,Single,0,SEP,7,87900.0,0.0,0.0,615,Home,2550000.0,180,3700000.0,Urban,0
LN2025109603,45,Female,Married,2,Salaried,19,86900.0,0.0,0.0,739,Personal,460000.0,36,0.0,Urban,1
LN2025108297,46,Male,Married,1,Salaried,23,100700.0,0.0,2800.0,790,Vehicle,110000.0,12,150000.0,Urban,1
LN2025107295,24,Female,Single,0,Salaried,2,25200.0,0.0,0.0,705,Personal,180000.0,24,0.0,Urban,0
LN2025105797,52,Male,Widowed,0,SENP,30,39700.0,0.0,0.0,842,Business,150000.0,120,200000.0,Rural,1
LN2025108820,37,Male,Married,1,SENP,17,51200.0,0.0,10500.0,692,Business,500000.0,36,0.0,Urban,0
LN2025104204,34,Male,Single,0,Salaried,9,28200.0,0.0,0.0,542,Home,1000000.0,180,1250000.0,Rural,0
LN2025108348,36,Male,Single,2,Salaried,11,31400.0,0.0,0.0,741,Personal,910000.0,60,0.0,Rural,0
LN2025103019,43,Male,Married,2,SENP,20,93500.0,0.0,23000.0,855,Personal,1130000.0,48,0.0,Semi-Urban,0
LN2025103409,35,Male,Single,0,Salaried,11,43700.0,0.0,15600.0,797,Home,2750000.0,300,4730000.0,Urban,0
LN2025102942,38,Female,Single,0,Salaried,18,81500.0,0.0,0.0,755,Personal,1080000.0,60,0.0,Urban,1
LN2025101634,37,Male,Married,2,Salaried,17,48400.0,60800.0,0.0,614,Vehicle,680000.0,48,750000.0,Urban,0
LN2025101615,37,Male,Married,1,SENP,12,147600.0,0.0,0.0,776,Vehicle,1770000.0,60,1780000.0,Semi-Urban,1
LN2025106286,37,Male,Married,2,Salaried,15,61900.0,6500.0,0.0,790,Home,3870000.0,180,5920000.0,Rural,0
LN2025104297,39,Male,Single,0,Salaried,15,30600.0,0.0,2600.0,767,Personal,130000.0,36,0.0,Rural,1
LN2025102702,32,Male,Single,0,Salaried,12,37100.0,0.0,8300.0,723,Personal,110000.0,36,0.0,Urban,0
LN2025101439,40,Male,Single,0,Salaried,18,41000.0,0.0,0.0,777,Personal,530000.0,36,0.0,Rural,1
LN2025100962,26,Male,Married,0,Salaried,8,64500.0,0.0,6200.0,900,Personal,480000.0,36,0.0,Urban,1
LN2025107571,39,Female,Married,3,Salaried,18,66800.0,0.0,0.0,689,Home,2870000.0,240,4840000.0,Semi-Urban,0
LN2025102704,56,Female,Married,3,SENP,30,74300.0,0.0,10900.0,693,Vehicle,530000.0,48,630000.0,Semi-Urban,1
LN2025104438,49,Male,Married,0,SEP,22,269800.0,108300.0,0.0,740,Home,6280000.0,180,9080000.0,Urban,1
LN2025108980,31,Male,Married,3,SENP,1,50400.0,0.0,11500.0,739,Business,320000.0,24,750000.0,Urban,0
LN2025106261,23,Female,Single,0,Salaried,0,18500.0,0.0,0.0,708,Personal,150000.0,36,0.0,Rural,0
LN2025103159,33,Female,Married,2,SENP,4,8000.0,43000.0,0.0,700,Vehicle,60000.0,12,70000.0,Semi-Urban,1
LN2025106936,35,Male,Married,1,SEP,8,205100.0,18600.0,0.0,761,Vehicle,1150000.0,60,1420000.0,Urban,1
LN2025101423,39,Female,Single,0,Salaried,17,35400.0,22800.0,3100.0,671,Home,1670000.0,240,2500000.0,Urban,1
LN2025100465,50,Male,Married,0,Salaried,26,121100.0,0.0,0.0,841,Vehicle,1520000.0,48,2120000.0,Urban,1
LN2025101548,32,Male,Married,2,Salaried,9,72800.0,0.0,0.0,761,Personal,570000.0,36,0.0,Urban,1
LN2025106976,31,Male,Married,0,Salaried,9,44100.0,0.0,7100.0,-1,Personal,490000.0,36,0.0,Rural,0
LN2025101477,41,Male,Married,0,Salaried,19,59100.0,0.0,0.0,-1,Home,1800000.0,180,2390000.0,Rural,0
LN2025106084,29,Male,Single,1,Salaried,6,69500.0,0.0,0.0,760,Personal,500000.0,60,0.0,Urban,1
LN2025109703,50,Male,Married,3,SENP,27,75100.0,54800.0,0.0,690,Vehicle,450000.0,60,490000.0,Semi-Urban,0
LN2025107449,51,Male,Married,3,SENP,25,200200.0,0.0,35900.0,846,Personal,1620000.0,12,0.0,Urban,0
LN2025104865,39,Female,Married,2,Salaried,15,63800.0,0.0,0.0,761,Vehicle,290000.0,48,320000.0,Urban,1
LN2025105394,40,Male,Single,0,Salaried,17,69000.0,0.0,0.0,759,Vehicle,230000.0,60,290000.0,Urban,1
LN2025102880,46,Female,Single,2,SENP,17,56400.0,0.0,0.0,798,Personal,640000.0,24,0.0,Urban,1
LN2025101178,47,Female,Single,0,SEP,21,41900.0,0.0,0.0,687,Business,240000.0,48,0.0,Semi-Urban,1
LN2025108739,30,Male,Married,2,Salaried,7,102600.0,0.0,0.0,739,Personal,670000.0,60,0.0,Semi-Urban,1
LN2025109429,22,Male,Single,1,Salaried,0,23600.0,0.0,0.0,622,Personal,90000.0,48,0.0,Semi-Urban,0
LN2025102514,35,Female,Married,3,Salaried,10,20400.0,0.0,0.0,771,Personal,130000.0,48,0.0,Urban,1
LN2025105446,43,Female,Married,0,Salaried,18,60200.0,0.0,0.0,744,Personal,700000.0,36,0.0,Rural,0
LN2025102408,29,Female,Single,1,SENP,0,97800.0,0.0,0.0,597,Business,1090000.0,36,0.0,Urban,0
LN2025104393,26,Female,Married,3,Salaried,5,76700.0,0.0,0.0,769,Vehicle,770000.0,84,900000.0,Semi-Urban,1
LN2025105778,33,Female,Married,2,SEP,4,207800.0,0.0,41400.0,806,Personal,800000.0,48,0.0,Semi-Urban,1
LN2025103554,29,Male,Single,0,Salaried,4,25400.0,49100.0,0.0,760,Home,4800000.0,360,5690000.0,Semi-Urban,0
LN2025102935,44,Male,Single,0,Salaried,19,124500.0,0.0,0.0,770,Vehicle,1480000.0,84,1520000.0,Urban,1
LN2025107700,51,Male,Married,3,Salaried,28,163800.0,34800.0,31600.0,847,Vehicle,1700000.0,60,1920000.0,Semi-Urban,1
LN2025100144,34,Male,Married,2,Salaried,8,45400.0,0.0,3800.0,663,Vehicle,180000.0,60,200000.0,Urban,1
LN2025106844,45,Female,Married,2,Salaried,20,44400.0,0.0,9600.0,735,Vehicle,150000.0,36,160000.0,Urban,1
LN2025105271,35,Female,Married,1,SENP,12,39200.0,0.0,0.0,658,Personal,280000.0,48,0.0,Semi-Urban,1
LN2025101889,44,Male,Single,0,SENP,17,41000.0,0.0,0.0,737,Business,690000.0,48,0.0,Semi-Urban,0
LN2025106884,48,Male,Divorced,0,SENP,19,38000.0,0.0,4500.0,698,Vehicle,130000.0,24,140000.0,Semi-Urban,1
LN2025109817,46,Female,Married,1,SEP,20,254100.0,66300.0,22400.0,743,Home,7090000.0,180,9670000.0,Urban,1
LN2025103062,41,Female,Married,0,Salaried,17,50500.0,0.0,0.0,675,Personal,1020000.0,12,0.0,Urban,0
LN2025108562,42,Male,Married,1,Salaried,19,74700.0,0.0,0.0,633,Personal,350000.0,36,0.0,Urban,0
LN2025109647,45,Male,Married,3,Salaried,21,50100.0,0.0,0.0,740,Home,2000000.0,180,4460000.0,Semi-Urban,1
LN2025100133,40,Male,Married,1,SEP,4,344700.0,0.0,0.0,560,Business,1420000.0,36,0.0,Urban,0
LN2025102539,39,Male,Married,2,Salaried,15,51500.0,0.0,13900.0,684,Personal,450000.0,24,0.0,Urban,0
LN2025100952,38,Female,Married,0,Salaried,14,20900.0,0.0,0.0,726,Vehicle,150000.0,36,180000.0,Rural,1
LN2025106905,25,Male,Single,0,Salaried,1,43100.0,0.0,0.0,800,Personal,390000.0,48,0.0,Rural,1
LN2025100933,34,Male,Married,3,Salaried,9,89200.0,72600.0,45400.0,708,Home,7570000.0,180,10190000.0,Urban,0
LN2025103699,37,Female,Married,0,SENP,11,36700.0,64900.0,0.0,743,Business,410000.0,24,1100000.0,Rural,1
LN2025109100,32,Male,Married,2,Salaried,8,80200.0,0.0,0.0,703,Personal,400000.0,24,0.0,Urban,1
LN2025104667,35,Male,Married,0,Salaried,14,31900.0,0.0,7500.0,642,Personal,150000.0,60,0.0,Urban,0
LN2025104623,25,Male,Single,0,Salaried,5,9000.0,0.0,0.0,699,Personal,320000.0,36,0.0,Rural,0
LN2025100752,31,Male,Married,0,Salaried,11,39000.0,15600.0,6700.0,660,Home,1610000.0,180,2160000.0,Rural,0
LN2025100518,43,Male,Married,3,Salaried,21,169700.0,0.0,0.0,653,Vehicle,970000.0,60,1300000.0,Urban,1
LN2025104565,35,Female,Married,3,Salaried,15,57700.0,0.0,0.0,719,Home,1220000.0,300,1490000.0,Urban,1
LN2025100551,31,Female,Married,2,Salaried,7,21000.0,52600.0,0.0,721,Personal,370000.0,24,0.0,Urban,1
LN2025100142,50,Unknown,Married,1,Salaried,27,67100.0,0.0,12800.0,721,Home,1470000.0,120,2500000.0,Semi-Urban,1
LN2025103989,30,Male,Married,2,Salaried,9,18800.0,40900.0,22600.0,706,Home,4190000.0,180,4590000.0,Rural,0
LN2025106253,59,Male,Married,1,SENP,17,31100.0,0.0,0.0,561,Business,160000.0,24,0.0,Semi-Urban,0
LN2025103208,30,Female,Unknown,1,SENP,5,41700.0,0.0,2800.0,758,Home,700000.0,240,780000.0,Urban,1
LN2025103663,48,Male,Married,0,SENP,27,17400.0,0.0,0.0,704,Vehicle,420000.0,60,180000.0,Rural,1
LN2025107137,46,Female,Married,2,SENP,24,64000.0,47900.0,0.0,630,Home,3320000.0,180,5670000.0,Urban,0
LN2025106044,35,Male,Married,1,Salaried,13,26900.0,27800.0,0.0,609,Home,1100000.0,300,3140000.0,Rural,0
LN2025106220,52,Female,Married,2,SENP,17,59200.0,0.0,0.0,685,Business,950000.0,24,1850000.0,Rural,0
LN2025103252,56,Male,Married,2,SENP,32,117400.0,0.0,49600.0,781,Home,4990000.0,180,6960000.0,Rural,0
LN2025108249,37,Male,Married,1,Salaried,12,20800.0,22800.0,6600.0,663,Home,880000.0,240,1060000.0,Rural,1
LN2025107460,41,Female,Married,1,SENP,14,19800.0,0.0,5500.0,803,Business,150000.0,120,250000.0,Urban,1
LN2025105254,52,Male,Married,2,SENP,23,41900.0,0.0,9100.0,745,Business,500000.0,120,0.0,Urban,1
LN2025100015,31,Male,Married,3,Salaried,7,46200.0,0.0,0.0,822,Business,630000.0,120,0.0,Urban,1
LN2025107462,56,Male,Married,0,SENP,32,93500.0,28100.0,0.0,761,Home,3750000.0,240,5580000.0,Urban,0
LN2025103628,21,Female,Single,0,SENP,0,8000.0,0.0,0.0,655,Personal,50000.0,60,0.0,Urban,0
LN2025102799,35,Female,Married,0,SEP,9,137700.0,0.0,0.0,773,Home,5930000.0,240,13610000.0,Urban,1
LN2025109489,37,Male,Single,0,SENP,9,97500.0,0.0,25100.0,762,Business,720000.0,12,1200000.0,Urban,0
LN2025109463,33,Male,Married,0,Salaried,9,52100.0,0.0,13300.0,766,Personal,220000.0,36,0.0,Semi-Urban,1
LN2025102080,44,Female,Married,2,Salaried,18,68300.0,0.0,15500.0,753,Vehicle,530000.0,60,680000.0,Rural,0
LN2025106183,20,Male,Single,0,Salaried,0,12300.0,60800.0,0.0,786,Home,2010000.0,360,3530000.0,Semi-Urban,0
LN2025109138,38,Female,Married,1,SENP,18,76400.0,0.0,8200.0,828,Business,1310000.0,60,0.0,Urban,1
LN2025102423,48,Male,Married,2,SENP,27,149000.0,0.0,22100.0,-1,Vehicle,760000.0,48,840000.0,Urban,1
LN2025108424,34,Male,Married,2,SENP,7,87100.0,0.0,23400.0,648,Personal,650000.0,24,0.0,Urban,0
LN2025107740,33,Female,Single,0,SENP,5,50700.0,0.0,0.0,720,Personal,500000.0,36,0.0,Rural,1
LN2025108860,42,Female,Married,0,Salaried,18,30100.0,0.0,5700.0,-1,Home,810000.0,180,1630000.0,Rural,0
LN2025109516,43,Male,Married,2,SENP,17,35400.0,0.0,2800.0,712,Business,190000.0,36,390000.0,Urban,1
LN2025109177,46,Male,Single,3,SEP,12,47800.0,0.0,0.0,764,Home,2150000.0,180,3560000.0,Semi-Urban,1
LN2025103892,36,Female,Married,3,SEP,10,68400.0,0.0,8900.0,856,Business,710000.0,48,1040000.0,Semi-Urban,1
LN2025105424,47,Male,Married,1,SENP,19,128700.0,0.0,0.0,777,Personal,230000.0,36,0.0,Semi-Urban,1
LN2025102392,34,Male,Married,1,Salaried,12,40100.0,0.0,11500.0,712,Home,970000.0,180,1390000.0,Urban,0
LN2025103438,49,Female,Single,0,SENP,27,61800.0,0.0,0.0,785,Home,1090000.0,180,1430000.0,Semi-Urban,1
LN2025108604,28,Male,Married,1,SEP,0,40900.0,20700.0,0.0,793,Vehicle,50000.0,12,70000.0,Rural,0
LN2025105032,32,Male,Married,2,Salaried,7,26300.0,0.0,8700.0,753,Home,1180000.0,240,1950000.0,Semi-Urban,0
LN2025104128,42,Male,Married,2,SENP,21,106900.0,44200.0,0.0,806,Home,9170000.0,240,11580000.0,Urban,0
LN2025105378,38,Female,Married,1,Salaried,15,38000.0,0.0,0.0,708,Personal,580000.0,60,0.0,Urban,1
LN2025101529,36,Male,Single,0,Salaried,16,105900.0,0.0,11100.0,726,Personal,400000.0,24,0.0,Rural,0
LN2025107235,49,Male,Married,0,Salaried,25,106500.0,33200.0,18300.0,741,Home,5990000.0,120,8340000.0,Urban,0
LN2025100526,44,Male,Married,2,Salaried,19,158700.0,38400.0,0.0,767,Home,6660000.0,240,12870000.0,Urban,0
LN2025109175,39,Male,Married,0,Salaried,17,26500.0,19100.0,5000.0,801,Home,1430000.0,240,2240000.0,Rural,1
LN2025108450,49,Male,Married,3,SENP,29,60700.0,41200.0,0.0,-1,Business,570000.0,12,1060000.0,Urban,0
LN2025106630,30,Male,Married,2,Salaried,6,107400.0,0.0,0.0,710,Vehicle,1280000.0,60,1600000.0,Urban,1
LN2025108772,25,Female,Married,2,Salaried,1,35900.0,44600.0,0.0,749,Home,1150000.0,300,1680000.0,Semi-Urban,1
LN2025105489,37,Female,Married,0,Salaried,16,29200.0,0.0,0.0,614,Home,1070000.0,240,1290000.0,Rural,0
LN2025105071,37,Male,Single,0,Salaried,17,42200.0,59200.0,0.0,603,Home,4560000.0,180,6790000.0,Urban,0
LN2025102416,44,Female,Single,0,Salaried,19,34400.0,0.0,0.0,-1,Home,850000.0,180,1130000.0,Urban,1
LN2025109344,28,Female,Single,1,SEP,2,62000.0,0.0,0.0,-1,Vehicle,420000.0,48,480000.0,Urban,0
LN2025104999,59,Female,Married,0,SENP,35,45200.0,47700.0,17000.0,787,Vehicle,60000.0,36,80000.0,Rural,1
LN2025104343,24,Female,Single,1,SEP,0,19100.0,0.0,0.0,-1,Vehicle,160000.0,60,190000.0,Semi-Urban,0
LN2025103815,34,Male,Married,1,SEP,6,138200.0,0.0,0.0,-1,Home,5910000.0,180,8500000.0,Urban,1
LN2025103683,41,Male,Married,2,Salaried,20,70200.0,0.0,0.0,830,Personal,370000.0,36,0.0,Urban,1
LN2025102012,41,Male,Married,2,SENP,22,162300.0,0.0,0.0,-1,Business,1110000.0,60,1860000.0,Urban,1
LN2025103860,38,Female,Single,0,Salaried,14,35100.0,36100.0,1900.0,825,Home,3330000.0,180,5770000.0,Semi-Urban,1
LN2025105100,45,Male,Married,1,SENP,23,67200.0,18200.0,0.0,791,Personal,350000.0,36,0.0,Rural,1
LN2025104126,47,Male,Married,3,SEP,20,42500.0,0.0,6100.0,709,Personal,450000.0,60,0.0,Rural,1
LN2025100631,25,Female,Single,0,Salaried,0,36300.0,24300.0,0.0,789,Home,2300000.0,240,4120000.0,Semi-Urban,0
LN2025106018,21,Male,Single,0,Salaried,0,93500.0,0.0,0.0,751,Personal,440000.0,60,0.0,Urban,0
LN2025109226,36,Female,Married,0,Salaried,13,99700.0,25400.0,0.0,689,Vehicle,80000.0,12,110000.0,Urban,1
LN2025108851,52,Male,Married,3,SENP,17,48800.0,0.0,0.0,722,Business,280000.0,24,0.0,Urban,0
LN2025105482,31,Male,Married,2,SENP,3,66600.0,0.0,0.0,772,Vehicle,500000.0,60,650000.0,Urban,1
LN2025101553,42,Male,Married,2,SENP,17,99100.0,16000.0,36400.0,-1,Business,1680000.0,12,3790000.0,Urban,0
LN2025104651,23,Male,Single,0,SENP,4,13600.0,0.0,1200.0,790,Business,110000.0,24,0.0,Rural,0
LN2025109304,38,Male,Married,2,Salaried,16,80100.0,0.0,0.0,725,Personal,480000.0,36,0.0,Urban,1
LN2025108089,35,Male,Married,2,Salaried,13,44600.0,54200.0,0.0,-1,Vehicle,1000000.0,60,1030000.0,Urban,0
LN2025104882,37,Male,Married,1,Salaried,12,26700.0,0.0,0.0,740,Personal,330000.0,12,0.0,Urban,0
LN2025101501,52,Male,Married,2,SEP,22,428700.0,34700.0,108700.0,775,Business,5030000.0,36,7770000.0,Semi-Urban,1
LN2025103034,51,Male,Married,3,Salaried,27,64900.0,0.0,3700.0,810,Personal,980000.0,36,0.0,Rural,0
LN2025102577,33,Male,Married,1,Salaried,12,51200.0,0.0,3600.0,772,Home,2770000.0,360,4880000.0,Urban,0
LN2025107119,46,Male,Married,2,Salaried,20,48600.0,0.0,0.0,672,Personal,340000.0,36,0.0,Semi-Urban,1
LN2025106229,26,Male,Single,0,Salaried,1,19600.0,0.0,5400.0,627,Vehicle,220000.0,84,310000.0,Urban,1
LN2025101937,27,Male,Single,0,Salaried,3,8000.0,0.0,0.0,739,Vehicle,100000.0,60,140000.0,Rural,0
LN2025101420,42,Male,Married,3,Salaried,21,91900.0,0.0,7000.0,709,Vehicle,1320000.0,48,1500000.0,Semi-Urban,1
LN2025104187,38,Male,Married,0,Salaried,13,64300.0,0.0,11400.0,745,Vehicle,670000.0,48,820000.0,Urban,1
LN2025108685,49,Male,Married,1,Salaried,23,217400.0,0.0,44100.0,705,Personal,1490000.0,24,0.0,Urban,0
LN2025100775,35,Male,Married,1,SENP,17,18200.0,34400.0,0.0,704,Home,2690000.0,300,3900000.0,Semi-Urban,1
LN2025108062,45,Male,Married,2,SEP,18,107800.0,0.0,0.0,710,Home,5830000.0,240,7340000.0,Urban,1
LN2025101605,33,Male,Married,1,SEP,2,150000.0,0.0,0.0,702,Vehicle,1250000.0,48,1630000.0,Semi-Urban,0
LN2025104105,38,Male,Married,3,Salaried,13,40000.0,0.0,3600.0,804,Vehicle,420000.0,36,110000.0,Semi-Urban,1
LN2025103134,38,Male,Married,1,Salaried,14,42600.0,0.0,0.0,708,Personal,300000.0,36,0.0,Urban,1
LN2025102743,41,Male,Married,0,Salaried,18,22000.0,0.0,0.0,778,Personal,220000.0,36,0.0,Rural,1
LN2025102117,52,Male,Unknown,1,SENP,25,25000.0,0.0,0.0,757,Business,330000.0,36,880000.0,Urban,1
LN2025106032,40,Male,Married,2,Salaried,18,46600.0,39800.0,0.0,840,Personal,280000.0,60,0.0,Semi-Urban,1
LN2025108204,32,Male,Married,1,Salaried,12,44500.0,0.0,18900.0,780,Vehicle,580000.0,48,720000.0,Rural,0
LN2025100693,41,Female,Married,3,Salaried,18,116700.0,0.0,0.0,692,Personal,1240000.0,24,0.0,Urban,0
LN2025104358,26,Female,Single,0,Salaried,0,49700.0,0.0,0.0,722,Personal,180000.0,48,0.0,Urban,0
LN2025100340,48,Female,Married,3,Salaried,24,29500.0,16200.0,0.0,-1,Personal,430000.0,24,0.0,Semi-Urban,0
LN2025106716,57,Female,Married,3,SENP,27,83500.0,0.0,11100.0,701,Vehicle,110000.0,36,140000.0,Semi-Urban,1
LN2025109280,31,Male,Single,0,Salaried,10,75000.0,48500.0,0.0,758,Home,2980000.0,120,5020000.0,Semi-Urban,1
LN2025106621,21,Male,Single,0,SENP,0,37800.0,0.0,15200.0,738,Personal,150000.0,36,0.0,Urban,0
LN2025100046,34,Male,Married,1,Salaried,10,49200.0,24200.0,28400.0,681,Home,2920000.0,360,4010000.0,Semi-Urban,0
LN2025108108,35,Male,Single,1,Salaried,12,25600.0,0.0,0.0,743,Personal,120000.0,36,0.0,Rural,1
LN2025102321,39,Male,Single,0,Salaried,19,51600.0,0.0,7000.0,728,Personal,130000.0,60,0.0,Rural,1
LN2025102585,45,Female,Divorced,0,SENP,24,143600.0,0.0,0.0,787,Business,970000.0,60,0.0,Urban,1
LN2025102992,26,Male,Married,0,SENP,7,23800.0,0.0,0.0,653,Personal,340000.0,24,0.0,Rural,0
LN2025100617,41,Male,Married,2,SENP,14,33100.0,0.0,0.0,672,Business,390000.0,12,0.0,Urban,0
LN2025103570,33,Female,Married,1,Salaried,10,26300.0,0.0,700.0,679,Personal,260000.0,24,0.0,Rural,0
LN2025106941,29,Male,Married,2,Salaried,4,62900.0,0.0,0.0,750,Home,1390000.0,240,1890000.0,Urban,1
LN2025101905,46,Male,Married,3,SEP,19,378200.0,0.0,107000.0,724,Personal,3270000.0,36,0.0,Semi-Urban,1
LN2025104013,38,Female,Married,1,SEP,9,48100.0,52600.0,0.0,744,Business,140000.0,36,340000.0,Semi-Urban,1
LN2025100237,37,Female,Married,2,Salaried,17,34300.0,17600.0,13400.0,786,Personal,510000.0,36,0.0,Semi-Urban,0
LN2025101401,40,Female,Married,2,Salaried,18,77400.0,0.0,0.0,677,Personal,290000.0,48,0.0,Urban,0
LN2025105117,38,Male,Single,2,Salaried,14,37000.0,0.0,11700.0,730,Home,2320000.0,180,4130000.0,Urban,0
LN2025101653,34,Male,Married,2,Salaried,12,70700.0,0.0,5000.0,710,Personal,370000.0,48,0.0,Semi-Urban,1
LN2025102970,45,Male,Married,2,SENP,23,158400.0,0.0,0.0,786,Business,1900000.0,12,3540000.0,Rural,0
LN2025107911,42,Male,Married,3,SEP,12,85200.0,0.0,0.0,776,Home,2080000.0,240,3340000.0,Urban,1
LN2025108678,38,Female,Single,0,Salaried,16,61100.0,0.0,0.0,666,Personal,750000.0,36,0.0,Semi-Urban,0
LN2025105826,37,Male,Married,1,Salaried,12,71500.0,0.0,16000.0,-1,Home,2850000.0,120,4910000.0,Rural,0
LN2025102669,32,Male,Married,3,Salaried,10,67300.0,0.0,11800.0,748,Personal,400000.0,48,0.0,Urban,1
LN2025107313,25,Male,Married,0,SENP,2,10900.0,16100.0,0.0,739,Home,800000.0,300,920000.0,Rural,0
LN2025104390,43,Male,Divorced,0,SEP,12,27400.0,0.0,0.0,771,Home,1590000.0,240,2300000.0,Rural,0
LN2025101685,28,Male,Single,0,Salaried,8,19700.0,0.0,6000.0,618,Personal,110000.0,36,0.0,Urban,0
LN2025102267,40,Female,Married,2,SENP,20,74300.0,61100.0,43500.0,681,Business,800000.0,36,0.0,Urban,1
LN2025107171,31,Male,Married,2,Salaried,8,31000.0,27600.0,0.0,694,Home,1990000.0,120,2980000.0,Rural,1
LN2025105159,27,Male,Single,0,Salaried,3,41000.0,0.0,0.0,778,Personal,270000.0,36,0.0,Urban,1
LN2025103158,31,Male,Married,2,Salaried,10,71900.0,0.0,0.0,737,Personal,380000.0,24,0.0,Semi-Urban,1
LN2025107147,34,Male,Married,3,SENP,8,20600.0,0.0,0.0,797,Business,150000.0,120,0.0,Urban,1
LN2025105373,20,Male,Single,1,Salaried,0,32200.0,74900.0,16100.0,795,Home,2760000.0,240,3810000.0,Semi-Urban,0
LN2025101109,26,Male,Single,0,Salaried,2,32000.0,20900.0,5900.0,797,Home,1410000.0,300,2420000.0,Semi-Urban,1
LN2025100515,47,Female,Single,0,SEP,19,106500.0,0.0,0.0,770,Home,3890000.0,180,6410000.0,Urban,1
LN2025102120,33,Male,Married,2,Salaried,7,55300.0,0.0,9900.0,637,Vehicle,380000.0,84,400000.0,Urban,0
LN2025104527,34,Male,Married,2,Salaried,12,71800.0,0.0,0.0,732,Personal,370000.0,36,0.0,Semi-Urban,1
LN2025102170,41,Male,Married,0,Salaried,15,120700.0,0.0,0.0,794,Personal,710000.0,36,0.0,Rural,1
LN2025103026,45,Female,Married,1,SEP,17,240700.0,0.0,0.0,716,Personal,3500000.0,36,0.0,Semi-Urban,1
LN2025107956,40,Male,Married,2,SENP,21,65300.0,61600.0,16000.0,671,Home,6690000.0,300,10610000.0,Semi-Urban,0
LN2025100623,39,Female,Married,2,SENP,18,72400.0,0.0,0.0,745,Home,2370000.0,300,4220000.0,Semi-Urban,1
LN2025100560,34,Male,Single,3,SEP,4,44200.0,57500.0,0.0,689,Home,6680000.0,180,13150000.0,Rural,0
LN2025106128,24,Male,Single,0,SEP,0,47500.0,0.0,0.0,744,Home,1050000.0,240,1880000.0,Semi-Urban,0
LN2025105148,20,Male,Single,0,Salaried,0,43600.0,29100.0,0.0,718,Home,2820000.0,180,5600000.0,Semi-Urban,0
LN2025104525,45,Male,Widowed,0,SEP,14,344100.0,0.0,21500.0,754,Business,1500000.0,36,0.0,Urban,1
LN2025106698,33,Male,Married,0,Salaried,7,47400.0,0.0,0.0,754,Vehicle,420000.0,48,510000.0,Urban,1
LN2025100132,44,Female,Married,2,Salaried,23,45000.0,0.0,6500.0,739,Personal,160000.0,48,0.0,Rural,1
LN2025100716,31,Male,Single,0,Salaried,10,47400.0,0.0,0.0,747,Home,1600000.0,180,2150000.0,Urban,1
LN2025108926,38,Male,Married,3,Salaried,17,51800.0,0.0,6300.0,727,Personal,310000.0,24,0.0,Semi-Urban,0
LN2025100695,35,Female,Married,1,Salaried,10,12700.0,0.0,500.0,673,Vehicle,110000.0,84,140000.0,Rural,0
LN2025104033,28,Male,Married,2,Salaried,7,19200.0,14100.0,0.0,689,Vehicle,290000.0,36,360000.0,Semi-Urban,1
LN2025107963,22,Male,Single,0,Salaried,0,59200.0,0.0,0.0,693,Personal,1080000.0,12,0.0,Urban,1
LN2025104903,37,Male,Married,1,Salaried,11,18400.0,0.0,0.0,729,Vehicle,110000.0,48,120000.0,Rural,1
LN2025107920,24,Male,Single,0,SEP,0,50300.0,19400.0,0.0,826,Home,3040000.0,240,4560000.0,Semi-Urban,0
LN2025101520,35,Male,Married,2,SENP,8,37900.0,0.0,0.0,734,Business,150000.0,60,0.0,Urban,1
LN2025106907,46,Female,Divorced,0,Salaried,23,31300.0,41600.0,5500.0,732,Home,2200000.0,120,2800000.0,Semi-Urban,1
LN2025102199,55,Male,Married,1,SENP,29,861600.0,39500.0,0.0,-1,Business,4600000.0,120,0.0,Urban,1
LN2025103477,28,Female,Married,3,Salaried,6,50200.0,0.0,0.0,799,Personal,540000.0,48,0.0,Urban,1
LN2025101221,48,Male,Married,0,SEP,21,65100.0,51000.0,0.0,787,Business,880000.0,36,1210000.0,Semi-Urban,1
LN2025100449,38,Female,Married,1,Salaried,15,149300.0,48800.0,0.0,-1,Vehicle,2270000.0,48,2510000.0,Urban,1
LN2025109810,36,Female,Married,1,Salaried,13,28400.0,35900.0,32600.0,714,Vehicle,720000.0,48,880000.0,Semi-Urban,0
LN2025108700,34,Male,Single,0,Salaried,11,61200.0,0.0,13000.0,759,Home,2040000.0,360,3480000.0,Urban,0
LN2025103730,38,Male,Married,0,Salaried,13,99900.0,0.0,7300.0,692,Vehicle,800000.0,60,990000.0,Urban,1
LN2025109797,37,Male,Married,0,Salaried,15,44800.0,0.0,4700.0,800,Vehicle,580000.0,48,800000.0,Rural,0
LN2025102300,40,Male,Married,3,SEP,12,198400.0,0.0,0.0,722,Personal,1260000.0,36,0.0,Semi-Urban,0
LN2025102486,32,Male,Married,1,Salaried,11,38400.0,0.0,0.0,741,Personal,550000.0,36,0.0,Urban,1
LN2025100647,32,Male,Married,1,Salaried,12,52800.0,0.0,0.0,736,Vehicle,60000.0,36,60000.0,Semi-Urban,1
LN2025103763,46,Male,Married,0,Salaried,22,84700.0,29500.0,8900.0,642,Vehicle,130000.0,36,170000.0,Semi-Urban,0
LN2025108184,39,Male,Married,2,Salaried,16,75300.0,81700.0,0.0,791,Home,3350000.0,180,5150000.0,Semi-Urban,1
LN2025103028,40,Unknown,Married,3,Salaried,15,60200.0,79800.0,0.0,824,Personal,710000.0,60,0.0,Urban,1
LN2025107420,38,Male,Married,2,SENP,15,20100.0,0.0,0.0,674,Business,100000.0,48,0.0,Semi-Urban,0
LN2025103206,37,Male,Married,1,Salaried,16,51400.0,0.0,11500.0,680,Personal,390000.0,36,0.0,Rural,1
LN2025106970,33,Male,Married,0,SENP,5,16600.0,34000.0,0.0,628,Business,190000.0,84,320000.0,Rural,1
LN2025107086,41,Male,Married,1,Salaried,19,52700.0,0.0,0.0,558,Vehicle,1960000.0,60,2170000.0,Urban,0
LN2025101636,34,Male,Married,2,Salaried,9,24900.0,19500.0,0.0,782,Home,2230000.0,300,3900000.0,Semi-Urban,1
LN2025109490,21,Female,Single,0,Salaried,0,20800.0,0.0,0.0,775,Vehicle,170000.0,60,230000.0,Urban,0
LN2025109782,27,Female,Married,2,SEP,0,309000.0,0.0,18300.0,746,Home,7080000.0,180,12490000.0,Semi-Urban,0
LN2025105292,45,Female,Married,2,SENP,22,108700.0,0.0,0.0,-1,Home,4000000.0,300,4780000.0,Rural,0
LN2025106397,37,Male,Married,1,Salaried,15,68700.0,0.0,0.0,719,Home,3550000.0,240,4120000.0,Urban,0
LN2025102177,42,Male,Married,2,Salaried,17,23300.0,0.0,0.0,783,Home,990000.0,180,1240000.0,Semi-Urban,1
LN2025100324,51,Female,Single,0,SENP,26,23800.0,0.0,4500.0,607,Business,100000.0,48,190000.0,Urban,0
LN2025100405,55,Female,Married,3,SENP,32,47100.0,0.0,0.0,868,Personal,180000.0,60,0.0,Urban,1
LN2025101465,44,Female,Married,2,SENP,19,89700.0,0.0,0.0,721,Business,420000.0,120,0.0,Semi-Urban,1
LN2025102589,34,Male,Married,3,Salaried,11,26000.0,0.0,0.0,765,Personal,160000.0,36,0.0,Rural,1
LN2025109722,45,Male,Married,1,Salaried,23,77100.0,0.0,5300.0,621,Personal,570000.0,36,0.0,Semi-Urban,0
LN2025106535,37,Female,Married,0,Salaried,15,142400.0,0.0,19600.0,759,Personal,2920000.0,12,0.0,Urban,0
LN2025107546,45,Male,Married,3,SEP,19,133300.0,0.0,0.0,737,Business,630000.0,48,1620000.0,Rural,1
LN2025106912,43,Female,Married,0,Salaried,18,20200.0,0.0,10100.0,734,Personal,70000.0,60,0.0,Rural,0
LN2025108760,45,Male,Married,1,Salaried,21,90300.0,71700.0,26300.0,765,Personal,810000.0,48,0.0,Urban,1
LN2025104115,30,Female,Married,2,Salaried,7,31500.0,0.0,0.0,712,Home,1470000.0,360,3520000.0,Semi-Urban,0
LN2025109016,31,Male,Single,0,Salaried,12,61600.0,0.0,0.0,775,Personal,430000.0,36,0.0,Urban,1
LN2025107690,39,Male,Married,1,SENP,13,42400.0,0.0,0.0,875,Business,190000.0,36,340000.0,Urban,1
LN2025106901,31,Male,Single,0,Salaried,6,18800.0,0.0,0.0,713,Home,850000.0,180,910000.0,Urban,0
LN2025102496,33,Male,Married,0,Salaried,11,32000.0,0.0,0.0,740,Vehicle,260000.0,60,280000.0,Rural,1
LN2025104152,48,Female,Married,0,SENP,20,95700.0,0.0,0.0,710,Personal,900000.0,36,0.0,Urban,1
LN2025100936,45,Male,Married,2,Salaried,21,107200.0,18500.0,29300.0,733,Personal,1130000.0,24,0.0,Urban,0
LN2025100517,31,Female,Married,2,Salaried,7,42100.0,38700.0,1900.0,788,Home,2500000.0,300,5940000.0,Rural,1
LN2025109146,41,Male,Married,2,Salaried,16,97000.0,0.0,37700.0,661,Vehicle,960000.0,48,1230000.0,Urban,0
LN2025108281,59,Female,Married,3,SENP,31,43500.0,54500.0,7300.0,783,Business,430000.0,36,0.0,Urban,1
LN2025104349,52,Male,Married,2,SENP,30,183000.0,32800.0,0.0,-1,Home,8540000.0,120,17830000.0,Urban,0
LN2025105782,33,Female,Married,1,Salaried,13,63800.0,10300.0,7300.0,619,Business,530000.0,12,1450000.0,Rural,0
LN2025107026,51,Male,Married,3,SENP,23,219600.0,0.0,10200.0,627,Business,760000.0,48,1330000.0,Urban,0
LN2025100288,41,Male,Married,2,SENP,18,72100.0,0.0,0.0,726,Vehicle,90000.0,24,90000.0,Urban,1
LN2025106996,36,Male,Married,1,Salaried,12,86500.0,21600.0,23500.0,796,Home,4410000.0,180,6260000.0,Urban,1
LN2025102502,35,Female,Married,0,Salaried,10,15700.0,0.0,0.0,679,Personal,70000.0,48,0.0,Rural,1
LN2025101084,42,Male,Widowed,0,SENP,17,67600.0,0.0,19900.0,-1,Business,270000.0,84,580000.0,Urban,1
LN2025101408,39,Female,Unknown,0,Salaried,16,70200.0,0.0,0.0,-1,Vehicle,380000.0,60,390000.0,Urban,1
LN2025103090,50,Female,Married,1,SEP,21,65500.0,19000.0,23800.0,681,Home,3820000.0,180,8660000.0,Rural,0
LN2025108832,63,Male,Married,1,SENP,38,176200.0,0.0,37100.0,737,Personal,1070000.0,12,0.0,Urban,0
LN2025108511,24,Male,Single,1,Salaried,2,44600.0,0.0,0.0,785,Home,2370000.0,240,4920000.0,Urban,1
LN2025106459,42,Female,Married,2,SENP,17,96900.0,0.0,0.0,746,Business,1640000.0,84,4380000.0,Semi-Urban,1
LN2025105975,32,Male,Married,2,SENP,9,55900.0,28900.0,3000.0,816,Home,2750000.0,240,3180000.0,Semi-Urban,1
LN2025100439,43,Male,Married,2,SEP,13,42800.0,0.0,2600.0,755,Personal,370000.0,36,0.0,Urban,1
LN2025103137,27,Female,Single,1,Salaried,2,21000.0,59000.0,0.0,752,Home,2500000.0,120,4510000.0,Urban,1
LN2025102897,26,Male,Single,0,Salaried,1,27600.0,0.0,0.0,773,Personal,100000.0,36,0.0,Urban,1
LN2025103406,39,Male,Married,3,Salaried,16,93700.0,0.0,0.0,776,Personal,1050000.0,24,0.0,Urban,1
LN2025108695,42,Female,Married,1,SENP,16,105900.0,0.0,26200.0,736,Personal,560000.0,60,0.0,Urban,1
LN2025106105,48,Male,Married,3,SEP,20,73200.0,26100.0,11500.0,806,Home,2640000.0,180,4840000.0,Semi-Urban,1
LN2025105268,41,Female,Married,2,SEP,14,71300.0,16700.0,16100.0,861,Vehicle,730000.0,48,850000.0,Rural,1
LN2025109514,24,Male,Single,2,Salaried,2,9900.0,45300.0,10000.0,842,Home,1910000.0,180,2450000.0,Rural,1
LN2025101195,31,Male,Married,2,Salaried,8,62300.0,0.0,0.0,-1,Personal,370000.0,60,0.0,Semi-Urban,0
LN2025103599,42,Female,Married,0,SENP,23,110700.0,0.0,0.0,764,Personal,650000.0,12,0.0,Urban,1
LN2025106288,43,Male,Married,2,SENP,18,58200.0,0.0,6700.0,759,Business,1230000.0,84,0.0,Urban,1
LN2025105189,29,Male,Married,3,SENP,5,91200.0,77900.0,0.0,781,Vehicle,750000.0,48,1060000.0,Urban,1
LN2025105746,45,Female,Married,0,Salaried,23,53200.0,0.0,0.0,803,Personal,250000.0,36,0.0,Urban,1
LN2025106588,49,Male,Widowed,0,Salaried,25,54800.0,0.0,0.0,717,Personal,450000.0,48,0.0,Rural,1
LN2025109626,42,Male,Married,2,Salaried,19,39100.0,0.0,0.0,787,Home,1210000.0,180,1520000.0,Semi-Urban,1
LN2025107384,43,Male,Married,2,SENP,16,20200.0,0.0,0.0,852,Business,120000.0,120,0.0,Urban,1
LN2025100965,50,Male,Married,3,SENP,22,192100.0,0.0,0.0,742,Home,11340000.0,180,14990000.0,Urban,0
LN2025107319,35,Male,Married,3,Salaried,12,20600.0,0.0,0.0,741,Personal,160000.0,60,0.0,Urban,1
LN2025108275,32,Female,Married,0,Salaried,11,29600.0,0.0,10600.0,735,Personal,70000.0,48,0.0,Urban,1
LN2025105910,36,Female,Married,0,Salaried,14,26200.0,0.0,0.0,723,Personal,240000.0,24,0.0,Semi-Urban,0
LN2025103885,33,Female,Married,2,SENP,12,32700.0,17000.0,4300.0,630,Home,2780000.0,300,4030000.0,Rural,0
LN2025106741,27,Male,Single,0,SENP,3,176600.0,0.0,0.0,798,Vehicle,2650000.0,48,3050000.0,Urban,1
LN2025104910,45,Male,Married,2,SEP,19,52500.0,0.0,5400.0,768,Business,1050000.0,60,0.0,Rural,0
LN2025102798,34,Male,Single,0,Salaried,11,33200.0,0.0,0.0,683,Personal,280000.0,60,0.0,Semi-Urban,1
LN2025103136,34,Male,Married,2,Salaried,9,26600.0,0.0,0.0,720,Personal,180000.0,24,0.0,Semi-Urban,0
LN2025108998,21,Female,Single,0,SENP,0,27500.0,20800.0,0.0,755,Personal,260000.0,12,0.0,Urban,0
LN2025108048,37,Male,Married,2,SEP,11,68200.0,0.0,0.0,713,Vehicle,480000.0,48,530000.0,Urban,1
LN2025108395,50,Male,Married,0,SENP,24,105200.0,0.0,0.0,798,Business,390000.0,36,0.0,Semi-Urban,1
LN2025104529,38,Unknown,Married,1,Salaried,15,91600.0,0.0,0.0,668,Personal,670000.0,60,0.0,Urban,1
LN2025105776,46,Male,Married,3,SENP,16,82400.0,0.0,0.0,771,Vehicle,2650000.0,84,2780000.0,Urban,1
LN2025106206,43,Male,Unknown,2,SENP,14,36200.0,24200.0,2600.0,816,Vehicle,560000.0,60,720000.0,Urban,1
LN2025106223,43,Male,Married,3,SEP,16,77200.0,35500.0,0.0,739,Personal,740000.0,24,0.0,Urban,0
LN2025108120,33,Male,Married,0,SEP,6,24900.0,0.0,0.0,813,Vehicle,110000.0,60,130000.0,Semi-Urban,1
LN2025102153,50,Female,Single,0,SENP,22,189900.0,0.0,0.0,765,Business,870000.0,12,0.0,Urban,1
LN2025100681,31,Female,Married,3,Salaried,6,23900.0,103800.0,0.0,813,Personal,750000.0,36,0.0,Rural,1
LN2025101352,36,Male,Married,1,Salaried,15,38300.0,0.0,10500.0,665,Vehicle,110000.0,12,140000.0,Semi-Urban,0
LN2025101827,33,Female,Married,3,SENP,12,23600.0,0.0,7200.0,739,Business,310000.0,24,430000.0,Urban,0
LN2025104406,47,Male,Single,3,SEP,18,94200.0,0.0,32000.0,809,Vehicle,110000.0,36,130000.0,Semi-Urban,1
LN2025104325,40,Male,Single,0,Salaried,16,36400.0,0.0,5100.0,782,Personal,200000.0,24,0.0,Semi-Urban,1
LN2025108346,28,Male,Unknown,1,SEP,1,34600.0,93800.0,600.0,774,Home,3170000.0,180,4370000.0,Urban,0
LN2025107498,24,Male,Single,1,SENP,3,77200.0,24700.0,0.0,-1,Business,630000.0,24,1690000.0,Urban,1
LN2025101374,20,Male,Single,0,Salaried,0,15300.0,0.0,0.0,563,Personal,230000.0,60,0.0,Rural,0
LN2025106795,26,Female,Married,3,SENP,5,16800.0,0.0,7800.0,671,Vehicle,180000.0,60,220000.0,Semi-Urban,0
LN2025104653,30,Male,Single,0,Salaried,9,53100.0,0.0,0.0,657,Home,1800000.0,180,2390000.0,Semi-Urban,0
LN2025103735,41,Male,Married,3,Salaried,16,43200.0,0.0,0.0,745,Personal,160000.0,36,0.0,Semi-Urban,0
LN2025104431,35,Male,Married,1,Salaried,12,127900.0,0.0,0.0,780,Personal,830000.0,48,0.0,Rural,1
LN2025104080,29,Male,Married,1,Salaried,6,24100.0,42600.0,0.0,768,Vehicle,710000.0,48,720000.0,Rural,1
LN2025104669,30,Female,Married,3,Salaried,8,24700.0,29500.0,0.0,-1,Vehicle,280000.0,60,280000.0,Urban,1
LN2025104515,44,Male,Married,2,SENP,19,70000.0,0.0,0.0,784,Vehicle,1170000.0,84,1330000.0,Urban,1
LN2025103258,43,Male,Married,3,SENP,15,162600.0,29500.0,0.0,751,Home,5900000.0,180,11650000.0,Semi-Urban,1
LN2025100914,24,Male,Married,1,SEP,0,88000.0,0.0,0.0,600,Personal,370000.0,36,0.0,Urban,0
LN2025104435,46,Male,Married,2,Salaried,23,73000.0,34500.0,9100.0,657,Home,2190000.0,120,5080000.0,Rural,1
LN2025101436,32,Male,Married,0,Salaried,6,22800.0,0.0,4700.0,698,Home,590000.0,240,880000.0,Semi-Urban,1
LN2025101724,36,Male,Married,0,SEP,12,48800.0,14300.0,5200.0,635,Vehicle,760000.0,84,930000.0,Urban,0
LN2025106234,47,Male,Married,2,SENP,20,86600.0,31900.0,21000.0,845,Home,3660000.0,180,6130000.0,Rural,1
LN2025103016,45,Male,Married,3,SEP,19,79400.0,0.0,10000.0,724,Personal,790000.0,60,0.0,Urban,1
LN2025102882,28,Male,Single,2,SEP,0,72800.0,0.0,14100.0,564,Vehicle,110000.0,24,110000.0,Urban,0
LN2025102360,33,Male,Single,0,Salaried,12,69500.0,0.0,0.0,761,Vehicle,120000.0,36,160000.0,Semi-Urban,1
LN2025108264,36,Female,Married,2,Salaried,10,26000.0,0.0,0.0,813,Personal,540000.0,36,0.0,Urban,0
LN2025103786,35,Female,Married,1,Salaried,11,40000.0,0.0,3600.0,785,Home,1370000.0,240,3100000.0,Rural,1
LN2025108052,38,Male,Married,2,Salaried,14,49300.0,31400.0,0.0,601,Vehicle,750000.0,48,760000.0,Urban,0
LN2025100682,33,Male,Single,0,Salaried,9,128200.0,0.0,39800.0,855,Vehicle,1290000.0,48,1340000.0,Urban,1
LN2025100127,28,Male,Single,2,Salaried,4,46100.0,0.0,0.0,755,Home,1800000.0,240,2660000.0,Urban,1
LN2025100238,33,Male,Married,2,Salaried,8,52800.0,32100.0,20500.0,747,Home,1930000.0,180,3560000.0,Urban,1
LN2025102435,24,Male,Single,0,SEP,0,59700.0,0.0,0.0,756,Business,520000.0,36,0.0,Rural,0
LN2025104664,33,Female,Married,1,SENP,7,50400.0,0.0,18200.0,723,Business,1160000.0,48,1880000.0,Rural,0
LN2025101763,46,Female,Married,2,Salaried,12,69700.0,47300.0,0.0,629,Home,2420000.0,120,3700000.0,Urban,0
LN2025106221,42,Female,Married,2,Salaried,22,100000.0,16900.0,0.0,781,Home,3720000.0,180,6320000.0,Urban,1
LN2025101034,30,Male,Married,3,SENP,6,29000.0,0.0,12300.0,649,Business,170000.0,36,270000.0,Semi-Urban,0
LN2025107739,48,Unknown,Married,0,Salaried,23,65700.0,52500.0,0.0,801,Home,3140000.0,240,3950000.0,Urban,0
LN2025101263,27,Male,Single,0,SEP,0,63500.0,0.0,0.0,-1,Vehicle,440000.0,60,470000.0,Urban,0
LN2025107015,41,Male,Married,2,Salaried,15,73400.0,0.0,0.0,733,Vehicle,1690000.0,60,1760000.0,Urban,1
LN2025108364,27,Male,Single,0,Salaried,2,27800.0,0.0,0.0,656,Personal,190000.0,12,0.0,Semi-Urban,0
LN2025101703,20,Male,Single,0,Salaried,0,11400.0,0.0,2600.0,588,Home,500000.0,240,790000.0,Semi-Urban,0
LN2025104484,50,Male,Married,2,Salaried,27,106100.0,0.0,0.0,755,Home,3640000.0,120,4890000.0,Rural,1
LN2025107242,44,Female,Married,2,Salaried,12,50300.0,0.0,3700.0,766,Personal,80000.0,12,0.0,Urban,1
LN2025108850,52,Female,Married,1,SEP,25,151900.0,40800.0,0.0,795,Home,10750000.0,120,16000000.0,Rural,0
LN2025102087,53,Male,Married,0,Salaried,30,100900.0,0.0,0.0,608,Vehicle,70000.0,12,90000.0,Urban,0
LN2025106348,34,Male,Single,0,SEP,3,40800.0,83700.0,34200.0,735,Home,4030000.0,240,9570000.0,Rural,1
LN2025106858,39,Male,Married,1,SENP,11,23500.0,0.0,0.0,688,Personal,290000.0,36,0.0,Urban,0
LN2025105250,33,Male,Married,2,Salaried,10,16900.0,0.0,1300.0,666,Personal,110000.0,12,0.0,Rural,0
LN2025106230,58,Male,Married,3,SENP,37,86900.0,0.0,0.0,842,Business,500000.0,36,860000.0,Urban,1
LN2025103101,28,Male,Married,2,Salaried,3,40700.0,0.0,0.0,767,Home,1170000.0,360,1350000.0,Urban,1
LN2025107027,43,Male,Married,0,SENP,16,135900.0,0.0,0.0,826,Vehicle,1910000.0,60,2150000.0,Urban,1
LN2025107053,35,Female,Married,2,Salaried,12,21700.0,0.0,4400.0,729,Vehicle,80000.0,36,90000.0,Semi-Urban,0
LN2025106437,46,Male,Married,3,SENP,17,65400.0,101700.0,25700.0,667,Home,6100000.0,180,12810000.0,Urban,0
LN2025104803,38,Male,Married,0,Salaried,16,68400.0,50200.0,38800.0,674,Personal,350000.0,36,0.0,Urban,0
LN2025104922,43,Male,Married,3,Salaried,19,111100.0,28400.0,0.0,746,Vehicle,1200000.0,36,1630000.0,Semi-Urban,1
LN2025106144,30,Male,Married,2,Salaried,7,40400.0,0.0,0.0,795,Personal,320000.0,60,0.0,Semi-Urban,1
LN2025100793,29,Male,Single,0,Salaried,5,38400.0,30700.0,0.0,576,Home,1610000.0,240,2630000.0,Rural,0
LN2025102438,37,Male,Married,1,SENP,15,67900.0,123200.0,28900.0,793,Business,660000.0,48,0.0,Urban,1
LN2025104660,51,Female,Married,3,Salaried,30,75900.0,0.0,0.0,653,Home,1930000.0,120,2820000.0,Urban,0
LN2025100814,43,Male,Married,2,SENP,14,45900.0,0.0,0.0,726,Vehicle,100000.0,36,100000.0,Urban,1
LN2025101619,45,Female,Married,0,SENP,17,54000.0,18400.0,0.0,617,Home,3450000.0,240,6420000.0,Urban,0
LN2025101830,34,Male,Married,0,Salaried,10,71600.0,0.0,0.0,719,Vehicle,830000.0,48,1110000.0,Rural,0
LN2025106293,38,Female,Married,2,Salaried,16,20800.0,0.0,5100.0,813,Personal,370000.0,36,0.0,Semi-Urban,0
LN2025103259,34,Male,Married,0,Salaried,8,30500.0,0.0,0.0,780,Personal,260000.0,60,0.0,Rural,1
LN2025104263,38,Male,Married,2,SEP,12,129600.0,0.0,41300.0,793,Business,910000.0,36,0.0,Urban,1
LN2025107856,37,Male,Married,3,Salaried,12,26000.0,0.0,0.0,737,Personal,100000.0,60,0.0,Rural,1
LN2025109451,37,Female,Married,3,Salaried,12,114000.0,0.0,0.0,664,Vehicle,1470000.0,60,1990000.0,Urban,1
LN2025105856,29,Male,Single,0,SENP,4,16100.0,0.0,4400.0,620,Personal,70000.0,24,0.0,Urban,0
LN2025103471,35,Female,Single,0,Salaried,12,55400.0,43200.0,19500.0,820,Home,2750000.0,300,4550000.0,Urban,1
LN2025100796,44,Male,Married,3,Salaried,24,57500.0,0.0,9100.0,747,Personal,400000.0,48,0.0,Urban,1
LN2025109749,51,Male,Married,2,SENP,30,144100.0,0.0,0.0,770,Business,940000.0,24,2000000.0,Semi-Urban,1
LN2025101530,34,Male,Single,0,Salaried,9,69600.0,0.0,27400.0,848,Vehicle,500000.0,60,520000.0,Urban,1
LN2025108014,48,Male,Married,3,SENP,18,69800.0,54900.0,19500.0,778,Home,4840000.0,180,6160000.0,Semi-Urban,1
LN2025108874,32,Female,Married,2,Salaried,9,83700.0,0.0,0.0,706,Personal,540000.0,48,0.0,Semi-Urban,1
LN2025105725,33,Male,Single,0,Salaried,12,47300.0,0.0,24000.0,738,Vehicle,70000.0,24,90000.0,Urban,0
LN2025105473,36,Male,Married,3,Salaried,12,95900.0,36300.0,7900.0,769,Home,3690000.0,240,7150000.0,Semi-Urban,1
LN2025108467,27,Male,Married,3,Salaried,1,61000.0,0.0,13000.0,724,Vehicle,80000.0,36,110000.0,Urban,0
LN2025107104,36,Female,Single,0,Salaried,13,35700.0,0.0,8700.0,794,Home,1200000.0,240,1450000.0,Urban,0
LN2025103246,46,Male,Married,0,Salaried,20,50800.0,0.0,4600.0,702,Personal,460000.0,60,0.0,Urban,1
LN2025109453,29,Female,Married,3,Salaried,5,24100.0,0.0,0.0,682,Home,1280000.0,180,1620000.0,Semi-Urban,0
LN2025103410,51,Male,Married,0,SENP,28,54400.0,0.0,0.0,773,Business,480000.0,48,890000.0,Urban,1
LN2025106224,27,Male,Single,0,Salaried,3,50000.0,0.0,0.0,711,Vehicle,520000.0,84,700000.0,Urban,1
LN2025103098,40,Male,Married,3,SENP,13,158700.0,0.0,33000.0,785,Business,520000.0,120,970000.0,Urban,1
LN2025107011,30,Unknown,Married,1,Salaried,8,29200.0,94300.0,0.0,615,Personal,860000.0,48,0.0,Semi-Urban,0
LN2025101671,36,Male,Married,2,SEP,9,121300.0,24500.0,39600.0,751,Vehicle,560000.0,48,640000.0,Urban,1
LN2025104026,41,Male,Married,2,SENP,16,67300.0,0.0,40400.0,719,Business,1030000.0,60,1430000.0,Urban,0
LN2025102271,42,Male,Married,1,SENP,18,164200.0,0.0,25300.0,635,Personal,910000.0,48,0.0,Urban,0
LN2025106378,36,Male,Married,2,SENP,10,42200.0,67500.0,0.0,818,Business,440000.0,84,1020000.0,Urban,1
LN2025107953,44,Male,Married,3,Salaried,21,59200.0,0.0,0.0,782,Vehicle,770000.0,60,970000.0,Urban,1
LN2025102169,21,Male,Single,0,Salaried,0,54500.0,0.0,0.0,725,Vehicle,150000.0,24,170000.0,Urban,0
LN2025108535,43,Male,Married,1,SENP,24,201100.0,0.0,0.0,738,Business,3090000.0,120,4340000.0,Urban,1
LN2025101590,27,Male,Married,0,Salaried,5,53200.0,0.0,16600.0,654,Vehicle,480000.0,84,660000.0,Urban,0
LN2025100446,33,Male,Married,1,SENP,7,85200.0,0.0,0.0,776,Business,1280000.0,36,0.0,Semi-Urban,1
LN2025100931,32,Female,Married,2,SEP,4,104900.0,35500.0,0.0,760,Business,1140000.0,60,2080000.0,Urban,1
LN2025104493,35,Male,Single,1,Salaried,11,42100.0,55800.0,24000.0,802,Home,4140000.0,300,5860000.0,Urban,0
LN2025106620,41,Male,Married,3,Salaried,18,37700.0,0.0,0.0,827,Vehicle,490000.0,36,510000.0,Urban,1
LN2025100595,64,Male,Married,1,SENP,39,25400.0,0.0,3000.0,689,Business,140000.0,12,0.0,Urban,0
LN2025108965,32,Male,Married,3,Salaried,10,28100.0,0.0,0.0,725,Personal,320000.0,48,0.0,Semi-Urban,0
LN2025104996,30,Male,Married,0,Salaried,10,80000.0,0.0,0.0,708,Personal,460000.0,36,0.0,Urban,1
LN2025109568,36,Male,Single,1,Salaried,14,28200.0,0.0,0.0,788,Personal,350000.0,24,0.0,Urban,0
LN2025104945,21,Unknown,Single,1,Salaried,0,42200.0,0.0,6600.0,-1,Vehicle,120000.0,36,120000.0,Semi-Urban,0
LN2025101417,55,Male,Married,1,SENP,28,62400.0,0.0,0.0,-1,Business,320000.0,60,0.0,Rural,1
LN2025109397,39,Male,Married,2,Salaried,15,127100.0,0.0,0.0,716,Personal,570000.0,36,0.0,Urban,1
LN2025105347,23,Male,Single,0,SENP,0,55000.0,68600.0,0.0,804,Business,410000.0,12,0.0,Urban,0
LN2025107760,53,Male,Married,2,SEP,28,122100.0,0.0,13800.0,632,Business,1630000.0,36,0.0,Urban,0
LN2025103893,27,Male,Single,1,SEP,0,71000.0,71300.0,0.0,798,Home,7770000.0,180,9940000.0,Semi-Urban,0
LN2025105569,30,Female,Married,2,Salaried,9,21500.0,0.0,2000.0,677,Personal,100000.0,60,0.0,Urban,0
LN2025105174,40,Male,Married,3,SENP,13,24600.0,46600.0,0.0,779,Business,420000.0,48,0.0,Urban,1
LN2025108553,30,Male,Married,2,Salaried,10,27900.0,0.0,4800.0,835,Home,800000.0,240,1280000.0,Rural,1
LN2025101800,27,Male,Single,0,SENP,1,17200.0,0.0,0.0,686,Home,500000.0,360,750000.0,Urban,0
LN2025108039,64,Male,Married,2,SEP,36,284800.0,0.0,0.0,900,Business,3230000.0,12,4740000.0,Urban,0
LN2025100385,39,Female,Married,0,Salaried,14,21300.0,0.0,4500.0,894,Personal,80000.0,60,0.0,Semi-Urban,1
LN2025105408,35,Male,Married,2,SEP,5,113400.0,53000.0,0.0,758,Home,5150000.0,180,6390000.0,Urban,0
LN2025101223,50,Female,Divorced,0,SENP,31,116300.0,0.0,0.0,600,Vehicle,770000.0,60,870000.0,Urban,0
LN2025105434,40,Female,Married,1,SEP,15,107300.0,14000.0,0.0,671,Personal,320000.0,36,0.0,Urban,1
LN2025109339,39,Male,Single,2,SENP,17,77000.0,27900.0,0.0,643,Home,3460000.0,240,5490000.0,Rural,1
LN2025107535,32,Male,Single,0,Salaried,6,24900.0,0.0,0.0,769,Vehicle,130000.0,12,140000.0,Urban,1
LN2025108530,54,Female,Married,2,SEP,27,159400.0,21900.0,27300.0,626,Vehicle,1760000.0,48,1810000.0,Urban,0
LN2025108054,34,Male,Married,2,Salaried,10,24600.0,0.0,5700.0,763,Home,1310000.0,180,2420000.0,Rural,0
LN2025108869,45,Male,Married,2,Salaried,19,115900.0,0.0,0.0,768,Personal,1140000.0,24,0.0,Urban,1
LN2025101438,56,Male,Married,1,SENP,28,75000.0,51600.0,29000.0,662,Vehicle,1690000.0,60,2350000.0,Semi-Urban,0
LN2025109071,44,Male,Married,3,SENP,17,87600.0,0.0,0.0,831,Home,2020000.0,240,2530000.0,Semi-Urban,1
LN2025105381,21,Male,Single,0,SENP,0,32800.0,0.0,0.0,-1,Business,310000.0,36,0.0,Semi-Urban,0
LN2025100003,37,Male,Single,1,Salaried,17,32200.0,0.0,0.0,779,Personal,260000.0,48,0.0,Rural,1
LN2025107842,36,Female,Married,2,Salaried,13,48800.0,0.0,2300.0,752,Vehicle,710000.0,60,760000.0,Urban,1
LN2025103657,21,Female,Married,2,SENP,0,92000.0,0.0,0.0,739,Personal,540000.0,36,0.0,Urban,0
LN2025105840,59,Male,Married,3,SENP,30,49300.0,0.0,0.0,854,Personal,330000.0,60,0.0,Urban,1
LN2025103646,43,Male,Married,1,SEP,14,317300.0,0.0,0.0,776,Personal,1010000.0,60,0.0,Urban,1
LN2025106610,33,Male,Single,0,Salaried,10,24200.0,0.0,7500.0,-1,Vehicle,200000.0,48,200000.0,Rural,0
LN2025104510,42,Female,Married,3,Salaried,22,61700.0,38000.0,13100.0,761,Home,7490000.0,240,11170000.0,Urban,0
LN2025107468,30,Male,Single,1,Salaried,7,19000.0,0.0,0.0,648,Vehicle,270000.0,60,350000.0,Rural,0
LN2025100173,49,Male,Married,1,SENP,26,396300.0,0.0,0.0,793,Business,2190000.0,84,5520000.0,Semi-Urban,1
LN2025109668,35,Male,Married,3,Salaried,15,89300.0,45100.0,10400.0,754,Personal,680000.0,36,0.0,Urban,1
LN2025107547,36,Male,Married,1,SEP,7,191100.0,24700.0,0.0,806,Vehicle,70000.0,36,90000.0,Urban,1
LN2025106593,43,Male,Married,1,Salaried,23,74300.0,0.0,8600.0,698,Personal,340000.0,48,0.0,Semi-Urban,1
LN2025108477,41,Male,Married,2,SENP,16,136700.0,0.0,0.0,794,Home,3710000.0,180,4790000.0,Semi-Urban,1
LN2025100089,46,Male,Married,3,Salaried,25,54400.0,0.0,7900.0,672,Personal,370000.0,24,0.0,Urban,1
LN2025104512,35,Male,Married,0,Salaried,10,52000.0,0.0,0.0,791,Home,1500000.0,240,2070000.0,Urban,1
LN2025107210,33,Female,Married,0,SEP,3,198500.0,0.0,22000.0,681,Business,2150000.0,36,0.0,Urban,0
LN2025102098,41,Male,Married,3,Salaried,18,59200.0,60300.0,0.0,606,Vehicle,60000.0,12,80000.0,Urban,0
LN2025102834,40,Male,Married,3,Salaried,15,68200.0,47200.0,0.0,766,Home,3570000.0,120,5640000.0,Urban,1
LN2025103825,32,Male,Married,1,Salaried,10,94600.0,0.0,0.0,784,Vehicle,920000.0,60,990000.0,Urban,1
LN2025108262,40,Male,Married,2,Salaried,17,83700.0,53800.0,15400.0,736,Personal,370000.0,60,0.0,Semi-Urban,1
LN2025101272,28,Female,Single,3,SENP,3,254200.0,50000.0,0.0,754,Home,9260000.0,240,11260000.0,Urban,0
LN2025107687,38,Male,Married,1,SEP,13,89100.0,31700.0,0.0,763,Home,2910000.0,300,3930000.0,Urban,1
LN2025101784,53,Male,Married,3,SEP,26,95600.0,0.0,0.0,706,Home,2730000.0,120,3300000.0,Urban,1
LN2025109645,48,Male,Married,3,SENP,27,188000.0,94600.0,13500.0,810,Vehicle,3380000.0,60,3920000.0,Semi-Urban,1
LN2025109719,39,Male,Married,3,Salaried,16,96700.0,0.0,31400.0,656,Personal,370000.0,60,0.0,Urban,0
LN2025106565,29,Female,Single,1,Salaried,8,31300.0,0.0,0.0,760,Personal,200000.0,36,0.0,Urban,1
LN2025107789,36,Male,Married,0,SENP,6,48900.0,18200.0,23600.0,851,Vehicle,900000.0,60,1280000.0,Semi-Urban,0
LN2025106859,30,Male,Single,0,SENP,2,46600.0,0.0,0.0,750,Business,200000.0,24,0.0,Semi-Urban,0
LN2025103754,32,Female,Married,3,Salaried,9,45300.0,0.0,0.0,727,Vehicle,200000.0,36,230000.0,Semi-Urban,1
LN2025100609,27,Female,Single,0,Salaried,6,58800.0,0.0,13400.0,709,Personal,260000.0,60,0.0,Urban,1
LN2025102625,31,Male,Single,0,Salaried,9,28900.0,0.0,0.0,527,Vehicle,270000.0,48,290000.0,Rural,0
LN2025105452,39,Male,Married,2,Salaried,17,57200.0,0.0,0.0,726,Home,2110000.0,240,2960000.0,Semi-Urban,0
LN2025104558,26,Female,Single,0,Salaried,0,30200.0,0.0,0.0,680,Vehicle,290000.0,48,380000.0,Urban,0
LN2025109113,38,Male,Married,1,SENP,15,20900.0,0.0,4000.0,797,Personal,140000.0,36,0.0,Rural,1
LN2025102982,34,Male,Married,1,Salaried,8,14100.0,0.0,0.0,852,Vehicle,140000.0,36,190000.0,Rural,0
LN2025108219,31,Female,Single,0,Salaried,8,51200.0,0.0,0.0,747,Personal,380000.0,24,0.0,Semi-Urban,1
LN2025102516,34,Male,Single,0,Salaried,13,48900.0,0.0,0.0,834,Vehicle,130000.0,24,180000.0,Semi-Urban,1
LN2025102381,37,Female,Married,0,Salaried,14,84800.0,0.0,0.0,763,Vehicle,110000.0,12,120000.0,Urban,1
LN2025107886,45,Female,Married,1,Salaried,24,25600.0,0.0,3300.0,736,Home,1120000.0,180,1540000.0,Rural,0
LN2025105084,40,Female,Married,2,SENP,21,151500.0,0.0,7600.0,731,Business,1240000.0,60,0.0,Semi-Urban,1
LN2025100228,46,Female,Married,2,SEP,17,65300.0,0.0,0.0,687,Personal,510000.0,12,0.0,Semi-Urban,0
LN2025101873,37,Male,Married,0,Salaried,15,43800.0,25700.0,0.0,652,Home,2070000.0,240,3530000.0,Rural,1
LN2025105672,28,Male,Married,1,SEP,1,53500.0,0.0,12500.0,790,Home,2805000.0,120,4170000.0,Urban,0
LN2025103914,41,Male,Widowed,0,Salaried,16,142200.0,0.0,59300.0,746,Personal,1100000.0,60,0.0,Urban,1
LN2025106101,50,Male,Married,1,Salaried,27,58800.0,0.0,0.0,741,Business,660000.0,36,0.0,Urban,1
LN2025103360,26,Unknown,Single,0,Salaried,6,60300.0,0.0,0.0,713,Vehicle,650000.0,60,760000.0,Urban,1
LN2025101115,37,Male,Married,0,Salaried,13,48000.0,22900.0,0.0,711,Home,2690000.0,240,4740000.0,Semi-Urban,1
LN2025108333,41,Female,Married,1,SENP,17,64000.0,77300.0,0.0,739,Business,1130000.0,36,0.0,Rural,1
LN2025100742,38,Female,Married,2,SENP,16,47800.0,0.0,0.0,733,Business,370000.0,84,0.0,Urban,1
LN2025108697,60,Male,Divorced,2,SENP,34,195800.0,23400.0,0.0,763,Home,10370000.0,180,12900000.0,Semi-Urban,0
LN2025100822,28,Female,Single,0,Salaried,8,35400.0,0.0,17600.0,675,Personal,190000.0,12,0.0,Urban,0
LN2025103861,43,Male,Married,1,Salaried,18,44600.0,0.0,0.0,697,Personal,320000.0,60,0.0,Urban,1
LN2025107190,37,Female,Married,2,Salaried,14,48200.0,57000.0,0.0,730,Home,5730000.0,120,9080000.0,Urban,0
LN2025107987,35,Male,Single,0,Salaried,15,42100.0,0.0,0.0,673,Personal,500000.0,48,0.0,Semi-Urban,0
LN2025105546,36,Male,Married,0,Salaried,15,78100.0,31400.0,0.0,824,Personal,750000.0,60,0.0,Urban,1
LN2025103829,24,Male,Single,1,SEP,0,37800.0,24300.0,0.0,675,Home,2560000.0,240,4060000.0,Urban,0
LN2025107188,24,Male,Single,0,SEP,0,94300.0,0.0,0.0,875,Vehicle,780000.0,60,920000.0,Urban,0
LN2025104231,42,Female,Married,2,Salaried,19,12900.0,43200.0,12400.0,643,Home,2700000.0,180,3930000.0,Semi-Urban,1
LN2025103195,30,Unknown,Married,0,Salaried,7,22500.0,0.0,0.0,646,Vehicle,290000.0,48,370000.0,Urban,0
LN2025100683,52,Male,Married,3,SEP,22,107500.0,40300.0,22600.0,750,Home,5760000.0,120,15290000.0,Rural,1
LN2025102132,43,Male,Married,2,SENP,13,140200.0,0.0,34100.0,765,Business,1600000.0,36,0.0,Semi-Urban,0
LN2025109754,42,Male,Married,0,SEP,12,177400.0,44300.0,62500.0,708,Vehicle,1230000.0,60,1440000.0,Rural,1
LN2025103521,33,Male,Married,2,Salaried,8,37000.0,40900.0,0.0,829,Business,140000.0,36,0.0,Urban,1
LN2025104161,21,Male,Single,0,SENP,0,92700.0,0.0,0.0,632,Business,1480000.0,48,3330000.0,Semi-Urban,0
LN2025100326,35,Male,Single,0,Salaried,9,51400.0,0.0,0.0,782,Personal,750000.0,36,0.0,Rural,1
LN2025106316,37,Female,Married,2,Salaried,11,38800.0,24800.0,0.0,685,Home,2300000.0,240,5070000.0,Semi-Urban,0
LN2025107592,33,Male,Married,0,Salaried,11,37000.0,0.0,0.0,725,Vehicle,510000.0,48,510000.0,Semi-Urban,1
LN2025100384,39,Male,Married,3,SENP,16,81400.0,0.0,0.0,811,Personal,460000.0,36,0.0,Urban,1
LN2025107881,38,Male,Single,0,SEP,10,73700.0,0.0,0.0,691,Vehicle,410000.0,60,480000.0,Semi-Urban,1
LN2025104341,42,Male,Married,1,Salaried,20,103300.0,0.0,0.0,760,Home,2880000.0,180,4230000.0,Semi-Urban,1
LN2025100975,49,Female,Married,2,Salaried,24,92200.0,0.0,0.0,783,Vehicle,450000.0,48,620000.0,Urban,1
LN2025106442,45,Male,Married,1,Salaried,23,241100.0,64700.0,40200.0,804,Home,15250000.0,120,19200000.0,Semi-Urban,0
LN2025106909,33,Male,Married,0,Salaried,7,22400.0,34600.0,0.0,796,Home,3510000.0,240,6000000.0,Rural,1
LN2025105051,36,Female,Married,1,SENP,14,150700.0,10900.0,0.0,625,Business,2250000.0,120,0.0,Urban,0
LN2025102476,46,Male,Married,0,SENP,17,152300.0,0.0,20400.0,679,Business,2100000.0,60,0.0,Urban,0
LN2025104554,34,Female,Married,3,Salaried,12,25600.0,0.0,0.0,793,Vehicle,270000.0,48,330000.0,Rural,0
LN2025104644,25,Male,Single,0,Salaried,0,36600.0,24500.0,0.0,729,Home,2805000.0,360,3970000.0,Urban,0
LN2025105092,49,Male,Married,3,Salaried,25,134300.0,0.0,0.0,794,Vehicle,2080000.0,60,2560000.0,Semi-Urban,1
LN2025102430,34,Male,Married,1,Salaried,9,45600.0,26300.0,0.0,737,Personal,400000.0,60,0.0,Rural,1
LN2025101443,37,Male,Married,1,Salaried,14,66500.0,0.0,0.0,795,Home,3390000.0,180,5590000.0,Urban,1
LN2025100943,47,Male,Divorced,0,SENP,21,83400.0,0.0,0.0,781,Vehicle,70000.0,36,80000.0,Rural,1
LN2025106095,55,Male,Married,2,SENP,33,65300.0,0.0,23900.0,787,Business,300000.0,84,480000.0,Semi-Urban,1
LN2025107219,41,Female,Single,0,Salaried,18,29400.0,0.0,0.0,783,Personal,290000.0,48,0.0,Urban,1
LN2025107395,24,Male,Single,0,Salaried,1,21100.0,0.0,0.0,633,Personal,150000.0,36,0.0,Rural,0
LN2025100321,30,Male,Married,2,Salaried,6,16000.0,25000.0,0.0,732,Home,1340000.0,240,3030000.0,Rural,1
LN2025105742,42,Male,Married,1,Salaried,20,57600.0,34400.0,0.0,761,Home,4050000.0,180,4960000.0,Rural,0
LN2025108788,32,Male,Married,2,Salaried,10,76800.0,0.0,0.0,823,Personal,390000.0,48,0.0,Urban,1
LN2025107087,30,Male,Married,2,Salaried,9,33800.0,0.0,0.0,805,Home,1140000.0,180,1330000.0,Urban,1
LN2025103230,33,Male,Married,2,Salaried,8,57300.0,0.0,14900.0,757,Vehicle,410000.0,36,490000.0,Urban,0
LN2025108075,22,Male,Single,0,Salaried,1,33800.0,30500.0,0.0,511,Home,2940000.0,180,3920000.0,Urban,0
LN2025106618,31,Male,Married,3,SENP,2,57400.0,0.0,0.0,708,Personal,720000.0,36,0.0,Semi-Urban,0
LN2025109556,44,Female,Married,1,SEP,14,168800.0,0.0,0.0,764,Vehicle,110000.0,24,150000.0,Urban,1
LN2025108241,20,Male,Single,0,Salaried,0,23400.0,29500.0,0.0,715,Home,2650000.0,180,3890000.0,Semi-Urban,0
LN2025102314,35,Male,Married,1,Salaried,12,86400.0,0.0,30600.0,787,Vehicle,890000.0,84,910000.0,Urban,1
LN2025102441,34,Male,Married,2,Salaried,10,23100.0,0.0,0.0,649,Personal,150000.0,36,0.0,Rural,0
LN2025100008,34,Female,Married,1,Salaried,11,35900.0,54700.0,0.0,725,Personal,760000.0,36,0.0,Urban,0
LN2025101486,53,Female,Married,3,SENP,25,112000.0,0.0,18700.0,724,Personal,1560000.0,36,0.0,Urban,0
LN2025108878,46,Female,Unknown,2,SEP,20,145300.0,40700.0,0.0,836,Vehicle,950000.0,84,1120000.0,Urban,1
LN2025102497,36,Male,Unknown,2,Salaried,15,29100.0,18900.0,0.0,795,Home,1410000.0,180,2780000.0,Rural,1
LN2025108027,51,Unknown,Married,0,Salaried,25,53400.0,0.0,0.0,777,Vehicle,130000.0,24,150000.0,Urban,1
LN2025105956,40,Male,Married,1,SEP,14,100800.0,43600.0,0.0,794,Home,4920000.0,300,6870000.0,Urban,1
LN2025104939,34,Male,Married,3,Salaried,13,49800.0,0.0,0.0,690,Vehicle,290000.0,48,320000.0,Urban,1
LN2025108837,30,Female,Married,0,Salaried,10,44000.0,0.0,0.0,708,Business,900000.0,84,1690000.0,Semi-Urban,0
LN2025102811,35,Male,Married,2,SENP,15,85100.0,29000.0,2100.0,-1,Home,2540000.0,300,7260000.0,Urban,1
LN2025102938,31,Male,Single,1,SENP,10,230700.0,0.0,63600.0,695,Business,630000.0,60,0.0,Urban,1
LN2025102394,47,Male,Married,1,Salaried,23,112300.0,0.0,0.0,649,Vehicle,950000.0,60,1240000.0,Urban,0
LN2025109638,47,Male,Widowed,0,SENP,23,124500.0,29800.0,7800.0,671,Business,1230000.0,60,2280000.0,Urban,0
LN2025108146,23,Female,Single,0,Salaried,0,37900.0,0.0,0.0,755,Personal,150000.0,36,0.0,Urban,0
LN2025100341,34,Male,Married,1,SEP,7,96200.0,0.0,3200.0,774,Personal,470000.0,36,0.0,Urban,1
LN2025108339,57,Male,Married,0,SEP,12,179300.0,98800.0,0.0,-1,Home,13090000.0,180,24290000.0,Urban,0
LN2025107548,28,Male,Married,0,SENP,7,82400.0,0.0,15200.0,745,Vehicle,70000.0,24,90000.0,Urban,1
LN2025108524,21,Male,Single,0,SENP,0,14000.0,0.0,1800.0,634,Vehicle,150000.0,84,160000.0,Urban,0
LN2025100712,40,Male,Married,0,SENP,19,65600.0,60600.0,33700.0,652,Business,870000.0,60,0.0,Urban,1
LN2025102526,23,Female,Single,0,Salaried,0,49200.0,0.0,2300.0,688,Vehicle,90000.0,36,120000.0,Semi-Urban,0
LN2025108031,49,Female,Married,0,SENP,21,16200.0,0.0,0.0,-1,Vehicle,120000.0,24,130000.0,Rural,0
LN2025102744,36,Male,Single,0,Salaried,14,66300.0,0.0,10200.0,727,Home,3460000.0,240,4600000.0,Semi-Urban,0
LN2025105137,42,Female,Married,3,Salaried,19,81200.0,14900.0,2000.0,741,Home,3740000.0,180,4230000.0,Rural,0
LN2025109573,26,Male,Single,0,Salaried,3,22000.0,0.0,0.0,-1,Personal,80000.0,48,0.0,Semi-Urban,0
LN2025101901,47,Male,Married,3,SEP,19,77000.0,48800.0,0.0,757,Business,1480000.0,60,1980000.0,Urban,1
LN2025100117,34,Male,Single,0,Salaried,13,130200.0,0.0,39300.0,604,Vehicle,110000.0,36,130000.0,Urban,1
LN2025101388,46,Female,Married,1,SEP,19,105100.0,0.0,0.0,900,Business,1870000.0,60,3170000.0,Urban,1
LN2025109133,41,Male,Married,2,SEP,12,82400.0,25000.0,44800.0,697,Home,3630000.0,240,7150000.0,Rural,0
LN2025102684,37,Male,Married,2,Salaried,15,32700.0,0.0,0.0,821,Personal,230000.0,36,0.0,Urban,1
LN2025105574,56,Male,Married,2,SEP,28,78400.0,0.0,26100.0,-1,Personal,510000.0,48,0.0,Semi-Urban,0
LN2025100174,31,Male,Married,3,Salaried,10,42300.0,36100.0,0.0,691,Home,1980000.0,240,3360000.0,Urban,1
LN2025101823,36,Male,Single,0,SENP,10,133000.0,0.0,0.0,797,Home,5300000.0,300,5790000.0,Urban,0
LN2025103181,28,Female,Single,2,Salaried,8,24700.0,0.0,0.0,657,Vehicle,340000.0,60,460000.0,Semi-Urban,1
LN2025101693,41,Male,Married,1,Salaried,20,67400.0,20200.0,0.0,768,Home,2805000.0,360,2970000.0,Urban,0
LN2025107109,36,Male,Married,1,Salaried,14,17900.0,0.0,0.0,708,Business,140000.0,60,0.0,Rural,1
LN2025101947,31,Male,Single,0,Salaried,10,120200.0,0.0,0.0,725,Home,3950000.0,180,5810000.0,Urban,1
LN2025100652,56,Male,Married,2,SENP,28,104400.0,102300.0,0.0,803,Business,1000000.0,48,2060000.0,Urban,1
LN2025102230,39,Female,Married,3,SENP,14,41200.0,0.0,0.0,705,Personal,140000.0,60,0.0,Urban,1
LN2025109430,38,Male,Single,2,Salaried,14,73400.0,34000.0,0.0,622,Vehicle,140000.0,12,170000.0,Urban,0
LN2025102412,67,Unknown,Married,0,SENP,40,197700.0,0.0,62600.0,759,Business,1960000.0,120,3760000.0,Urban,0
LN2025102201,33,Male,Married,1,Salaried,10,106100.0,0.0,4200.0,766,Personal,640000.0,12,0.0,Urban,0
LN2025108305,37,Female,Married,2,SENP,9,24900.0,0.0,0.0,677,Vehicle,140000.0,36,150000.0,Rural,1
LN2025106518,47,Female,Married,3,Salaried,24,25700.0,0.0,0.0,761,Vehicle,330000.0,60,440000.0,Rural,1
LN2025102277,37,Male,Married,0,SENP,15,84500.0,30800.0,0.0,729,Business,2210000.0,48,6130000.0,Urban,0
LN2025101997,41,Male,Married,1,Salaried,20,35500.0,27900.0,15300.0,592,Home,2390000.0,180,2990000.0,Semi-Urban,1
LN2025101098,36,Male,Married,2,SENP,14,75100.0,0.0,0.0,738,Vehicle,1520000.0,60,1880000.0,Urban,1
LN2025105679,37,Male,Married,2,Salaried,12,73200.0,0.0,0.0,696,Business,580000.0,120,1510000.0,Semi-Urban,1
LN2025107978,49,Female,Married,0,SENP,28,108000.0,115700.0,80800.0,706,Business,4520000.0,48,0.0,Urban,0
LN2025102563,20,Male,Single,1,Salaried,0,20100.0,0.0,7700.0,740,Home,1010000.0,300,1270000.0,Urban,0
LN2025104916,39,Male,Married,2,SENP,19,134300.0,0.0,25900.0,564,Vehicle,80000.0,36,90000.0,Rural,0
LN2025104968,30,Female,Married,0,Salaried,8,24000.0,0.0,0.0,-1,Vehicle,440000.0,48,520000.0,Rural,1
LN2025109136,28,Male,Married,2,Salaried,6,30000.0,0.0,14400.0,716,Personal,230000.0,36,0.0,Semi-Urban,0
LN2025103912,42,Male,Married,1,SENP,16,89100.0,0.0,22700.0,784,Vehicle,430000.0,48,480000.0,Urban,1
LN2025104153,39,Male,Married,1,SENP,19,33700.0,0.0,3900.0,777,Personal,360000.0,36,0.0,Rural,1
LN2025103677,21,Male,Single,0,Salaried,0,28400.0,0.0,0.0,675,Personal,80000.0,36,0.0,Semi-Urban,0
LN2025106842,37,Male,Married,0,Salaried,12,33200.0,0.0,0.0,668,Vehicle,120000.0,12,140000.0,Semi-Urban,1
LN2025103078,39,Male,Single,0,Salaried,18,108300.0,0.0,0.0,-1,Vehicle,2050000.0,48,2300000.0,Semi-Urban,1
LN2025101603,26,Female,Married,1,Salaried,8,30900.0,0.0,0.0,-1,Home,1740000.0,300,2450000.0,Urban,0
LN2025101342,38,Female,Single,1,SENP,13,14800.0,0.0,1300.0,666,Business,100000.0,24,200000.0,Semi-Urban,0
LN2025101030,43,Male,Married,1,SENP,17,17100.0,0.0,0.0,709,Business,200000.0,36,0.0,Rural,1
LN2025107185,30,Female,Married,2,Salaried,6,75400.0,0.0,0.0,826,Personal,660000.0,24,0.0,Semi-Urban,1
LN2025103423,39,Male,Married,1,Salaried,14,58300.0,0.0,0.0,836,Home,2420000.0,120,4750000.0,Urban,1
LN2025105682,39,Male,Married,0,SEP,11,105200.0,0.0,0.0,693,Personal,520000.0,12,0.0,Urban,1
LN2025100855,32,Male,Married,3,Salaried,8,64800.0,24200.0,0.0,779,Home,3710000.0,120,6110000.0,Urban,1
LN2025100251,70,Male,Married,3,SENP,48,38500.0,0.0,0.0,721,Business,460000.0,84,0.0,Semi-Urban,0
LN2025100708,32,Male,Married,2,SENP,3,21100.0,0.0,0.0,604,Business,110000.0,60,160000.0,Semi-Urban,0
LN2025107692,31,Female,Married,1,Salaried,9,54500.0,27000.0,42800.0,788,Home,3250000.0,180,4960000.0,Urban,0
LN2025104762,39,Male,Married,2,Salaried,15,61200.0,26000.0,0.0,594,Personal,540000.0,36,0.0,Urban,0
LN2025100622,20,Male,Single,0,Salaried,0,46900.0,0.0,0.0,637,Home,1170000.0,300,1740000.0,Urban,0
LN2025105805,41,Male,Married,2,Salaried,19,61600.0,26100.0,31500.0,616,Personal,300000.0,36,0.0,Urban,0
LN2025108919,32,Male,Married,0,Salaried,10,50500.0,0.0,0.0,703,Personal,370000.0,24,0.0,Semi-Urban,1
LN2025103745,33,Male,Married,1,Salaried,13,27600.0,0.0,0.0,709,Vehicle,820000.0,48,910000.0,Rural,0
LN2025100372,26,Male,Married,1,SEP,0,68900.0,26400.0,0.0,780,Home,3240000.0,240,7380000.0,Semi-Urban,0
LN2025105731,31,Male,Married,2,Salaried,8,39100.0,0.0,0.0,760,Vehicle,320000.0,36,390000.0,Rural,0
LN2025106748,41,Male,Single,0,Salaried,19,98700.0,0.0,0.0,801,Personal,820000.0,60,0.0,Urban,1
LN2025107215,24,Male,Single,0,Salaried,0,26100.0,0.0,0.0,750,Personal,200000.0,60,0.0,Urban,0
LN2025100167,29,Male,Single,0,Salaried,11,23900.0,0.0,0.0,-1,Personal,120000.0,36,0.0,Semi-Urban,0
LN2025107640,40,Male,Married,1,Salaried,19,58100.0,0.0,8600.0,811,Home,3830000.0,240,4400000.0,Semi-Urban,0
LN2025101754,49,Male,Married,0,Salaried,25,50300.0,0.0,6700.0,746,Personal,500000.0,24,0.0,Urban,0
LN2025108294,28,Male,Married,1,Salaried,6,64600.0,0.0,10800.0,755,Vehicle,530000.0,48,720000.0,Semi-Urban,1
LN2025107025,42,Male,Married,2,SENP,17,62400.0,0.0,6000.0,686,Home,3530000.0,240,8020000.0,Rural,0
LN2025105397,45,Female,Married,3,SENP,23,61700.0,0.0,0.0,771,Personal,320000.0,24,0.0,Semi-Urban,1
LN2025101487,29,Male,Married,3,Salaried,6,40200.0,0.0,0.0,731,Personal,570000.0,60,0.0,Urban,1
LN2025103909,41,Male,Married,2,Salaried,19,97000.0,0.0,0.0,755,Personal,1260000.0,48,0.0,Urban,1
LN2025108686,34,Male,Married,2,Salaried,13,56400.0,0.0,0.0,795,Personal,360000.0,24,0.0,Urban,1
LN2025106627,41,Female,Married,1,Salaried,19,55600.0,40600.0,5900.0,687,Home,3900000.0,180,9800000.0,Urban,1
LN2025103171,45,Female,Married,3,SENP,25,125200.0,0.0,0.0,713,Vehicle,910000.0,48,1150000.0,Semi-Urban,0
LN2025109069,43,Male,Married,1,Salaried,19,89300.0,0.0,0.0,604,Personal,760000.0,60,0.0,Urban,0
LN2025103782,55,Male,Married,1,SEP,27,424700.0,20000.0,0.0,-1,Vehicle,2760000.0,48,2830000.0,Urban,1
LN2025104801,35,Female,Single,0,SENP,5,20000.0,0.0,2800.0,697,Home,690000.0,300,1080000.0,Urban,0
LN2025102857,30,Male,Married,1,Salaried,6,29800.0,0.0,0.0,-1,Personal,260000.0,48,0.0,Urban,0
LN2025100336,40,Male,Married,3,Salaried,17,74900.0,0.0,4200.0,738,Personal,620000.0,24,0.0,Semi-Urban,0
LN2025102565,33,Male,Married,2,Salaried,11,33600.0,49200.0,0.0,813,Home,5060000.0,300,6370000.0,Urban,1
LN2025100863,46,Male,Married,2,Salaried,20,72700.0,41800.0,0.0,704,Personal,380000.0,24,0.0,Semi-Urban,1
LN2025104355,32,Male,Married,2,Salaried,12,39500.0,55000.0,15500.0,772,Home,3200000.0,240,4760000.0,Urban,1
LN2025103088,35,Female,Single,0,Salaried,13,52900.0,0.0,12800.0,781,Home,1940000.0,240,2680000.0,Urban,0
LN2025107682,45,Male,Married,2,Salaried,21,79300.0,40100.0,0.0,702,Vehicle,630000.0,48,840000.0,Urban,1
LN2025101435,23,Female,Single,1,Salaried,2,37300.0,0.0,0.0,687,Personal,200000.0,48,0.0,Urban,0
LN2025108563,59,Female,Married,2,SENP,39,118800.0,0.0,22800.0,787,Business,780000.0,12,0.0,Rural,0
LN2025104389,34,Male,Married,0,Salaried,11,57300.0,0.0,0.0,726,Home,1850000.0,300,2220000.0,Rural,1
LN2025109347,39,Unknown,Married,1,SENP,11,106100.0,36800.0,0.0,804,Home,4930000.0,180,10450000.0,Urban,1
LN2025101733,35,Male,Married,2,Salaried,13,87300.0,72300.0,0.0,774,Vehicle,50000.0,24,50000.0,Urban,1
LN2025102405,43,Female,Single,0,Salaried,19,62600.0,0.0,0.0,825,Home,1850000.0,180,2940000.0,Urban,1
LN2025100807,35,Male,Married,3,Salaried,9,28500.0,0.0,0.0,704,Personal,260000.0,12,0.0,Rural,0
LN2025103172,30,Male,Married,3,Salaried,8,30500.0,0.0,0.0,785,Home,1270000.0,240,2350000.0,Urban,0
LN2025107799,49,Male,Married,2,Salaried,27,127300.0,0.0,12700.0,706,Vehicle,120000.0,36,120000.0,Rural,1
LN2025108107,35,Male,Married,3,Salaried,10,63500.0,0.0,5900.0,699,Vehicle,1520000.0,60,1740000.0,Rural,0
LN2025106979,24,Male,Single,0,SEP,0,44200.0,82100.0,0.0,-1,Home,1780000.0,240,3160000.0,Urban,0
LN2025108610,29,Male,Single,0,Salaried,7,44100.0,32200.0,12200.0,709,Home,3530000.0,240,5370000.0,Urban,0
LN2025100066,32,Male,Married,1,SEP,4,20200.0,0.0,2100.0,712,Personal,180000.0,24,0.0,Rural,0
LN2025106375,35,Male,Married,1,Salaried,5,39200.0,0.0,0.0,761,Personal,460000.0,36,0.0,Semi-Urban,0
LN2025108150,42,Male,Married,3,Salaried,18,51100.0,0.0,0.0,665,Personal,410000.0,24,0.0,Urban,1
LN2025101451,35,Male,Married,2,Salaried,14,31100.0,0.0,0.0,733,Personal,280000.0,36,0.0,Urban,1
LN2025102241,31,Male,Married,3,Salaried,7,20600.0,27000.0,0.0,712,Home,1400000.0,240,2080000.0,Rural,1
LN2025107603,44,Male,Married,0,SENP,18,21300.0,0.0,0.0,793,Business,320000.0,12,0.0,Urban,0
LN2025104233,40,Male,Married,1,Salaried,17,133600.0,0.0,0.0,698,Vehicle,1760000.0,84,2430000.0,Urban,0
LN2025103522,34,Male,Married,1,Salaried,10,77900.0,0.0,0.0,792,Vehicle,760000.0,84,780000.0,Urban,1
LN2025105968,42,Female,Single,0,Salaried,17,84300.0,0.0,0.0,764,Personal,180000.0,36,0.0,Urban,1
LN2025106562,46,Male,Married,2,SENP,17,133600.0,0.0,20500.0,795,Vehicle,3150000.0,60,3240000.0,Urban,1
LN2025105315,28,Female,Married,1,Salaried,5,35000.0,47200.0,0.0,789,Vehicle,610000.0,36,620000.0,Urban,1
LN2025103132,32,Male,Married,0,Salaried,7,50000.0,0.0,0.0,713,Vehicle,330000.0,84,350000.0,Semi-Urban,1
LN2025104072,30,Male,Married,2,Salaried,7,20700.0,0.0,5500.0,662,Personal,120000.0,36,0.0,Semi-Urban,0
LN2025107561,53,Unknown,Married,2,SENP,27,174400.0,0.0,48700.0,661,Vehicle,2050000.0,84,2410000.0,Urban,1
LN2025105251,32,Male,Single,0,Salaried,7,36400.0,0.0,1500.0,690,Personal,190000.0,48,0.0,Semi-Urban,1
LN2025109770,27,Male,Married,2,Salaried,4,34600.0,0.0,0.0,777,Vehicle,280000.0,48,390000.0,Semi-Urban,1
LN2025106454,46,Female,Married,0,SENP,20,20100.0,0.0,0.0,651,Business,240000.0,84,480000.0,Urban,0
LN2025102812,20,Female,Single,0,Salaried,0,21600.0,0.0,0.0,781,Home,500000.0,120,590000.0,Urban,0
LN2025108403,38,Male,Married,2,Salaried,12,33400.0,0.0,9200.0,528,Home,1000000.0,240,1750000.0,Rural,0
LN2025102328,40,Male,Married,3,Salaried,19,94600.0,0.0,0.0,795,Vehicle,700000.0,60,750000.0,Semi-Urban,1
LN2025103315,39,Male,Single,0,SENP,9,28900.0,0.0,0.0,685,Vehicle,170000.0,60,220000.0,Semi-Urban,1
LN2025102768,70,Female,Married,1,SENP,50,285500.0,0.0,0.0,775,Home,12160000.0,180,24620000.0,Urban,0
LN2025102400,29,Male,Single,0,Salaried,7,51700.0,0.0,0.0,-1,Vehicle,400000.0,60,410000.0,Urban,1
LN2025101717,53,Female,Married,3,SENP,27,140000.0,0.0,19300.0,782,Vehicle,1820000.0,48,1960000.0,Rural,1
LN2025109171,38,Male,Married,3,Salaried,17,54400.0,43900.0,13400.0,812,Vehicle,80000.0,12,90000.0,Semi-Urban,1
LN2025104137,35,Male,Married,1,SEP,7,283900.0,0.0,0.0,749,Personal,1770000.0,48,0.0,Urban,1
LN2025109370,20,Male,Single,0,Salaried,0,18900.0,22300.0,0.0,570,Vehicle,440000.0,60,510000.0,Urban,0
LN2025100880,20,Male,Single,0,Salaried,0,39000.0,0.0,0.0,799,Personal,580000.0,48,0.0,Semi-Urban,0
LN2025109141,33,Male,Married,1,Salaried,11,15700.0,28200.0,4400.0,794,Home,1710000.0,300,1990000.0,Semi-Urban,1
LN2025105640,35,Male,Married,1,Salaried,12,21200.0,0.0,0.0,762,Personal,400000.0,48,0.0,Rural,1
LN2025106460,39,Male,Married,3,Salaried,15,78100.0,42200.0,4800.0,761,Home,4020000.0,240,7860000.0,Urban,1
LN2025105609,25,Male,Single,0,SENP,7,45900.0,0.0,24200.0,690,Business,630000.0,24,870000.0,Urban,0
LN2025106781,38,Male,Married,0,SEP,10,23100.0,0.0,0.0,772,Personal,150000.0,48,0.0,Semi-Urban,1
LN2025109685,41,Female,Married,3,SENP,13,41700.0,87200.0,0.0,701,Business,1800000.0,84,0.0,Urban,1
LN2025100565,32,Male,Married,3,Salaried,10,81000.0,0.0,16500.0,807,Personal,630000.0,12,0.0,Urban,0
LN2025104369,33,Male,Single,0,Salaried,11,27200.0,0.0,1000.0,693,Vehicle,70000.0,24,90000.0,Rural,1
LN2025106516,24,Male,Single,3,Salaried,4,46700.0,0.0,0.0,830,Personal,290000.0,48,0.0,Urban,1
LN2025101657,48,Female,Married,2,SEP,18,92000.0,0.0,30100.0,703,Business,1260000.0,36,3020000.0,Urban,0
LN2025100150,34,Male,Married,1,SENP,8,38200.0,0.0,0.0,805,Business,300000.0,12,550000.0,Urban,0
LN2025105902,28,Female,Married,1,Salaried,3,27800.0,0.0,0.0,741,Vehicle,160000.0,60,190000.0,Semi-Urban,1
LN2025100401,30,Male,Single,0,SENP,4,21800.0,0.0,0.0,807,Personal,220000.0,48,0.0,Urban,1
LN2025108693,36,Female,Married,1,SENP,6,45500.0,0.0,0.0,-1,Personal,440000.0,24,0.0,Urban,0
LN2025109253,37,Male,Married,0,Salaried,17,98000.0,0.0,0.0,719,Home,3380000.0,120,5240000.0,Urban,1
LN2025102838,39,Male,Single,1,SEP,8,47200.0,0.0,0.0,751,Personal,280000.0,24,0.0,Semi-Urban,1
LN2025106496,39,Male,Married,3,Salaried,16,48400.0,0.0,1500.0,692,Home,1300000.0,240,1780000.0,Urban,1
LN2025101987,32,Male,Married,2,Salaried,8,28200.0,0.0,0.0,725,Vehicle,420000.0,60,420000.0,Semi-Urban,1
LN2025101414,30,Female,Single,0,Salaried,5,20500.0,0.0,0.0,757,Vehicle,380000.0,60,530000.0,Rural,1
LN2025105121,42,Male,Married,3,Salaried,21,38100.0,0.0,20100.0,716,Personal,480000.0,36,0.0,Semi-Urban,0
LN2025103160,42,Male,Married,3,Salaried,17,35600.0,0.0,0.0,771,Personal,170000.0,36,0.0,Urban,1
LN2025105839,28,Female,Single,0,Salaried,8,24400.0,0.0,0.0,727,Vehicle,380000.0,60,430000.0,Urban,1
LN2025103270,33,Male,Married,1,Salaried,12,123700.0,0.0,7900.0,705,Personal,530000.0,12,0.0,Urban,1
LN2025106956,41,Male,Married,2,SENP,13,243100.0,27900.0,0.0,600,Personal,1240000.0,60,0.0,Urban,0
LN2025105783,45,Male,Married,1,Salaried,23,138000.0,0.0,22800.0,666,Vehicle,1770000.0,60,2420000.0,Urban,1
LN2025109354,38,Male,Married,2,Salaried,15,37800.0,29300.0,0.0,-1,Personal,300000.0,24,0.0,Rural,1
LN2025100719,62,Male,Widowed,0,SENP,35,157700.0,0.0,0.0,791,Business,870000.0,24,0.0,Urban,1
LN2025102116,43,Male,Married,2,Salaried,21,219100.0,46200.0,42500.0,604,Vehicle,150000.0,36,170000.0,Urban,0
LN2025108476,21,Male,Single,1,SENP,0,16200.0,28200.0,0.0,763,Home,1940000.0,240,2400000.0,Rural,0
LN2025109715,28,Female,Single,0,Salaried,4,43100.0,0.0,0.0,781,Home,1040000.0,300,2220000.0,Urban,1
LN2025107979,43,Male,Married,3,SENP,16,24500.0,45600.0,19200.0,786,Business,320000.0,36,660000.0,Urban,1
LN2025106566,47,Male,Married,2,Salaried,23,68700.0,0.0,0.0,840,Personal,260000.0,60,0.0,Urban,1
LN2025100699,46,Male,Married,3,SENP,16,90900.0,0.0,7300.0,684,Business,670000.0,60,0.0,Urban,1
LN2025101372,27,Male,Single,0,Salaried,2,64800.0,0.0,12800.0,670,Home,1980000.0,180,2920000.0,Semi-Urban,1
LN2025102269,51,Female,Married,3,SENP,26,140600.0,43500.0,7300.0,738,Home,7890000.0,120,9480000.0,Urban,0
LN2025104877,32,Female,Married,3,Salaried,10,35200.0,0.0,0.0,642,Personal,160000.0,36,0.0,Semi-Urban,0
LN2025100028,35,Female,Married,3,Salaried,14,22300.0,0.0,2300.0,882,Vehicle,190000.0,60,200000.0,Rural,1
LN2025104904,27,Female,Single,1,Salaried,3,23200.0,0.0,1400.0,673,Vehicle,120000.0,60,170000.0,Semi-Urban,0
LN2025105060,33,Male,Married,0,Salaried,10,14300.0,24400.0,0.0,646,Home,1960000.0,240,2610000.0,Rural,0
LN2025107781,41,Transgender,Married,0,SEP,10,51700.0,0.0,0.0,688,Home,660000.0,240,1080000.0,Urban,1
LN2025105522,29,Female,Single,0,Salaried,9,48900.0,88800.0,0.0,802,Home,3790000.0,240,5800000.0,Semi-Urban,1
LN2025107653,37,Male,Married,2,Salaried,13,74000.0,0.0,0.0,680,Business,610000.0,12,0.0,Semi-Urban,0
LN2025100265,34,Male,Married,0,Salaried,14,90900.0,0.0,0.0,900,Vehicle,490000.0,84,580000.0,Semi-Urban,1
LN2025109777,26,Male,Single,0,Salaried,2,21700.0,0.0,0.0,-1,Personal,110000.0,48,0.0,Rural,1
LN2025103514,42,Male,Married,0,SENP,20,80700.0,0.0,0.0,744,Vehicle,1570000.0,84,1740000.0,Rural,1
LN2025103921,35,Female,Single,0,Salaried,10,19100.0,0.0,4300.0,562,Home,680000.0,300,900000.0,Rural,0
LN2025109439,40,Female,Married,2,SENP,18,64400.0,0.0,0.0,798,Vehicle,610000.0,84,630000.0,Rural,0
LN2025100187,35,Female,Married,3,Salaried,13,37100.0,28200.0,0.0,721,Home,2390000.0,180,3560000.0,Urban,1
LN2025105496,25,Female,Single,0,Salaried,2,18100.0,0.0,4300.0,712,Vehicle,150000.0,60,170000.0,Semi-Urban,1
LN2025101500,50,Female,Married,2,Salaried,27,33100.0,0.0,0.0,699,Vehicle,410000.0,48,560000.0,Rural,1
LN2025101772,20,Male,Single,0,Salaried,0,24600.0,0.0,0.0,736,Vehicle,60000.0,36,60000.0,Urban,1
LN2025104106,34,Male,Married,2,Salaried,11,52900.0,0.0,0.0,-1,Home,2560000.0,120,4000000.0,Urban,0
LN2025106923,37,Male,Single,0,Salaried,15,47100.0,0.0,6500.0,576,Vehicle,520000.0,48,610000.0,Urban,0
LN2025101768,45,Male,Married,0,SEP,16,162500.0,0.0,36800.0,718,Vehicle,1680000.0,60,1930000.0,Urban,1
LN2025102365,36,Male,Married,2,SENP,7,69800.0,64900.0,24300.0,801,Business,230000.0,36,560000.0,Urban,1
LN2025103822,21,Male,Single,0,SENP,0,90800.0,0.0,0.0,738,Business,380000.0,84,520000.0,Urban,0
LN2025105243,53,Male,Married,2,SENP,30,169200.0,0.0,0.0,705,Business,1270000.0,36,1950000.0,Rural,1
LN2025107264,35,Male,Married,2,Salaried,9,17600.0,0.0,1900.0,806,Vehicle,210000.0,84,270000.0,Rural,1
LN2025106306,39,Male,Married,3,SENP,15,126300.0,0.0,47100.0,763,Vehicle,540000.0,60,670000.0,Rural,1
LN2025101958,45,Unknown,Married,1,Salaried,20,30400.0,81400.0,0.0,-1,Personal,510000.0,12,0.0,Rural,0
LN2025105067,28,Male,Married,1,Salaried,8,31900.0,0.0,5000.0,667,Personal,140000.0,36,0.0,Urban,1
LN2025108615,27,Female,Single,0,Salaried,4,15400.0,0.0,0.0,577,Home,500000.0,360,750000.0,Rural,0
LN2025102317,39,Male,Single,0,SEP,11,241600.0,0.0,21300.0,767,Personal,2290000.0,60,0.0,Urban,1
LN2025104319,40,Male,Single,0,SEP,12,57400.0,0.0,0.0,768,Vehicle,560000.0,36,590000.0,Rural,1
LN2025100937,24,Male,Single,0,Salaried,0,39000.0,0.0,0.0,740,Personal,280000.0,48,0.0,Semi-Urban,1
LN2025104162,43,Female,Single,0,SENP,13,75600.0,0.0,0.0,716,Vehicle,840000.0,60,960000.0,Semi-Urban,1
LN2025101789,36,Female,Married,1,Salaried,12,47100.0,0.0,0.0,757,Vehicle,550000.0,48,720000.0,Semi-Urban,1
LN2025106524,36,Male,Married,1,Salaried,16,107000.0,56000.0,36400.0,788,Vehicle,830000.0,60,910000.0,Rural,1
LN2025100084,42,Male,Married,2,SEP,15,151200.0,0.0,0.0,805,Home,4620000.0,240,5760000.0,Urban,0
LN2025104778,46,Unknown,Married,3,SENP,22,36400.0,0.0,0.0,-1,Business,310000.0,48,0.0,Semi-Urban,0
LN2025107713,45,Female,Married,3,SENP,22,57600.0,0.0,10000.0,677,Vehicle,70000.0,24,90000.0,Urban,1
LN2025102450,27,Male,Single,0,Salaried,3,21500.0,0.0,1300.0,795,Vehicle,240000.0,60,270000.0,Semi-Urban,1
LN2025104890,41,Male,Married,1,Salaried,16,25600.0,0.0,5500.0,630,Vehicle,360000.0,60,390000.0,Urban,0
LN2025104185,34,Male,Married,2,Salaried,11,25400.0,12700.0,0.0,797,Home,2020000.0,300,4140000.0,Rural,1
LN2025102701,38,Male,Married,3,Salaried,16,113300.0,19200.0,0.0,794,Home,3420000.0,240,5100000.0,Semi-Urban,1
LN2025104281,41,Male,Married,0,Salaried,17,113400.0,0.0,11000.0,854,Personal,590000.0,48,0.0,Semi-Urban,1
LN2025107141,48,Male,Married,1,SENP,21,54600.0,27100.0,0.0,612,Vehicle,130000.0,36,140000.0,Urban,0
LN2025104432,37,Male,Unknown,2,SEP,9,50800.0,24900.0,0.0,759,Business,590000.0,48,0.0,Semi-Urban,1
LN2025103068,36,Male,Married,2,SENP,9,68200.0,0.0,14900.0,638,Business,270000.0,36,0.0,Urban,0
LN2025103184,20,Female,Single,0,Salaried,0,28900.0,0.0,0.0,677,Vehicle,160000.0,36,180000.0,Urban,0
LN2025109361,35,Female,Married,3,Salaried,13,27800.0,0.0,0.0,723,Home,640000.0,240,830000.0,Urban,1
LN2025103032,37,Male,Married,2,Salaried,15,71100.0,0.0,0.0,813,Personal,210000.0,36,0.0,Semi-Urban,1
LN2025102401,42,Female,Married,1,Salaried,19,38600.0,0.0,0.0,734,Vehicle,130000.0,24,160000.0,Semi-Urban,1
LN2025107939,20,Male,Single,0,Salaried,0,68900.0,61500.0,0.0,695,Home,2220000.0,360,2920000.0,Urban,0
LN2025101434,50,Female,Married,2,SEP,22,99100.0,0.0,0.0,851,Personal,480000.0,60,0.0,Semi-Urban,1
LN2025102638,50,Female,Married,2,SENP,28,47600.0,89200.0,600.0,602,Home,6800000.0,180,13400000.0,Urban,0
LN2025103529,41,Female,Married,0,Salaried,18,40400.0,0.0,19600.0,731,Personal,120000.0,48,0.0,Urban,0
LN2025102273,37,Male,Married,0,Salaried,15,145300.0,0.0,0.0,729,Personal,430000.0,24,0.0,Rural,1
LN2025105249,38,Male,Married,1,Salaried,15,18800.0,21300.0,2900.0,708,Home,1630000.0,180,2430000.0,Semi-Urban,1
LN2025108555,33,Female,Married,3,SEP,5,43300.0,0.0,0.0,746,Home,1260000.0,300,2320000.0,Urban,1
LN2025104573,27,Male,Married,3,Salaried,6,27700.0,0.0,7200.0,-1,Home,2440000.0,240,3550000.0,Semi-Urban,0
LN2025105789,54,Female,Married,3,SEP,24,103900.0,90000.0,1500.0,710,Business,1410000.0,84,2510000.0,Semi-Urban,1
LN2025107138,30,Male,Married,2,SENP,6,145400.0,0.0,0.0,-1,Home,6070000.0,300,11660000.0,Urban,1
LN2025101190,28,Male,Married,2,SENP,3,93200.0,41200.0,0.0,730,Business,1660000.0,120,4130000.0,Urban,1
LN2025105583,33,Male,Married,3,Salaried,12,54900.0,0.0,0.0,605,Vehicle,680000.0,60,800000.0,Semi-Urban,0
LN2025106365,42,Male,Married,2,Salaried,20,97400.0,0.0,17000.0,803,Personal,450000.0,24,0.0,Urban,1
LN2025107801,38,Male,Married,3,Salaried,13,65500.0,0.0,0.0,714,Personal,330000.0,36,0.0,Rural,1
LN2025100271,37,Male,Married,0,Salaried,13,107200.0,0.0,0.0,783,Personal,3490000.0,36,0.0,Urban,0
LN2025103201,45,Male,Married,1,Salaried,22,75700.0,35400.0,0.0,747,Home,4240000.0,180,4930000.0,Urban,0
LN2025101863,26,Male,Single,0,SEP,0,82600.0,0.0,7700.0,800,Vehicle,100000.0,24,110000.0,Rural,0
LN2025105229,38,Female,Married,2,SEP,9,21600.0,0.0,0.0,861,Business,160000.0,36,0.0,Semi-Urban,1
LN2025109728,38,Female,Married,3,Salaried,15,42100.0,17700.0,0.0,688,Home,2130000.0,240,2580000.0,Rural,0
LN2025108633,24,Male,Single,0,Salaried,0,31100.0,0.0,0.0,761,Home,1230000.0,240,2520000.0,Urban,0
LN2025102340,43,Female,Single,0,SENP,22,56100.0,0.0,0.0,670,Vehicle,340000.0,36,460000.0,Urban,1
LN2025104771,42,Female,Married,0,SENP,20,71900.0,0.0,9700.0,816,Business,330000.0,36,0.0,Rural,1
LN2025103887,29,Male,Single,1,SEP,0,87300.0,0.0,0.0,768,Vehicle,100000.0,24,140000.0,Urban,0
LN2025104117,41,Male,Married,2,SENP,19,193800.0,19200.0,0.0,848,Home,6880000.0,240,9530000.0,Semi-Urban,1
LN2025108617,46,Male,Married,2,SENP,22,164900.0,0.0,0.0,727,Business,4990000.0,24,12210000.0,Urban,0
LN2025104279,31,Male,Married,2,Salaried,8,42500.0,0.0,0.0,650,Vehicle,440000.0,60,470000.0,Urban,0
LN2025105019,37,Transgender,Married,3,Salaried,17,63000.0,0.0,0.0,786,Personal,250000.0,60,0.0,Rural,1
LN2025108948,28,Male,Married,2,Salaried,6,38700.0,0.0,10600.0,672,Personal,240000.0,36,0.0,Urban,0
LN2025107418,32,Male,Married,2,Salaried,11,42300.0,0.0,0.0,755,Vehicle,440000.0,60,580000.0,Urban,1
LN2025106363,33,Male,Married,1,Salaried,12,55200.0,0.0,0.0,765,Vehicle,420000.0,60,530000.0,Urban,1
LN2025106925,48,Male,Married,2,Salaried,26,41000.0,0.0,0.0,682,Vehicle,130000.0,36,160000.0,Rural,1
LN2025106702,31,Male,Married,2,Salaried,7,50300.0,0.0,0.0,732,Vehicle,450000.0,36,580000.0,Urban,1
LN2025107776,30,Male,Married,2,Salaried,7,159100.0,0.0,0.0,723,Vehicle,1360000.0,36,1880000.0,Urban,1
LN2025100841,52,Male,Married,3,SENP,25,46900.0,0.0,9700.0,743,Business,490000.0,120,0.0,Rural,0
LN2025108737,29,Male,Single,0,SEP,2,49900.0,18000.0,0.0,665,Business,710000.0,48,1410000.0,Semi-Urban,0
LN2025101179,47,Female,Married,1,SENP,18,96200.0,0.0,0.0,703,Vehicle,1320000.0,84,1610000.0,Rural,0
LN2025107133,26,Male,Single,0,SEP,0,109100.0,20600.0,0.0,790,Business,1960000.0,60,0.0,Semi-Urban,0
LN2025101349,39,Male,Married,0,Salaried,16,32000.0,13100.0,0.0,651,Home,1360000.0,240,1840000.0,Rural,1
LN2025105897,44,Male,Married,3,SENP,14,8900.0,0.0,0.0,687,Business,100000.0,48,0.0,Rural,0
LN2025108497,30,Female,Married,3,Salaried,5,61800.0,0.0,0.0,772,Personal,560000.0,36,0.0,Semi-Urban,1
LN2025106336,41,Female,Married,1,SENP,14,58500.0,0.0,20600.0,739,Business,740000.0,24,0.0,Semi-Urban,0
LN2025102463,41,Female,Married,3,Salaried,19,14600.0,0.0,0.0,832,Home,620000.0,180,890000.0,Rural,0
LN2025106137,42,Male,Married,3,Salaried,19,108300.0,0.0,29600.0,734,Home,2250000.0,180,6430000.0,Urban,1
LN2025109552,32,Male,Married,1,Salaried,8,47900.0,0.0,0.0,750,Personal,1040000.0,48,0.0,Urban,0
LN2025103540,45,Male,Married,2,SENP,20,121800.0,0.0,0.0,739,Vehicle,2610000.0,60,2930000.0,Semi-Urban,1
LN2025106764,26,Male,Single,1,Salaried,5,38400.0,0.0,5200.0,737,Personal,290000.0,24,0.0,Semi-Urban,0
LN2025109076,31,Male,Single,0,SENP,10,64900.0,0.0,0.0,683,Personal,1030000.0,24,0.0,Urban,0
LN2025100535,26,Male,Married,3,Salaried,5,32100.0,0.0,0.0,755,Personal,330000.0,24,0.0,Rural,0
LN2025104921,52,Female,Single,1,SEP,24,112500.0,0.0,0.0,754,Personal,2130000.0,24,0.0,Semi-Urban,0
LN2025104157,24,Female,Single,1,Salaried,1,39900.0,0.0,14300.0,750,Personal,420000.0,60,0.0,Urban,0
LN2025108143,28,Female,Single,0,Salaried,5,26400.0,0.0,0.0,807,Personal,290000.0,36,0.0,Semi-Urban,0
LN2025108961,45,Male,Married,3,SEP,15,119000.0,0.0,7900.0,788,Home,3900000.0,240,6350000.0,Semi-Urban,1
LN2025101660,31,Male,Single,1,Salaried,7,45800.0,0.0,5000.0,843,Personal,650000.0,48,0.0,Urban,1
LN2025108098,32,Male,Single,0,SEP,5,94900.0,55100.0,0.0,825,Home,11850000.0,240,18540000.0,Semi-Urban,0
LN2025102800,31,Male,Married,3,Salaried,5,84700.0,19200.0,0.0,865,Home,2310000.0,300,3660000.0,Urban,1
LN2025104587,35,Male,Married,1,Salaried,13,65700.0,0.0,0.0,774,Vehicle,700000.0,48,990000.0,Urban,1
LN2025105758,35,Male,Married,2,SEP,7,220100.0,48600.0,0.0,739,Home,11890000.0,360,21140000.0,Semi-Urban,0
LN2025108124,42,Male,Married,1,Salaried,17,100000.0,0.0,0.0,-1,Personal,1260000.0,48,0.0,Urban,0
LN2025102123,20,Female,Single,2,Salaried,0,27600.0,0.0,4600.0,648,Home,1380000.0,180,1980000.0,Urban,0
LN2025104848,34,Male,Married,2,Salaried,12,67200.0,0.0,7600.0,709,Personal,410000.0,24,0.0,Urban,0
LN2025107663,35,Female,Married,1,SEP,7,69000.0,0.0,0.0,836,Vehicle,660000.0,60,790000.0,Urban,1
LN2025103817,32,Male,Married,2,SENP,9,43900.0,0.0,0.0,737,Personal,240000.0,24,0.0,Semi-Urban,1
LN2025100973,33,Male,Married,2,SENP,10,109900.0,42200.0,66200.0,705,Home,4940000.0,180,5590000.0,Urban,0
LN2025109025,39,Female,Married,3,SENP,18,64000.0,15100.0,0.0,751,Home,2600000.0,300,2980000.0,Urban,1
LN2025106707,40,Male,Married,2,SEP,22,93000.0,0.0,2700.0,733,Business,1130000.0,60,2500000.0,Urban,0
LN2025107212,26,Male,Single,0,SEP,0,66200.0,0.0,0.0,818,Vehicle,1240000.0,48,1710000.0,Urban,0
LN2025108324,33,Male,Married,2,SEP,4,137300.0,0.0,0.0,775,Personal,500000.0,24,0.0,Semi-Urban,1
LN2025105652,40,Female,Married,1,SENP,18,99800.0,0.0,16200.0,698,Home,3510000.0,300,6240000.0,Rural,0
LN2025103313,48,Female,Married,0,SEP,22,29500.0,0.0,0.0,732,Personal,370000.0,24,0.0,Rural,0
LN2025104363,30,Male,Married,2,Salaried,10,46000.0,69900.0,0.0,667,Personal,660000.0,48,0.0,Urban,1
LN2025106399,39,Female,Married,2,Salaried,15,35400.0,0.0,0.0,725,Vehicle,110000.0,12,130000.0,Rural,1
LN2025101328,50,Male,Married,2,SENP,24,137400.0,0.0,0.0,-1,Home,2300000.0,180,2690000.0,Urban,1
LN2025100523,28,Male,Married,2,SENP,5,56500.0,46700.0,0.0,729,Business,730000.0,60,1450000.0,Urban,1
LN2025102666,21,Male,Single,0,Salaried,0,50500.0,0.0,0.0,717,Vehicle,570000.0,60,760000.0,Semi-Urban,0
LN2025100575,39,Female,Married,3,SENP,14,72800.0,52300.0,18000.0,675,Vehicle,2290000.0,48,2760000.0,Rural,0
LN2025105122,32,Female,Single,3,Salaried,8,27800.0,80900.0,0.0,560,Home,3020000.0,180,3690000.0,Semi-Urban,0
LN2025108952,34,Male,Married,3,SEP,7,42700.0,0.0,0.0,635,Vehicle,520000.0,48,630000.0,Urban,0
LN2025109184,45,Male,Married,3,SENP,22,50900.0,26100.0,0.0,795,Vehicle,1070000.0,36,1080000.0,Semi-Urban,1
LN2025100030,50,Male,Married,2,SENP,27,99200.0,0.0,20800.0,723,Business,860000.0,60,2290000.0,Urban,1
LN2025103987,45,Male,Widowed,0,Salaried,22,126200.0,0.0,0.0,695,Home,3970000.0,180,5910000.0,Semi-Urban,0
LN2025103124,20,Female,Single,0,Salaried,0,33100.0,23600.0,0.0,786,Home,2140000.0,240,3910000.0,Urban,0
LN2025100778,43,Male,Married,2,Salaried,19,77600.0,0.0,20700.0,577,Home,2400000.0,180,2850000.0,Semi-Urban,0
LN2025100430,26,Male,Married,3,SENP,0,36300.0,29600.0,11800.0,784,Home,5330000.0,180,7490000.0,Semi-Urban,0
LN2025106035,35,Female,Married,1,Salaried,11,63800.0,0.0,0.0,753,Personal,450000.0,60,0.0,Urban,1
LN2025104305,46,Male,Married,1,Salaried,20,27300.0,36700.0,0.0,680,Personal,370000.0,60,0.0,Rural,1
LN2025105617,42,Male,Married,3,Salaried,20,60700.0,0.0,0.0,725,Personal,200000.0,36,0.0,Semi-Urban,1
LN2025106466,48,Male,Married,1,Salaried,26,164200.0,0.0,0.0,626,Personal,2530000.0,36,0.0,Urban,0
LN2025106299,45,Male,Married,1,SENP,18,165500.0,81900.0,9200.0,762,Vehicle,1340000.0,84,1440000.0,Urban,1
LN2025105324,56,Male,Married,1,SEP,25,83000.0,0.0,2700.0,725,Vehicle,420000.0,36,880000.0,Urban,1
LN2025108607,42,Male,Married,1,Salaried,20,147500.0,0.0,30900.0,727,Vehicle,100000.0,12,110000.0,Urban,1
LN2025104845,40,Male,Married,1,SEP,12,88600.0,0.0,9000.0,817,Personal,700000.0,24,0.0,Urban,1
LN2025104284,31,Male,Married,2,SEP,0,110800.0,16900.0,0.0,741,Business,1010000.0,36,1540000.0,Urban,0
LN2025102227,42,Female,Married,3,SENP,23,39000.0,0.0,0.0,718,Business,540000.0,36,0.0,Rural,0
LN2025109859,28,Male,Single,0,Salaried,6,31100.0,40500.0,0.0,848,Business,470000.0,84,1220000.0,Rural,1
LN2025107507,31,Male,Married,0,SENP,8,16800.0,0.0,0.0,597,Business,180000.0,12,270000.0,Rural,0
LN2025108322,39,Male,Married,3,Salaried,16,56800.0,0.0,0.0,733,Home,1720000.0,240,2130000.0,Rural,0
LN2025101859,40,Female,Married,2,Salaried,15,71000.0,22400.0,3200.0,727,Home,2490000.0,300,3360000.0,Urban,0
LN2025105323,38,Male,Married,2,Salaried,14,59300.0,0.0,0.0,658,Personal,310000.0,36,0.0,Urban,1
LN2025108375,25,Male,Single,3,Salaried,3,49600.0,0.0,0.0,-1,Personal,480000.0,24,0.0,Semi-Urban,0
LN2025105733,43,Male,Married,0,SEP,16,265500.0,0.0,0.0,698,Personal,2230000.0,36,0.0,Urban,1
LN2025102146,41,Male,Divorced,1,SENP,16,38900.0,0.0,4000.0,635,Business,480000.0,84,0.0,Semi-Urban,0
LN2025101456,35,Male,Married,1,Salaried,13,107100.0,29400.0,0.0,829,Vehicle,1050000.0,60,1410000.0,Urban,1
LN2025104753,40,Male,Married,2,Salaried,18,58100.0,110300.0,0.0,697,Vehicle,2090000.0,48,2140000.0,Urban,1
LN2025108625,32,Male,Married,2,SENP,14,44100.0,0.0,0.0,779,Personal,280000.0,36,0.0,Semi-Urban,1
LN2025102531,37,Male,Married,3,SENP,18,76300.0,0.0,0.0,658,Business,1020000.0,36,1690000.0,Semi-Urban,0
LN2025106813,32,Male,Married,2,SEP,4,49100.0,0.0,0.0,710,Business,1010000.0,48,2100000.0,Semi-Urban,0
LN2025109256,35,Female,Married,2,Salaried,12,32900.0,0.0,0.0,704,Personal,110000.0,24,0.0,Urban,1
LN2025109214,27,Male,Married,2,Salaried,5,71000.0,31900.0,7800.0,672,Home,2030000.0,300,3350000.0,Semi-Urban,1
LN2025103784,40,Male,Single,0,SENP,20,124000.0,44400.0,0.0,758,Home,5150000.0,240,7660000.0,Semi-Urban,0
LN2025105787,44,Male,Married,2,Salaried,12,35200.0,0.0,5200.0,739,Personal,340000.0,24,0.0,Urban,0
LN2025109131,35,Male,Unknown,1,SENP,14,56100.0,0.0,0.0,760,Business,550000.0,36,930000.0,Semi-Urban,1
LN2025105942,48,Male,Married,2,SENP,22,70600.0,0.0,30500.0,757,Business,700000.0,36,0.0,Urban,0
LN2025102403,37,Female,Married,1,SEP,8,153800.0,48800.0,0.0,771,Home,2805000.0,120,14070000.0,Semi-Urban,0
LN2025103420,45,Male,Married,3,Salaried,24,198500.0,0.0,0.0,838,Personal,1420000.0,36,0.0,Semi-Urban,1
LN2025107880,20,Female,Single,0,Salaried,0,26000.0,0.0,0.0,760,Personal,70000.0,48,0.0,Urban,0
LN2025105102,33,Male,Married,1,Salaried,13,173100.0,55100.0,38800.0,793,Home,8300000.0,240,12060000.0,Urban,1
LN2025102961,55,Male,Divorced,0,SENP,30,79200.0,0.0,18700.0,672,Personal,880000.0,24,0.0,Urban,0
LN2025109110,42,Female,Married,1,Salaried,17,32900.0,103900.0,0.0,669,Vehicle,650000.0,60,740000.0,Urban,1
LN2025107397,35,Male,Married,1,Salaried,9,56100.0,0.0,0.0,704,Personal,400000.0,24,0.0,Urban,1
LN2025106882,53,Male,Married,2,Salaried,32,90900.0,0.0,0.0,808,Vehicle,80000.0,24,90000.0,Semi-Urban,1
LN2025108559,32,Female,Married,3,SENP,9,14000.0,40900.0,5500.0,733,Personal,330000.0,48,0.0,Rural,1
LN2025100949,42,Male,Single,3,SENP,19,77600.0,0.0,18300.0,816,Business,520000.0,36,0.0,Urban,1
LN2025102766,27,Male,Single,0,Salaried,6,61500.0,0.0,17400.0,751,Vehicle,460000.0,36,640000.0,Urban,1
LN2025107938,37,Male,Married,3,Salaried,15,79200.0,0.0,0.0,760,Home,2180000.0,240,2980000.0,Urban,1
LN2025103321,27,Male,Single,0,Salaried,6,33300.0,0.0,0.0,683,Vehicle,60000.0,24,60000.0,Urban,1
LN2025109455,25,Male,Single,0,Salaried,2,95100.0,0.0,0.0,804,Personal,450000.0,60,0.0,Semi-Urban,1
LN2025106975,38,Male,Married,0,Salaried,15,46900.0,0.0,0.0,723,Home,1020000.0,240,1500000.0,Urban,1
LN2025103244,36,Female,Married,3,SEP,10,179400.0,0.0,13100.0,770,Personal,470000.0,36,0.0,Urban,1
LN2025101790,20,Male,Single,0,Salaried,0,71000.0,0.0,0.0,669,Personal,630000.0,36,0.0,Semi-Urban,0
LN2025102771,38,Male,Married,2,Salaried,18,27100.0,23500.0,0.0,730,Home,2430000.0,180,3620000.0,Rural,1
LN2025106318,23,Male,Single,0,Salaried,0,49800.0,0.0,0.0,854,Home,2120000.0,240,2880000.0,Urban,0
LN2025106153,35,Male,Single,3,Salaried,11,16400.0,0.0,2400.0,772,Vehicle,140000.0,84,200000.0,Rural,1
LN2025104986,21,Male,Single,0,SENP,0,29700.0,0.0,0.0,698,Business,130000.0,60,200000.0,Semi-Urban,0
LN2025105681,49,Male,Married,3,SENP,21,32400.0,25800.0,4000.0,-1,Home,2200000.0,180,3880000.0,Rural,1
LN2025105699,44,Male,Married,2,Salaried,24,80500.0,0.0,0.0,791,Vehicle,600000.0,60,620000.0,Semi-Urban,1
LN2025107178,36,Male,Married,2,Salaried,16,42600.0,0.0,2000.0,727,Home,1780000.0,240,3170000.0,Urban,1
LN2025109126,45,Male,Married,2,Salaried,20,30400.0,5300.0,0.0,788,Home,1530000.0,300,3300000.0,Rural,0
LN2025107007,45,Male,Married,3,SENP,20,261300.0,0.0,0.0,724,Business,2020000.0,60,0.0,Urban,1
LN2025104822,54,Male,Married,1,Salaried,30,80700.0,10600.0,0.0,853,Vehicle,510000.0,60,590000.0,Urban,1
LN2025106889,28,Male,Married,1,Salaried,3,46400.0,0.0,0.0,736,Personal,370000.0,60,0.0,Urban,1
LN2025103342,50,Male,Married,1,Salaried,26,105200.0,0.0,0.0,736,Personal,1060000.0,48,0.0,Semi-Urban,1
LN2025102410,48,Unknown,Married,2,SENP,28,172100.0,54200.0,14300.0,795,Business,2280000.0,120,4720000.0,Urban,1
LN2025100280,34,Male,Married,2,Salaried,10,39600.0,75900.0,0.0,819,Home,4580000.0,180,8330000.0,Rural,1
LN2025105334,41,Male,Married,2,Salaried,21,89400.0,0.0,0.0,653,Personal,1330000.0,48,0.0,Rural,0
LN2025103222,44,Female,Single,0,SEP,16,36900.0,0.0,0.0,804,Business,190000.0,60,0.0,Semi-Urban,1
LN2025100453,20,Male,Single,0,Salaried,0,39700.0,0.0,0.0,718,Home,2810000.0,240,3480000.0,Urban,0
LN2025109692,45,Male,Married,2,SENP,17,141400.0,0.0,15900.0,741,Business,1130000.0,36,2070000.0,Urban,1
LN2025104168,27,Male,Single,3,Salaried,6,20400.0,0.0,0.0,626,Vehicle,380000.0,36,400000.0,Urban,0
LN2025107152,32,Male,Single,0,Salaried,11,62500.0,0.0,0.0,826,Vehicle,540000.0,36,740000.0,Urban,1
LN2025109677,37,Male,Married,1,SEP,10,57600.0,0.0,18200.0,811,Home,1240000.0,180,1670000.0,Urban,1
LN2025106746,31,Female,Single,0,Salaried,7,68500.0,0.0,0.0,815,Vehicle,920000.0,36,1090000.0,Semi-Urban,0
LN2025105222,24,Male,Single,0,Salaried,4,32400.0,0.0,3500.0,659,Vehicle,410000.0,60,430000.0,Urban,0
LN2025104511,46,Male,Married,3,Salaried,24,87700.0,0.0,14300.0,762,Personal,450000.0,48,0.0,Urban,1
LN2025107381,36,Female,Married,1,Salaried,12,32600.0,0.0,0.0,672,Home,880000.0,180,1190000.0,Rural,1
LN2025105042,37,Male,Married,1,Salaried,11,227500.0,0.0,0.0,771,Vehicle,1980000.0,60,2440000.0,Semi-Urban,1
LN2025102219,29,Male,Married,1,Salaried,6,58100.0,0.0,10100.0,761,Personal,790000.0,48,0.0,Semi-Urban,0
LN2025103261,46,Female,Married,1,Salaried,22,41500.0,0.0,0.0,729,Vehicle,500000.0,60,590000.0,Semi-Urban,1
LN2025100199,41,Male,Married,1,Salaried,16,70800.0,0.0,0.0,769,Personal,370000.0,48,0.0,Semi-Urban,1
LN2025105863,28,Female,Married,2,Salaried,5,60800.0,0.0,29000.0,622,Personal,250000.0,24,0.0,Semi-Urban,0
LN2025103832,42,Male,Married,2,Salaried,17,35600.0,18300.0,0.0,671,Home,1130000.0,180,1680000.0,Rural,0
LN2025104439,36,Male,Married,3,SENP,12,14300.0,0.0,0.0,681,Business,180000.0,36,480000.0,Urban,0
LN2025104444,69,Female,Single,2,SENP,47,65100.0,0.0,0.0,736,Vehicle,810000.0,60,820000.0,Rural,0
LN2025108658,33,Female,Married,3,Salaried,8,57200.0,36900.0,0.0,723,Vehicle,490000.0,60,660000.0,Urban,1
LN2025107354,32,Female,Single,0,Salaried,9,34900.0,0.0,0.0,784,Personal,280000.0,60,0.0,Rural,1
LN2025100786,35,Transgender,Married,2,SENP,14,73000.0,16400.0,0.0,687,Vehicle,570000.0,60,670000.0,Urban,1
LN2025100451,54,Male,Married,0,SENP,30,161100.0,0.0,0.0,854,Vehicle,130000.0,12,150000.0,Semi-Urban,1
LN2025100445,49,Male,Married,3,Salaried,27,75800.0,19900.0,0.0,704,Vehicle,1450000.0,48,1460000.0,Semi-Urban,1
LN2025102147,35,Male,Married,2,Salaried,14,46400.0,0.0,0.0,748,Personal,250000.0,60,0.0,Urban,1
LN2025104857,45,Male,Married,0,SENP,20,96100.0,0.0,0.0,698,Vehicle,790000.0,48,870000.0,Semi-Urban,1
LN2025102231,38,Female,Married,3,Salaried,16,63200.0,0.0,24000.0,693,Personal,150000.0,12,0.0,Urban,1
LN2025108964,30,Male,Single,1,Salaried,6,41800.0,0.0,0.0,765,Business,630000.0,48,1240000.0,Semi-Urban,1
LN2025108455,34,Male,Married,1,Salaried,10,45900.0,0.0,12900.0,713,Home,1110000.0,240,1800000.0,Semi-Urban,0
LN2025103296,42,Male,Married,2,Salaried,20,102900.0,24200.0,0.0,-1,Vehicle,60000.0,36,70000.0,Semi-Urban,1
LN2025107597,40,Male,Single,2,SEP,10,272300.0,0.0,48900.0,782,Vehicle,4000000.0,60,4740000.0,Urban,1
LN2025109040,46,Female,Married,0,SENP,25,208200.0,0.0,0.0,683,Personal,1400000.0,24,0.0,Urban,1
LN2025108405,31,Male,Single,0,Salaried,10,79800.0,0.0,0.0,739,Vehicle,850000.0,60,1110000.0,Urban,1
LN2025103473,33,Male,Married,0,SENP,14,31000.0,0.0,4000.0,603,Business,480000.0,36,0.0,Semi-Urban,0
LN2025100482,36,Male,Married,1,SENP,6,50200.0,0.0,0.0,820,Vehicle,630000.0,84,760000.0,Urban,1
LN2025105276,41,Male,Married,1,Salaried,19,73400.0,38100.0,26300.0,714,Home,5780000.0,180,7540000.0,Urban,0
LN2025102632,43,Female,Married,0,Salaried,19,40800.0,0.0,0.0,737,Vehicle,240000.0,60,300000.0,Rural,1
LN2025108767,33,Female,Married,2,Salaried,10,15900.0,23200.0,0.0,662,Home,1720000.0,240,2640000.0,Rural,1
LN2025103243,42,Male,Married,2,SENP,22,49700.0,23600.0,5300.0,710,Vehicle,900000.0,84,1060000.0,Semi-Urban,1
LN2025100149,40,Female,Married,0,Salaried,19,50000.0,0.0,0.0,758,Personal,250000.0,36,0.0,Semi-Urban,1
LN2025103816,31,Male,Married,3,Salaried,6,44600.0,0.0,0.0,686,Vehicle,600000.0,48,670000.0,Urban,1
LN2025107577,39,Male,Married,2,Salaried,17,39300.0,0.0,0.0,-1,Personal,230000.0,60,0.0,Rural,0
LN2025100294,23,Male,Single,2,Salaried,0,31500.0,14500.0,0.0,758,Home,1570000.0,180,3030000.0,Rural,0
LN2025102620,46,Male,Single,0,SENP,26,24600.0,0.0,0.0,851,Business,1070000.0,48,2450000.0,Rural,0
LN2025104458,44,Unknown,Married,1,Salaried,22,43600.0,0.0,0.0,843,Vehicle,410000.0,84,510000.0,Urban,1
LN2025100819,39,Female,Married,3,SENP,12,62500.0,63600.0,47400.0,743,Business,890000.0,48,1440000.0,Urban,1
LN2025109456,33,Male,Married,2,SEP,6,164600.0,0.0,0.0,-1,Vehicle,840000.0,48,1160000.0,Urban,0
LN2025102781,33,Male,Single,0,Salaried,10,42200.0,0.0,0.0,610,Home,2180000.0,120,3300000.0,Semi-Urban,0
LN2025106467,27,Female,Single,1,SENP,1,51500.0,0.0,0.0,687,Vehicle,550000.0,36,730000.0,Urban,0
LN2025106676,37,Female,Married,1,SEP,10,80900.0,13700.0,0.0,787,Home,2100000.0,180,4150000.0,Rural,1
LN2025101416,43,Female,Married,1,Salaried,20,25300.0,0.0,4900.0,652,Personal,280000.0,60,0.0,Urban,1
LN2025103591,37,Unknown,Married,3,Salaried,13,61100.0,0.0,8700.0,641,Personal,510000.0,60,0.0,Urban,0
LN2025108859,36,Female,Married,2,SENP,14,68600.0,28300.0,0.0,-1,Business,330000.0,24,0.0,Urban,0
LN2025103364,34,Male,Married,3,Salaried,13,27700.0,0.0,0.0,833,Personal,440000.0,36,0.0,Semi-Urban,0
LN2025104887,36,Male,Married,3,Salaried,13,127900.0,0.0,14300.0,739,Business,410000.0,12,980000.0,Urban,1
LN2025105379,34,Male,Married,2,Salaried,13,31400.0,0.0,2000.0,664,Personal,90000.0,24,0.0,Semi-Urban,0
LN2025108787,64,Female,Married,3,SEP,38,46800.0,27600.0,21000.0,644,Vehicle,90000.0,36,120000.0,Semi-Urban,0
LN2025102020,36,Male,Married,1,SEP,9,77700.0,86100.0,20500.0,632,Vehicle,420000.0,60,1810000.0,Urban,0
LN2025109095,34,Male,Single,1,Salaried,14,98800.0,40200.0,0.0,745,Home,9810000.0,300,12510000.0,Urban,0
LN2025107727,39,Female,Married,0,Salaried,16,65200.0,37500.0,8600.0,809,Home,2370000.0,180,4760000.0,Urban,1
LN2025106918,37,Female,Married,1,Salaried,14,50100.0,0.0,6500.0,747,Home,2070000.0,240,5910000.0,Semi-Urban,1
LN2025108408,32,Male,Married,2,Salaried,9,31500.0,0.0,6500.0,641,Personal,400000.0,36,0.0,Semi-Urban,0
LN2025107794,42,Male,Married,1,SENP,15,145900.0,0.0,0.0,703,Vehicle,1210000.0,36,1300000.0,Urban,1
LN2025107044,27,Male,Married,3,Salaried,7,40600.0,31200.0,0.0,751,Home,1130000.0,300,1960000.0,Urban,1
LN2025101432,54,Male,Married,3,SEP,24,78200.0,0.0,0.0,788,Personal,1290000.0,60,0.0,Semi-Urban,1
LN2025105916,31,Female,Married,2,Salaried,8,29100.0,0.0,4200.0,733,Personal,140000.0,60,0.0,Semi-Urban,1
LN2025106768,42,Male,Married,1,SEP,12,588400.0,44000.0,0.0,739,Home,22500000.0,180,42510000.0,Urban,1
LN2025108962,35,Female,Married,1,Salaried,12,55900.0,72100.0,0.0,794,Home,2160000.0,300,3010000.0,Semi-Urban,1
LN2025106718,34,Female,Married,3,SEP,4,67100.0,48700.0,16200.0,726,Vehicle,140000.0,24,150000.0,Urban,1
LN2025107088,27,Male,Married,2,Salaried,4,36400.0,0.0,1300.0,770,Vehicle,100000.0,12,100000.0,Urban,1
LN2025105601,33,Male,Single,0,SEP,7,56400.0,0.0,0.0,603,Business,950000.0,24,0.0,Urban,0
LN2025103328,32,Male,Married,0,SENP,4,44300.0,0.0,0.0,731,Home,2160000.0,240,2800000.0,Semi-Urban,1
LN2025107443,50,Male,Married,2,SENP,29,139200.0,12500.0,33000.0,780,Business,1480000.0,84,0.0,Rural,1
LN2025103478,35,Female,Married,1,Salaried,12,54700.0,42700.0,19100.0,822,Home,2805000.0,300,2370000.0,Urban,1
LN2025106458,44,Male,Married,3,Salaried,21,66600.0,48200.0,0.0,705,Home,4270000.0,120,5730000.0,Urban,1
LN2025105727,50,Male,Married,1,SEP,25,214100.0,26100.0,21300.0,-1,Business,1170000.0,60,2000000.0,Urban,1
LN2025101470,32,Male,Married,2,SENP,6,60600.0,0.0,7300.0,732,Vehicle,1080000.0,36,1120000.0,Urban,0
LN2025101156,24,Male,Married,2,SEP,0,43000.0,0.0,17300.0,727,Business,270000.0,60,0.0,Rural,0
LN2025105422,43,Male,Married,2,Salaried,17,32400.0,0.0,0.0,660,Home,1320000.0,180,1470000.0,Rural,0
LN2025108537,38,Female,Married,0,SENP,12,42700.0,0.0,0.0,739,Personal,350000.0,48,0.0,Urban,1
LN2025101400,24,Male,Single,0,SEP,0,46800.0,24000.0,0.0,743,Home,3020000.0,240,5730000.0,Urban,0
LN2025108069,53,Female,Divorced,0,Salaried,12,75800.0,0.0,8000.0,813,Personal,480000.0,36,0.0,Rural,1
LN2025100349,39,Male,Married,2,Salaried,15,108400.0,312200.0,0.0,-1,Home,11470000.0,240,20900000.0,Urban,1
LN2025104563,34,Male,Married,1,Salaried,11,43000.0,0.0,0.0,722,Personal,300000.0,48,0.0,Urban,1
LN2025107463,35,Male,Single,0,Salaried,0,18600.0,0.0,0.0,-1,Personal,50000.0,48,0.0,Rural,0
LN2025101740,32,Transgender,Married,1,Salaried,10,24400.0,0.0,5200.0,765,Personal,690000.0,36,0.0,Rural,0
LN2025108136,34,Male,Married,0,SENP,7,18500.0,34800.0,0.0,764,Business,210000.0,84,0.0,Semi-Urban,1
LN2025101131,56,Male,Married,3,Salaried,31,75800.0,27400.0,22900.0,669,Business,1780000.0,36,3270000.0,Urban,0
LN2025103076,29,Female,Married,1,Salaried,7,42700.0,0.0,0.0,737,Personal,420000.0,48,0.0,Urban,1
LN2025105273,44,Male,Married,0,Salaried,20,96000.0,0.0,0.0,782,Personal,480000.0,60,0.0,Urban,1
LN2025109009,49,Male,Married,2,Salaried,27,142700.0,18400.0,7700.0,729,Home,5650000.0,120,7220000.0,Semi-Urban,1
LN2025105808,43,Female,Married,2,Salaried,22,64000.0,0.0,4400.0,780,Personal,660000.0,36,0.0,Urban,1
LN2025109526,43,Male,Married,1,SEP,16,151500.0,52000.0,0.0,737,Vehicle,4000000.0,84,5000000.0,Rural,1
LN2025102051,45,Female,Married,3,Salaried,23,65000.0,0.0,15400.0,655,Vehicle,80000.0,24,90000.0,Semi-Urban,0
LN2025103304,24,Male,Single,2,Salaried,0,28400.0,0.0,0.0,803,Personal,190000.0,12,0.0,Urban,0
LN2025105658,51,Male,Married,1,Salaried,27,206700.0,0.0,0.0,706,Home,9080000.0,180,12070000.0,Urban,0
LN2025108428,31,Male,Married,2,Salaried,7,83800.0,0.0,15900.0,649,Vehicle,1030000.0,36,1250000.0,Urban,0
LN2025109517,32,Female,Married,3,Salaried,10,46800.0,0.0,9400.0,728,Home,3030000.0,240,3670000.0,Urban,0
LN2025107982,59,Male,Married,2,SEP,28,127100.0,22400.0,0.0,672,Home,5820000.0,240,11880000.0,Urban,0
LN2025105618,43,Male,Married,2,Salaried,17,72200.0,0.0,0.0,-1,Personal,530000.0,60,0.0,Urban,0
LN2025109863,30,Male,Married,1,Salaried,9,43000.0,10700.0,7100.0,579,Vehicle,750000.0,60,900000.0,Rural,0
LN2025105992,28,Male,Unknown,0,Salaried,10,11700.0,0.0,0.0,830,Personal,60000.0,36,0.0,Rural,0
LN2025100260,35,Female,Married,0,SEP,7,98600.0,0.0,10400.0,742,Home,3950000.0,240,6720000.0,Urban,1
LN2025100203,58,Female,Married,3,SEP,32,53600.0,0.0,0.0,779,Business,380000.0,84,550000.0,Rural,1
LN2025107893,46,Male,Married,1,Salaried,25,35400.0,0.0,0.0,-1,Personal,180000.0,36,0.0,Rural,0
LN2025104811,46,Male,Married,3,SENP,22,61200.0,0.0,3900.0,733,Home,2060000.0,180,3270000.0,Rural,1
LN2025107500,26,Female,Single,0,Salaried,4,17800.0,0.0,0.0,-1,Vehicle,120000.0,36,140000.0,Rural,0
LN2025102295,39,Female,Married,2,Salaried,15,71100.0,0.0,23000.0,698,Home,2150000.0,240,2990000.0,Urban,1
LN2025108119,44,Female,Married,3,Salaried,12,151900.0,0.0,0.0,810,Personal,2240000.0,12,0.0,Urban,0
LN2025105624,47,Male,Married,2,SENP,24,43900.0,0.0,7700.0,782,Business,800000.0,24,1840000.0,Urban,0
LN2025109201,36,Male,Married,3,SENP,12,37100.0,0.0,4200.0,719,Vehicle,350000.0,48,470000.0,Semi-Urban,1
LN2025100501,38,Female,Married,0,Salaried,12,75200.0,56800.0,0.0,759,Personal,1300000.0,36,0.0,Urban,1
LN2025106743,40,Male,Unknown,0,Salaried,19,112900.0,76300.0,0.0,711,Personal,1720000.0,48,0.0,Urban,1
LN2025100882,38,Male,Married,1,Salaried,12,38500.0,0.0,0.0,686,Vehicle,370000.0,48,440000.0,Semi-Urban,1
LN2025102181,27,Female,Married,2,SEP,1,381600.0,0.0,0.0,637,Personal,1130000.0,36,0.0,Urban,0
LN2025102065,38,Male,Married,1,Salaried,16,28300.0,48400.0,0.0,582,Home,1450000.0,180,1980000.0,Semi-Urban,0
LN2025109561,34,Male,Married,3,Salaried,9,25200.0,34100.0,0.0,818,Home,1250000.0,300,2050000.0,Rural,1
LN2025104626,31,Male,Married,0,SEP,4,114100.0,42500.0,0.0,725,Personal,780000.0,60,0.0,Semi-Urban,1
LN2025104046,37,Male,Married,2,Salaried,15,36200.0,0.0,0.0,787,Vehicle,320000.0,48,360000.0,Urban,1
LN2025100195,38,Female,Married,2,Salaried,15,117600.0,0.0,0.0,834,Personal,1900000.0,36,0.0,Urban,1
LN2025101686,56,Male,Married,3,SEP,27,84000.0,0.0,0.0,635,Home,2800000.0,360,4880000.0,Rural,0
LN2025102728,33,Male,Married,3,Salaried,12,77200.0,0.0,0.0,765,Vehicle,60000.0,36,60000.0,Semi-Urban,1
LN2025106219,36,Female,Married,3,Salaried,14,81900.0,0.0,0.0,743,Personal,400000.0,48,0.0,Urban,1
LN2025106380,48,Male,Married,1,Salaried,27,46100.0,22400.0,0.0,779,Home,2850000.0,120,4150000.0,Semi-Urban,1
LN2025108349,45,Male,Single,3,SENP,25,141500.0,0.0,3400.0,781,Business,920000.0,36,1310000.0,Urban,1
LN2025104713,35,Male,Married,1,Salaried,14,28700.0,0.0,0.0,766,Personal,400000.0,36,0.0,Semi-Urban,0
LN2025103976,42,Female,Single,1,Salaried,22,80800.0,0.0,0.0,-1,Home,3050000.0,180,4430000.0,Semi-Urban,1
LN2025102510,53,Male,Married,1,SEP,25,121800.0,0.0,9900.0,616,Business,1940000.0,60,0.0,Urban,0
LN2025104066,37,Female,Married,1,SENP,10,80100.0,21700.0,0.0,699,Home,3180000.0,360,4540000.0,Urban,0
LN2025101367,40,Male,Married,2,SEP,14,109500.0,0.0,0.0,786,Personal,1150000.0,24,0.0,Urban,1
LN2025100051,43,Male,Married,2,Salaried,17,73600.0,0.0,0.0,696,Personal,700000.0,60,0.0,Semi-Urban,1
LN2025102947,41,Male,Married,3,Salaried,18,179200.0,23500.0,0.0,802,Home,10040000.0,180,14940000.0,Urban,1
LN2025103566,51,Male,Single,0,Salaried,30,86500.0,0.0,6700.0,684,Home,2190000.0,360,3280000.0,Semi-Urban,0
LN2025105946,36,Female,Married,1,Salaried,11,31500.0,0.0,0.0,711,Personal,370000.0,24,0.0,Semi-Urban,1
LN2025103291,38,Male,Married,0,SEP,11,171000.0,26200.0,0.0,791,Business,1440000.0,60,2690000.0,Urban,1
LN2025103694,39,Male,Single,0,Salaried,18,55800.0,0.0,0.0,661,Home,740000.0,180,1040000.0,Rural,1
LN2025104773,34,Male,Married,2,Salaried,12,25000.0,0.0,0.0,768,Vehicle,340000.0,60,440000.0,Rural,1
LN2025108613,45,Male,Married,1,SEP,17,66700.0,0.0,0.0,739,Vehicle,460000.0,60,610000.0,Semi-Urban,1
LN2025106998,61,Male,Married,1,SENP,37,46500.0,100600.0,0.0,770,Home,7200000.0,240,10710000.0,Urban,0
LN2025109459,50,Male,Single,0,SENP,28,134500.0,0.0,0.0,701,Business,570000.0,48,0.0,Semi-Urban,1
LN2025104416,32,Male,Married,1,Salaried,9,28200.0,0.0,0.0,668,Home,960000.0,180,1380000.0,Urban,0
LN2025100455,47,Male,Married,0,SEP,17,36700.0,0.0,0.0,770,Business,170000.0,36,0.0,Urban,1
LN2025104553,37,Male,Married,2,SENP,11,71200.0,102700.0,36800.0,734,Vehicle,120000.0,36,150000.0,Urban,1
LN2025102605,33,Female,Married,1,Salaried,10,21300.0,50400.0,0.0,778,Home,1690000.0,240,3240000.0,Urban,1
LN2025100794,42,Male,Married,3,SENP,6,45500.0,0.0,7000.0,-1,Vehicle,150000.0,24,210000.0,Rural,0
LN2025108605,28,Male,Single,0,Salaried,4,81100.0,0.0,12600.0,813,Personal,280000.0,36,0.0,Urban,1
LN2025101691,28,Male,Married,3,Salaried,5,24100.0,17700.0,0.0,786,Home,1020000.0,300,2010000.0,Rural,1
LN2025100922,42,Male,Married,2,Salaried,20,116200.0,21500.0,0.0,759,Business,640000.0,60,1330000.0,Rural,1
LN2025103898,31,Male,Single,1,Salaried,8,48000.0,0.0,0.0,613,Vehicle,120000.0,24,120000.0,Rural,0
LN2025102032,48,Male,Married,2,Salaried,27,59600.0,33400.0,26800.0,754,Home,3240000.0,120,3970000.0,Urban,0
LN2025102296,43,Male,Married,1,Salaried,12,55900.0,32700.0,0.0,731,Personal,150000.0,60,0.0,Semi-Urban,1
LN2025109333,38,Male,Unknown,0,Salaried,13,98700.0,35400.0,0.0,738,Vehicle,2670000.0,60,2730000.0,Urban,1
LN2025100314,36,Female,Married,1,Salaried,12,28200.0,0.0,0.0,647,Personal,150000.0,36,0.0,Semi-Urban,0
LN2025109593,52,Male,Married,3,Salaried,30,92900.0,104300.0,75600.0,656,Home,10950000.0,240,19170000.0,Urban,0
LN2025105484,47,Female,Married,3,SENP,21,60100.0,33900.0,0.0,806,Business,380000.0,24,560000.0,Rural,1
LN2025105531,48,Male,Married,1,SENP,26,177300.0,0.0,0.0,592,Personal,1200000.0,36,0.0,Urban,0
LN2025101848,40,Male,Married,3,Salaried,15,42600.0,0.0,6100.0,733,Personal,1200000.0,48,0.0,Urban,0
LN2025105472,25,Male,Single,0,SEP,0,154600.0,0.0,41000.0,748,Home,6610000.0,240,10740000.0,Semi-Urban,0
LN2025106538,38,Male,Married,3,Salaried,16,49400.0,18600.0,8500.0,768,Vehicle,590000.0,48,710000.0,Rural,1
LN2025105429,35,Male,Single,0,Salaried,12,42100.0,0.0,16600.0,835,Vehicle,110000.0,24,120000.0,Urban,0
LN2025109204,51,Female,Married,1,SEP,25,279400.0,32900.0,0.0,888,Business,1660000.0,48,3060000.0,Urban,1
LN2025107351,41,Female,Married,2,SEP,11,46700.0,57200.0,0.0,639,Personal,300000.0,60,0.0,Rural,0
LN2025101378,37,Female,Married,3,SEP,12,115500.0,0.0,0.0,757,Home,7470000.0,240,13140000.0,Urban,1
LN2025108494,45,Male,Married,3,SENP,20,28500.0,24700.0,0.0,738,Home,1770000.0,120,2310000.0,Rural,0
LN2025109157,44,Male,Married,3,Salaried,22,89100.0,10700.0,27600.0,782,Home,3270000.0,180,5010000.0,Semi-Urban,0
LN2025102920,37,Male,Married,3,Salaried,13,107700.0,0.0,0.0,817,Vehicle,1280000.0,60,1310000.0,Urban,1
LN2025100418,30,Male,Married,0,Salaried,7,30300.0,53100.0,36600.0,755,Home,2370000.0,240,3680000.0,Semi-Urban,0
LN2025105002,36,Male,Married,1,Salaried,13,24300.0,0.0,0.0,773,Home,1210000.0,180,1580000.0,Rural,1
LN2025102873,41,Male,Single,0,SEP,12,60000.0,0.0,2200.0,658,Personal,440000.0,48,0.0,Semi-Urban,0
LN2025100581,43,Male,Married,1,SEP,14,69700.0,0.0,5200.0,712,Business,1460000.0,84,0.0,Urban,0
LN2025107758,28,Male,Married,3,Salaried,7,43500.0,32300.0,0.0,738,Home,1670000.0,240,2310000.0,Urban,1
LN2025101803,29,Male,Married,0,Salaried,11,13200.0,87300.0,0.0,819,Home,2805000.0,240,9540000.0,Semi-Urban,1
LN2025109428,43,Male,Married,1,SEP,18,146300.0,21100.0,0.0,557,Home,3150000.0,240,3520000.0,Semi-Urban,0
LN2025103039,47,Female,Married,1,Salaried,24,33100.0,41700.0,0.0,743,Home,4310000.0,120,4840000.0,Urban,0
LN2025108972,28,Male,Single,0,Salaried,5,49200.0,0.0,0.0,818,Personal,170000.0,60,0.0,Semi-Urban,1
LN2025100036,37,Female,Married,3,Salaried,13,26000.0,0.0,0.0,741,Personal,70000.0,12,0.0,Urban,1
LN2025105784,34,Male,Married,3,Salaried,9,41600.0,0.0,12800.0,802,Personal,600000.0,48,0.0,Rural,0
LN2025108191,50,Male,Single,0,Salaried,30,143600.0,56500.0,0.0,674,Home,11790000.0,120,17860000.0,Urban,0
LN2025108974,35,Male,Married,2,SENP,7,199100.0,0.0,54900.0,727,Business,520000.0,12,1100000.0,Urban,1
LN2025108995,34,Male,Married,2,Salaried,9,24000.0,0.0,0.0,806,Personal,250000.0,48,0.0,Urban,1
LN2025105828,40,Male,Married,0,Salaried,19,101200.0,0.0,0.0,658,Personal,1170000.0,60,0.0,Semi-Urban,1
LN2025100162,57,Male,Married,2,Salaried,33,73000.0,14400.0,0.0,900,Home,4890000.0,120,6040000.0,Rural,0
LN2025104551,31,Male,Married,1,SENP,2,16500.0,0.0,0.0,691,Home,500000.0,360,1430000.0,Rural,0
LN2025106225,37,Male,Married,1,Salaried,14,54600.0,44300.0,0.0,688,Vehicle,200000.0,60,270000.0,Urban,1
LN2025106663,27,Male,Married,1,SENP,6,176200.0,0.0,0.0,753,Personal,900000.0,48,0.0,Semi-Urban,1
LN2025100877,37,Male,Married,2,Salaried,15,43400.0,10500.0,14700.0,800,Home,1330000.0,240,1760000.0,Semi-Urban,1
LN2025102637,32,Male,Single,0,Salaried,8,11400.0,0.0,0.0,729,Personal,140000.0,36,0.0,Urban,0
LN2025103868,22,Female,Single,0,SENP,2,27100.0,0.0,0.0,761,Vehicle,240000.0,60,240000.0,Semi-Urban,0
LN2025109342,45,Male,Married,1,SENP,21,127600.0,0.0,0.0,572,Vehicle,70000.0,36,70000.0,Rural,0
LN2025107628,32,Male,Single,0,Salaried,8,72200.0,34800.0,0.0,795,Home,4890000.0,240,8950000.0,Urban,1
LN2025105108,26,Male,Single,0,Salaried,6,22000.0,0.0,2300.0,817,Vehicle,140000.0,60,180000.0,Rural,1
LN2025106156,41,Male,Married,2,SENP,19,148300.0,0.0,0.0,777,Personal,370000.0,36,0.0,Urban,1
LN2025106019,38,Male,Married,0,Salaried,13,42800.0,0.0,0.0,660,Personal,350000.0,48,0.0,Urban,1
LN2025103551,32,Male,Married,2,Salaried,10,76700.0,0.0,0.0,878,Personal,810000.0,36,0.0,Semi-Urban,1
LN2025107424,40,Male,Married,2,Salaried,17,78200.0,0.0,0.0,705,Home,2120000.0,240,3970000.0,Urban,1
LN2025107865,24,Female,Single,1,SEP,0,169400.0,0.0,17000.0,-1,Business,1550000.0,24,0.0,Urban,0
LN2025106169,32,Female,Married,1,Salaried,12,38000.0,0.0,11300.0,608,Personal,410000.0,60,0.0,Rural,0
LN2025109735,37,Male,Married,1,Salaried,15,60900.0,29300.0,0.0,867,Personal,640000.0,60,0.0,Semi-Urban,1
LN2025101046,34,Male,Married,1,Salaried,9,46900.0,0.0,0.0,774,Vehicle,70000.0,24,80000.0,Urban,1
LN2025105832,51,Male,Married,1,Salaried,30,188200.0,0.0,25100.0,852,Home,4030000.0,120,10760000.0,Urban,0
LN2025108462,29,Male,Single,2,Salaried,9,57200.0,0.0,0.0,752,Personal,200000.0,48,0.0,Urban,1
LN2025100981,20,Male,Single,0,Salaried,0,59500.0,0.0,0.0,829,Business,720000.0,60,1090000.0,Urban,0
LN2025100111,48,Male,Single,0,SEP,18,105900.0,0.0,0.0,637,Business,440000.0,48,0.0,Semi-Urban,0
LN2025102925,35,Male,Married,2,Salaried,9,52000.0,0.0,14700.0,627,Personal,700000.0,48,0.0,Rural,0
LN2025100963,42,Male,Married,3,SEP,13,50700.0,23900.0,19000.0,764,Home,2730000.0,240,5270000.0,Semi-Urban,0
LN2025107095,29,Male,Married,1,SENP,10,65800.0,87300.0,0.0,685,Business,630000.0,24,1000000.0,Semi-Urban,1
LN2025108261,35,Male,Married,2,Salaried,9,129300.0,0.0,0.0,831,Personal,980000.0,36,0.0,Semi-Urban,1
LN2025102347,39,Female,Married,1,SENP,10,18900.0,0.0,2000.0,748,Business,170000.0,36,0.0,Semi-Urban,0
LN2025101483,43,Male,Married,2,SENP,17,93000.0,0.0,0.0,768,Vehicle,970000.0,60,1220000.0,Urban,1
LN2025102026,49,Female,Married,1,SEP,18,174800.0,20500.0,0.0,758,Home,5110000.0,240,7760000.0,Urban,1
LN2025106685,22,Female,Single,0,Salaried,4,10900.0,0.0,0.0,779,Personal,180000.0,36,0.0,Urban,0
LN2025108358,28,Male,Married,2,SENP,0,8000.0,0.0,2200.0,593,Vehicle,90000.0,24,100000.0,Rural,0
LN2025106736,42,Male,Married,3,Salaried,19,77200.0,50600.0,13000.0,536,Personal,350000.0,36,0.0,Urban,0
LN2025106269,55,Female,Married,1,SENP,30,91200.0,9500.0,13600.0,698,Home,3580000.0,120,4370000.0,Semi-Urban,0
LN2025106303,32,Female,Married,1,SEP,3,49300.0,64200.0,0.0,696,Business,840000.0,24,1500000.0,Semi-Urban,1
LN2025107376,26,Male,Single,1,Salaried,4,46100.0,16200.0,16500.0,662,Home,1260000.0,360,1930000.0,Rural,0
LN2025107951,28,Male,Married,3,Salaried,2,17000.0,0.0,0.0,780,Personal,50000.0,36,0.0,Rural,1
LN2025105466,61,Male,Married,3,SENP,34,115000.0,48300.0,63800.0,704,Home,6830000.0,240,9880000.0,Urban,0
LN2025105766,50,Male,Married,2,Salaried,25,164500.0,0.0,0.0,710,Personal,1380000.0,24,0.0,Urban,1
LN2025103852,43,Male,Married,1,SEP,16,67900.0,0.0,0.0,604,Home,3360000.0,180,4880000.0,Semi-Urban,0
LN2025100025,31,Male,Married,1,Salaried,8,68100.0,0.0,0.0,741,Home,1430000.0,180,2890000.0,Urban,1
LN2025101507,42,Female,Married,1,SEP,12,144300.0,0.0,0.0,768,Business,1110000.0,120,1760000.0,Urban,1
LN2025107069,31,Male,Single,0,Salaried,10,45500.0,0.0,0.0,754,Home,1560000.0,300,2420000.0,Semi-Urban,1
LN2025109190,41,Male,Married,1,Salaried,19,95500.0,0.0,23500.0,778,Vehicle,1000000.0,48,1330000.0,Urban,1
LN2025102272,42,Male,Married,1,Salaried,20,29100.0,0.0,0.0,785,Home,1360000.0,180,1780000.0,Rural,1
LN2025104514,29,Female,Married,1,Salaried,8,20000.0,0.0,2100.0,660,Personal,130000.0,60,0.0,Rural,1
LN2025109165,39,Female,Married,2,SENP,15,50200.0,17600.0,0.0,794,Business,480000.0,36,800000.0,Rural,1
LN2025101154,40,Female,Married,1,SENP,16,59200.0,0.0,0.0,691,Business,710000.0,48,0.0,Semi-Urban,1
LN2025102679,28,Male,Single,0,SENP,8,58400.0,0.0,0.0,791,Business,300000.0,60,0.0,Urban,1
LN2025101631,37,Male,Single,0,Salaried,16,52400.0,0.0,2700.0,747,Personal,130000.0,60,0.0,Rural,1
LN2025104672,39,Female,Married,1,SENP,11,34000.0,0.0,0.0,767,Business,150000.0,84,0.0,Urban,1
LN2025108945,32,Male,Married,0,SENP,12,61100.0,43800.0,32800.0,785,Home,4640000.0,300,6420000.0,Urban,0
LN2025106446,38,Female,Married,2,SEP,7,32300.0,22700.0,0.0,719,Home,2090000.0,300,2590000.0,Rural,1
LN2025101786,33,Male,Married,3,SENP,5,56700.0,33800.0,1300.0,636,Business,190000.0,36,280000.0,Semi-Urban,0
LN2025103283,30,Male,Married,3,Salaried,7,41400.0,48200.0,0.0,717,Vehicle,50000.0,36,60000.0,Urban,1
LN2025101135,29,Male,Single,0,Salaried,8,24600.0,0.0,0.0,809,Personal,110000.0,48,0.0,Rural,1
LN2025108223,30,Male,Married,0,Salaried,9,46700.0,0.0,0.0,693,Personal,80000.0,60,0.0,Urban,1
LN2025107947,36,Male,Single,1,SEP,11,93600.0,0.0,27100.0,635,Business,1030000.0,60,0.0,Semi-Urban,0
LN2025104461,33,Male,Unknown,0,Salaried,9,80000.0,68500.0,0.0,717,Personal,1040000.0,60,0.0,Urban,1
LN2025109493,40,Male,Married,3,Salaried,14,81500.0,56900.0,0.0,742,Home,7760000.0,240,9250000.0,Urban,0
LN2025100343,30,Male,Married,0,Salaried,9,24300.0,0.0,0.0,688,Home,660000.0,240,870000.0,Semi-Urban,1
LN2025104052,34,Female,Married,1,Salaried,10,42700.0,43000.0,0.0,778,Home,1830000.0,300,2770000.0,Urban,1
LN2025100420,37,Male,Married,1,Salaried,12,48200.0,19800.0,0.0,748,Personal,310000.0,60,0.0,Urban,1
LN2025102261,32,Unknown,Married,1,Salaried,8,43600.0,12100.0,9800.0,723,Home,1850000.0,300,3210000.0,Semi-Urban,0
LN2025105298,22,Male,Single,0,Salaried,0,25700.0,0.0,0.0,677,Home,500000.0,240,530000.0,Urban,0
LN2025101919,55,Female,Married,0,SENP,32,138400.0,32800.0,28500.0,700,Business,920000.0,84,1850000.0,Urban,1
LN2025105650,39,Male,Married,3,SEP,10,37700.0,0.0,0.0,677,Personal,620000.0,24,0.0,Rural,1
LN2025108021,43,Male,Married,2,SENP,15,71400.0,0.0,0.0,741,Business,800000.0,36,0.0,Semi-Urban,0
LN2025104346,46,Female,Married,0,SENP,20,52200.0,0.0,0.0,751,Home,3170000.0,180,5430000.0,Urban,0
LN2025104635,42,Male,Married,3,Salaried,17,106700.0,49400.0,0.0,-1,Home,7250000.0,180,14030000.0,Urban,1
LN2025105970,27,Male,Single,0,Salaried,2,68500.0,0.0,4100.0,690,Personal,250000.0,60,0.0,Urban,1
LN2025100214,49,Male,Married,0,SENP,27,47300.0,0.0,0.0,716,Business,310000.0,12,0.0,Urban,0
LN2025108943,37,Male,Single,0,SEP,8,287900.0,37600.0,0.0,739,Home,14510000.0,120,27210000.0,Urban,1
LN2025100448,47,Female,Married,1,Salaried,23,56500.0,20400.0,0.0,557,Home,1900000.0,120,2750000.0,Semi-Urban,0
LN2025109492,46,Female,Married,2,SENP,23,73800.0,31700.0,0.0,767,Business,1780000.0,48,0.0,Urban,1
LN2025109740,35,Female,Married,1,Salaried,12,49200.0,25100.0,21800.0,812,Personal,370000.0,36,0.0,Urban,1
LN2025106118,41,Male,Married,0,Salaried,19,122300.0,0.0,0.0,643,Personal,810000.0,36,0.0,Urban,0
LN2025106473,40,Male,Married,2,Salaried,12,56400.0,0.0,4900.0,730,Personal,340000.0,60,0.0,Urban,1
LN2025109560,37,Male,Married,2,Salaried,17,55000.0,36100.0,0.0,744,Vehicle,100000.0,24,120000.0,Semi-Urban,1
LN2025108910,42,Female,Married,1,Salaried,19,52300.0,70800.0,0.0,776,Home,3000000.0,180,4930000.0,Semi-Urban,1
LN2025109720,38,Female,Married,0,Salaried,16,41400.0,0.0,0.0,731,Personal,160000.0,60,0.0,Urban,1
LN2025104682,21,Male,Single,0,SENP,2,39300.0,0.0,0.0,-1,Business,1450000.0,12,0.0,Semi-Urban,0
LN2025103374,20,Male,Single,0,Salaried,0,57600.0,16500.0,0.0,705,Vehicle,530000.0,84,530000.0,Urban,0
LN2025101364,28,Female,Single,2,Salaried,5,23900.0,20000.0,0.0,747,Home,1170000.0,360,1610000.0,Semi-Urban,1
LN2025101650,33,Male,Married,3,Salaried,9,91500.0,0.0,0.0,776,Vehicle,1850000.0,60,1880000.0,Urban,1
LN2025102094,38,Female,Single,1,SEP,9,212900.0,38400.0,28300.0,609,Vehicle,70000.0,12,80000.0,Urban,0
LN2025102886,31,Male,Married,1,Salaried,9,30100.0,0.0,1500.0,779,Personal,90000.0,36,0.0,Rural,0
LN2025109033,37,Male,Married,2,Salaried,15,52700.0,0.0,23200.0,758,Vehicle,60000.0,12,70000.0,Semi-Urban,1
LN2025105244,33,Male,Married,1,Salaried,12,49700.0,0.0,0.0,704,Vehicle,340000.0,84,340000.0,Urban,1
LN2025104987,63,Male,Divorced,0,SENP,35,243900.0,0.0,15000.0,783,Home,6870000.0,240,11340000.0,Semi-Urban,0
LN2025100496,38,Female,Single,0,Salaried,14,23800.0,0.0,3400.0,705,Personal,250000.0,12,0.0,Rural,0
LN2025109504,20,Male,Single,0,Salaried,0,29200.0,60500.0,0.0,663,Home,2180000.0,240,3990000.0,Urban,0
LN2025102901,48,Male,Married,1,SEP,23,95400.0,0.0,10300.0,780,Business,1200000.0,48,0.0,Urban,1
LN2025102224,49,Male,Widowed,0,SENP,29,105600.0,0.0,18900.0,759,Home,6180000.0,180,8290000.0,Urban,0
LN2025104304,37,Female,Single,0,Salaried,14,43900.0,0.0,0.0,778,Personal,400000.0,36,0.0,Semi-Urban,1
LN2025105788,30,Female,Single,0,Salaried,8,30700.0,33000.0,0.0,724,Home,3210000.0,240,4730000.0,Urban,1
LN2025102527,32,Transgender,Married,3,Salaried,8,54700.0,64200.0,0.0,689,Vehicle,1080000.0,60,1120000.0,Urban,1
LN2025103592,53,Male,Married,3,SENP,17,47900.0,0.0,0.0,743,Personal,150000.0,48,0.0,Rural,1
LN2025106008,40,Male,Married,2,SENP,14,161000.0,0.0,0.0,534,Personal,1030000.0,48,0.0,Urban,0
LN2025105417,48,Male,Married,1,Salaried,26,95800.0,0.0,12300.0,696,Vehicle,720000.0,60,860000.0,Urban,1
LN2025106896,27,Male,Single,0,Salaried,5,33900.0,0.0,2700.0,710,Personal,360000.0,48,0.0,Urban,0
LN2025106036,42,Female,Married,3,Salaried,19,34400.0,0.0,4600.0,699,Personal,320000.0,36,0.0,Urban,0
LN2025108411,41,Male,Married,1,Salaried,15,33400.0,0.0,0.0,764,Vehicle,250000.0,84,320000.0,Semi-Urban,1
LN2025107206,35,Male,Married,1,Salaried,13,139500.0,0.0,0.0,725,Vehicle,900000.0,84,970000.0,Urban,1
LN2025106081,44,Female,Married,1,SEP,17,40300.0,16300.0,0.0,745,Vehicle,700000.0,60,980000.0,Semi-Urban,1
LN2025105252,39,Female,Married,3,SEP,12,227200.0,0.0,0.0,816,Business,2010000.0,24,4960000.0,Urban,1
LN2025107864,52,Male,Married,2,Salaried,30,51600.0,63800.0,0.0,758,Home,6160000.0,360,12910000.0,Urban,0
LN2025109819,34,Female,Married,3,Salaried,11,104700.0,76000.0,0.0,-1,Home,5240000.0,120,6240000.0,Urban,0
LN2025106500,28,Female,Married,2,Salaried,6,73500.0,0.0,0.0,-1,Personal,990000.0,36,0.0,Urban,0
LN2025105548,40,Male,Married,1,Salaried,16,30300.0,0.0,0.0,790,Personal,210000.0,36,0.0,Urban,1
LN2025101943,23,Male,Single,1,Salaried,0,42600.0,0.0,0.0,732,Vehicle,120000.0,24,130000.0,Urban,0
LN2025109472,32,Female,Married,2,Salaried,7,32600.0,0.0,13800.0,661,Personal,470000.0,24,0.0,Semi-Urban,0
LN2025101851,21,Male,Single,0,Salaried,0,21300.0,0.0,0.0,-1,Personal,50000.0,48,0.0,Rural,0
LN2025109539,36,Female,Married,1,Salaried,15,41000.0,0.0,0.0,756,Personal,600000.0,48,0.0,Rural,1
LN2025107097,41,Male,Married,2,Salaried,16,36800.0,22100.0,0.0,712,Home,1710000.0,120,2300000.0,Semi-Urban,1
LN2025101628,20,Female,Single,2,Salaried,0,25800.0,0.0,0.0,761,Home,810000.0,180,1360000.0,Urban,0
LN2025107342,44,Male,Married,0,Salaried,22,64200.0,0.0,0.0,694,Personal,150000.0,12,0.0,Urban,0
LN2025107412,42,Male,Married,2,Salaried,22,96400.0,0.0,0.0,678,Vehicle,980000.0,60,1050000.0,Semi-Urban,1
LN2025107282,36,Male,Married,1,Salaried,14,49100.0,39700.0,0.0,727,Personal,410000.0,60,0.0,Urban,1
LN2025106159,55,Female,Married,3,SENP,27,199200.0,0.0,62800.0,-1,Vehicle,1930000.0,60,2350000.0,Urban,0
LN2025107017,45,Female,Single,0,SEP,15,53900.0,0.0,0.0,730,Home,790000.0,240,1240000.0,Semi-Urban,1
LN2025104594,29,Male,Single,2,Salaried,6,50700.0,0.0,0.0,742,Personal,480000.0,48,0.0,Urban,1
LN2025103091,39,Male,Married,2,Salaried,18,25300.0,0.0,0.0,636,Vehicle,260000.0,36,280000.0,Rural,0
LN2025105906,28,Male,Single,0,SEP,1,105900.0,0.0,0.0,-1,Business,730000.0,12,1210000.0,Semi-Urban,0
LN2025104269,30,Male,Single,1,SENP,6,81800.0,21700.0,8500.0,799,Vehicle,1040000.0,60,1340000.0,Rural,1
LN2025104888,47,Male,Married,2,Salaried,25,121400.0,43100.0,46400.0,789,Vehicle,1160000.0,60,1370000.0,Urban,1
LN2025102974,42,Male,Married,1,Salaried,16,50300.0,55600.0,0.0,749,Personal,480000.0,60,0.0,Urban,1
LN2025100447,33,Female,Married,2,Salaried,11,66100.0,37200.0,0.0,793,Home,3350000.0,300,4760000.0,Semi-Urban,1
LN2025108758,27,Male,Married,3,SEP,0,54700.0,0.0,2900.0,824,Personal,270000.0,36,0.0,Urban,0
LN2025106527,40,Male,Married,2,Salaried,15,64300.0,0.0,0.0,799,Personal,960000.0,24,0.0,Urban,0
LN2025100498,68,Female,Married,2,SENP,47,21600.0,20600.0,0.0,660,Vehicle,600000.0,60,770000.0,Rural,0
LN2025103121,42,Male,Married,1,SEP,16,83500.0,33200.0,0.0,784,Home,3520000.0,240,3970000.0,Rural,0
LN2025103814,35,Male,Married,2,Salaried,14,26100.0,22400.0,0.0,720,Personal,180000.0,36,0.0,Rural,1
LN2025100929,28,Male,Single,1,Salaried,2,81100.0,0.0,0.0,818,Personal,680000.0,36,0.0,Urban,1
LN2025103918,42,Female,Married,3,SENP,19,76000.0,53400.0,10100.0,767,Home,5740000.0,180,9870000.0,Semi-Urban,1
LN2025104776,49,Male,Married,2,Salaried,25,157900.0,0.0,0.0,762,Home,8050000.0,360,15330000.0,Urban,0
LN2025104169,34,Male,Married,1,Salaried,13,68300.0,0.0,0.0,694,Home,2880000.0,240,4300000.0,Semi-Urban,1
LN2025108109,56,Male,Married,2,SENP,31,61900.0,43300.0,0.0,755,Vehicle,80000.0,36,100000.0,Urban,1
LN2025107079,34,Male,Married,0,SENP,12,95600.0,0.0,0.0,738,Home,3950000.0,240,5120000.0,Urban,1
LN2025102749,26,Male,Single,2,Salaried,3,24400.0,0.0,1800.0,805,Home,1040000.0,360,1890000.0,Urban,1
LN2025103859,46,Male,Married,2,SENP,26,397500.0,0.0,0.0,751,Vehicle,3620000.0,60,5100000.0,Urban,1
LN2025103421,32,Female,Single,1,SEP,1,91100.0,47400.0,0.0,-1,Home,5840000.0,240,8840000.0,Urban,0
LN2025105377,35,Male,Married,2,Salaried,11,40700.0,0.0,5100.0,789,Vehicle,430000.0,60,510000.0,Rural,1
LN2025108317,26,Female,Married,1,SENP,7,67400.0,0.0,0.0,709,Vehicle,520000.0,48,600000.0,Semi-Urban,1
LN2025108929,40,Female,Married,3,Salaried,17,48900.0,67000.0,24400.0,774,Home,3910000.0,240,5340000.0,Urban,1
LN2025100947,27,Male,Married,2,Salaried,6,79400.0,0.0,0.0,810,Personal,1170000.0,48,0.0,Urban,1
LN2025107809,30,Male,Married,2,Salaried,6,56800.0,0.0,0.0,695,Personal,450000.0,36,0.0,Rural,0
LN2025109203,28,Unknown,Married,3,Salaried,5,54500.0,45600.0,0.0,724,Home,3200000.0,180,4140000.0,Urban,0
LN2025100539,28,Male,Married,2,Salaried,3,76000.0,0.0,11700.0,746,Vehicle,640000.0,48,760000.0,Urban,1
LN2025107227,24,Male,Single,0,Salaried,0,18800.0,0.0,800.0,799,Vehicle,190000.0,36,220000.0,Rural,0
LN2025106728,36,Female,Married,2,Salaried,13,47400.0,79000.0,0.0,711,Home,6350000.0,240,8140000.0,Semi-Urban,1
LN2025100466,30,Male,Married,0,Salaried,4,27400.0,0.0,4400.0,593,Personal,290000.0,24,0.0,Urban,0
LN2025102835,30,Female,Married,0,Salaried,7,28700.0,0.0,0.0,683,Personal,190000.0,36,0.0,Urban,1
LN2025107693,41,Male,Married,2,Salaried,19,47900.0,0.0,0.0,-1,Personal,560000.0,24,0.0,Urban,0
LN2025101991,37,Male,Married,0,Salaried,17,57200.0,0.0,6600.0,811,Vehicle,630000.0,48,820000.0,Semi-Urban,1
LN2025109158,25,Male,Married,2,Salaried,5,51600.0,0.0,0.0,571,Vehicle,200000.0,60,220000.0,Semi-Urban,0
LN2025100805,30,Male,Married,2,Salaried,7,16400.0,0.0,0.0,739,Personal,130000.0,36,0.0,Urban,0
LN2025104816,27,Male,Single,0,Salaried,5,25800.0,0.0,0.0,795,Home,930000.0,300,1240000.0,Semi-Urban,1
LN2025106776,30,Male,Married,0,Salaried,7,31300.0,21700.0,0.0,711,Home,1580000.0,240,2350000.0,Urban,1
LN2025107281,43,Male,Married,0,Salaried,18,155500.0,0.0,40700.0,496,Personal,1000000.0,12,0.0,Urban,0
LN2025102572,45,Female,Married,0,SENP,18,38200.0,0.0,0.0,-1,Vehicle,420000.0,48,430000.0,Semi-Urban,0
LN2025101406,34,Unknown,Single,0,SEP,5,42700.0,0.0,0.0,818,Home,1190000.0,300,1390000.0,Rural,1
LN2025106353,45,Male,Married,2,Salaried,20,156100.0,17900.0,11500.0,728,Home,6220000.0,300,9070000.0,Urban,0
LN2025106806,51,Male,Married,3,Salaried,30,64200.0,0.0,0.0,713,Personal,790000.0,48,0.0,Semi-Urban,0
LN2025103472,50,Male,Single,0,SENP,25,151500.0,0.0,0.0,724,Business,660000.0,48,0.0,Semi-Urban,1
LN2025105215,31,Male,Single,1,SEP,1,162400.0,0.0,0.0,757,Home,3180000.0,300,4420000.0,Semi-Urban,0
LN2025102168,32,Female,Married,2,SEP,1,49600.0,38600.0,0.0,782,Business,680000.0,36,0.0,Semi-Urban,0
LN2025105819,37,Male,Married,2,Salaried,13,43300.0,33600.0,11000.0,788,Personal,510000.0,60,0.0,Urban,1
LN2025105883,55,Male,Married,1,SENP,29,90700.0,17600.0,9100.0,708,Business,650000.0,60,1470000.0,Rural,1
LN2025108742,49,Male,Married,3,Salaried,26,140600.0,0.0,22700.0,716,Vehicle,1730000.0,60,2460000.0,Urban,1
LN2025100407,27,Female,Single,0,Salaried,2,43100.0,0.0,0.0,651,Vehicle,320000.0,60,330000.0,Urban,0
LN2025107350,26,Female,Single,1,Salaried,4,19900.0,0.0,5100.0,745,Personal,170000.0,60,0.0,Urban,0
LN2025109772,45,Female,Married,1,SENP,24,87100.0,0.0,0.0,764,Personal,480000.0,24,0.0,Urban,1
LN2025102999,43,Male,Married,1,SENP,17,74500.0,0.0,10200.0,623,Vehicle,630000.0,48,690000.0,Urban,0
LN2025101825,46,Male,Married,3,SENP,19,59100.0,81300.0,14500.0,755,Home,6020000.0,180,9710000.0,Semi-Urban,1
LN2025106143,21,Male,Single,0,Salaried,0,55100.0,0.0,0.0,780,Vehicle,90000.0,36,100000.0,Semi-Urban,0
LN2025105035,21,Transgender,Single,0,SENP,0,14000.0,0.0,0.0,748,Business,160000.0,60,410000.0,Semi-Urban,0
LN2025109665,43,Male,Married,2,SENP,16,38200.0,0.0,8100.0,746,Vehicle,370000.0,36,440000.0,Urban,0
LN2025105566,37,Male,Married,3,SEP,10,71400.0,0.0,8600.0,755,Business,1670000.0,48,0.0,Urban,0
LN2025100166,22,Male,Single,1,Salaried,0,69900.0,0.0,2800.0,739,Personal,840000.0,36,0.0,Urban,0
LN2025107706,47,Female,Married,1,SENP,22,65700.0,0.0,0.0,841,Vehicle,400000.0,48,430000.0,Urban,1
LN2025103939,38,Male,Married,3,Salaried,17,56000.0,28900.0,15000.0,682,Vehicle,710000.0,60,920000.0,Semi-Urban,1
LN2025100361,33,Unknown,Married,0,Salaried,8,38700.0,0.0,3600.0,732,Personal,300000.0,60,0.0,Semi-Urban,0
LN2025101799,46,Male,Married,1,Salaried,25,60000.0,0.0,0.0,807,Personal,250000.0,48,0.0,Urban,1
LN2025102681,50,Male,Married,1,SENP,27,115300.0,0.0,7300.0,-1,Personal,540000.0,36,0.0,Urban,0
LN2025108329,39,Male,Single,0,SENP,12,74800.0,0.0,0.0,755,Business,650000.0,12,0.0,Semi-Urban,0
LN2025101468,39,Male,Married,2,Salaried,16,91700.0,66300.0,0.0,765,Personal,960000.0,36,0.0,Semi-Urban,1
LN2025108516,34,Male,Married,2,Salaried,11,58500.0,0.0,0.0,720,Vehicle,650000.0,60,720000.0,Urban,1
LN2025101216,43,Male,Married,2,Salaried,22,64800.0,28100.0,0.0,697,Personal,800000.0,36,0.0,Semi-Urban,1
LN2025100844,30,Male,Single,0,Salaried,10,47000.0,0.0,0.0,-1,Personal,150000.0,60,0.0,Urban,1
LN2025107057,29,Male,Married,2,Salaried,11,43200.0,31500.0,0.0,734,Home,1750000.0,120,3910000.0,Urban,1
LN2025107668,55,Male,Married,3,SENP,17,57500.0,0.0,2100.0,726,Business,170000.0,48,300000.0,Semi-Urban,1
LN2025109444,27,Female,Married,1,SENP,0,28800.0,0.0,0.0,739,Home,850000.0,360,1000000.0,Urban,0
LN2025106784,44,Male,Married,1,Salaried,21,44000.0,0.0,14200.0,664,Personal,400000.0,36,0.0,Semi-Urban,0
LN2025108612,31,Male,Single,0,Salaried,9,73400.0,0.0,0.0,738,Home,2520000.0,240,2980000.0,Semi-Urban,1
LN2025103267,37,Female,Married,2,SEP,9,131500.0,0.0,0.0,731,Personal,560000.0,36,0.0,Semi-Urban,1
LN2025107822,32,Male,Married,3,Salaried,7,18900.0,9200.0,7000.0,642,Personal,100000.0,24,0.0,Semi-Urban,0
LN2025105747,23,Male,Married,1,Salaried,0,47400.0,0.0,0.0,733,Personal,760000.0,36,0.0,Semi-Urban,0
LN2025108431,35,Male,Married,1,Salaried,15,89200.0,0.0,0.0,819,Personal,380000.0,36,0.0,Urban,1
LN2025108671,46,Male,Married,3,SENP,25,23500.0,0.0,0.0,-1,Vehicle,420000.0,48,550000.0,Urban,0
LN2025104096,43,Male,Married,2,SENP,19,55500.0,11900.0,15500.0,575,Business,1040000.0,60,0.0,Rural,0
LN2025108792,40,Male,Married,3,Salaried,16,174500.0,0.0,0.0,768,Vehicle,2020000.0,48,2260000.0,Urban,1
LN2025105980,33,Female,Married,2,SEP,7,145000.0,0.0,0.0,708,Business,1320000.0,60,2210000.0,Urban,1
LN2025107612,31,Female,Married,1,Salaried,7,79800.0,0.0,0.0,730,Personal,250000.0,48,0.0,Urban,1
LN2025105216,26,Male,Married,2,Salaried,4,56400.0,0.0,24100.0,626,Vehicle,460000.0,60,550000.0,Urban,0
LN2025101518,44,Male,Married,2,Salaried,20,130900.0,20800.0,35200.0,632,Home,4320000.0,180,6610000.0,Urban,0
LN2025102995,34,Male,Married,1,SEP,8,126500.0,0.0,36400.0,-1,Personal,750000.0,48,0.0,Urban,0
LN2025105503,27,Male,Single,1,Salaried,6,42500.0,0.0,0.0,715,Home,1680000.0,300,2150000.0,Urban,1
LN2025106614,36,Male,Married,2,Salaried,11,53500.0,0.0,0.0,674,Home,1460000.0,240,2010000.0,Urban,1
LN2025109755,26,Male,Single,0,SENP,5,44700.0,0.0,0.0,784,Home,1760000.0,240,2170000.0,Urban,1
LN2025101528,43,Male,Married,1,Salaried,21,51000.0,0.0,0.0,630,Personal,460000.0,24,0.0,Urban,0
LN2025109716,42,Male,Married,1,Salaried,20,118100.0,38800.0,20100.0,847,Home,3450000.0,180,5740000.0,Urban,1
LN2025103595,26,Male,Single,0,Salaried,4,24500.0,0.0,4300.0,797,Personal,200000.0,48,0.0,Rural,1
LN2025102426,41,Female,Married,1,SEP,15,133200.0,0.0,0.0,768,Vehicle,2190000.0,60,2440000.0,Urban,1
LN2025102689,34,Female,Married,1,Salaried,10,28400.0,0.0,500.0,-1,Vehicle,790000.0,60,1040000.0,Rural,0
LN2025102247,40,Male,Married,1,Salaried,19,60600.0,19100.0,0.0,778,Home,1420000.0,240,1680000.0,Semi-Urban,1
LN2025104600,36,Female,Married,3,Salaried,14,42900.0,0.0,10300.0,869,Personal,180000.0,60,0.0,Urban,1
LN2025101095,45,Male,Married,0,SENP,22,28900.0,0.0,0.0,730,Vehicle,60000.0,24,80000.0,Urban,1
LN2025109302,53,Male,Married,1,SENP,29,97600.0,0.0,0.0,-1,Vehicle,1110000.0,84,1150000.0,Urban,1
LN2025100610,48,Female,Married,3,SENP,27,140300.0,89000.0,0.0,603,Home,5280000.0,180,9000000.0,Urban,0
LN2025102807,38,Female,Married,2,SEP,10,42600.0,0.0,4000.0,741,Business,720000.0,24,0.0,Rural,0
LN2025101337,44,Male,Married,3,SENP,25,30900.0,31600.0,13800.0,770,Home,1930000.0,240,2010000.0,Semi-Urban,0
LN2025101551,45,Male,Divorced,1,Salaried,23,76000.0,0.0,14800.0,900,Personal,210000.0,60,0.0,Urban,1
LN2025103248,34,Female,Single,0,Salaried,12,49900.0,0.0,0.0,680,Vehicle,670000.0,48,870000.0,Urban,0
LN2025105401,41,Female,Unknown,3,SENP,18,77700.0,0.0,2000.0,754,Vehicle,700000.0,60,830000.0,Rural,1
LN2025103385,42,Male,Married,1,Salaried,17,62000.0,0.0,4000.0,827,Personal,330000.0,60,0.0,Semi-Urban,1
LN2025108925,39,Male,Married,3,SEP,13,71200.0,0.0,17100.0,781,Vehicle,1010000.0,36,1060000.0,Urban,0
LN2025104486,31,Male,Single,0,Salaried,6,78000.0,0.0,0.0,741,Personal,720000.0,36,0.0,Urban,1
LN2025104172,38,Male,Married,1,SENP,10,47600.0,0.0,0.0,693,Personal,180000.0,60,0.0,Rural,1
LN2025104043,36,Male,Married,2,SEP,9,65200.0,0.0,0.0,744,Home,1820000.0,240,3060000.0,Rural,1
LN2025100735,31,Male,Married,2,SENP,11,70100.0,0.0,0.0,761,Business,410000.0,12,600000.0,Urban,1
LN2025102493,24,Male,Single,0,Salaried,0,31700.0,0.0,0.0,722,Personal,250000.0,48,0.0,Semi-Urban,0
LN2025104058,48,Male,Married,3,SENP,22,194300.0,0.0,55300.0,736,Business,3130000.0,60,4360000.0,Urban,0
LN2025103431,52,Male,Married,2,SENP,25,45300.0,0.0,0.0,673,Business,110000.0,36,0.0,Urban,1
LN2025105333,29,Male,Married,2,Salaried,4,66000.0,45500.0,0.0,787,Home,3130000.0,300,5540000.0,Urban,1
LN2025108922,29,Female,Married,1,Salaried,4,21300.0,75800.0,0.0,781,Home,3400000.0,240,4550000.0,Urban,1
LN2025107314,23,Male,Single,0,Salaried,1,60700.0,0.0,10200.0,777,Personal,300000.0,60,0.0,Urban,1
LN2025104531,46,Male,Married,2,SENP,22,19800.0,0.0,0.0,730,Business,140000.0,36,200000.0,Rural,0
LN2025101282,37,Male,Married,1,Salaried,13,103500.0,0.0,0.0,716,Personal,1380000.0,12,0.0,Urban,0
LN2025101100,35,Female,Married,3,Salaried,12,34600.0,22800.0,11800.0,825,Home,1490000.0,300,2220000.0,Semi-Urban,1
LN2025106639,43,Female,Married,2,Salaried,20,182100.0,14300.0,6000.0,893,Home,6750000.0,180,13180000.0,Urban,1
LN2025107003,39,Male,Married,1,Salaried,16,45400.0,0.0,7200.0,741,Personal,180000.0,48,0.0,Urban,1
LN2025100306,21,Male,Single,0,SENP,1,31000.0,0.0,0.0,776,Vehicle,120000.0,12,160000.0,Semi-Urban,0
LN2025105263,45,Female,Married,1,Salaried,23,48100.0,14600.0,0.0,788,Personal,190000.0,12,0.0,Rural,1
LN2025109522,38,Male,Married,2,Salaried,14,64000.0,34200.0,0.0,705,Home,2980000.0,240,5190000.0,Urban,1
LN2025100964,28,Male,Single,3,SENP,8,332400.0,0.0,0.0,746,Business,8320000.0,120,15480000.0,Urban,1
LN2025104232,40,Female,Married,2,SEP,10,52900.0,0.0,0.0,521,Business,590000.0,60,0.0,Rural,0
LN2025105660,44,Female,Married,2,Salaried,22,122200.0,0.0,0.0,793,Home,4810000.0,180,7160000.0,Semi-Urban,1
LN2025103645,36,Male,Married,0,Salaried,12,78300.0,0.0,11300.0,769,Home,2530000.0,240,4680000.0,Urban,1
LN2025103073,43,Male,Married,1,Salaried,20,57500.0,0.0,20400.0,725,Personal,190000.0,36,0.0,Rural,1
LN2025109662,20,Female,Single,1,Salaried,0,25500.0,0.0,0.0,-1,Vehicle,150000.0,36,180000.0,Semi-Urban,0
LN2025100866,24,Female,Single,1,SEP,0,84900.0,0.0,0.0,768,Home,1950000.0,300,4050000.0,Semi-Urban,0
LN2025102705,41,Female,Married,1,SEP,12,102100.0,0.0,0.0,779,Home,4590000.0,240,6280000.0,Semi-Urban,1
LN2025105666,41,Male,Married,2,Salaried,18,33900.0,13800.0,5200.0,754,Personal,540000.0,24,0.0,Semi-Urban,0
LN2025106474,39,Male,Married,2,Salaried,17,38600.0,0.0,10900.0,697,Business,310000.0,60,760000.0,Semi-Urban,0
LN2025105792,34,Male,Married,1,Salaried,8,26600.0,0.0,0.0,647,Vehicle,260000.0,36,350000.0,Rural,0
LN2025108518,41,Male,Married,1,SENP,13,156200.0,24100.0,32100.0,793,Business,1730000.0,60,3840000.0,Urban,1
LN2025108328,28,Female,Single,1,Salaried,3,17200.0,72300.0,0.0,835,Home,4760000.0,180,6520000.0,Urban,1
LN2025103056,38,Female,Married,3,Salaried,16,25400.0,0.0,0.0,727,Vehicle,170000.0,36,190000.0,Semi-Urban,1
LN2025101838,31,Male,Married,2,Salaried,9,47500.0,68600.0,0.0,799,Personal,310000.0,36,0.0,Urban,1
LN2025106985,42,Female,Married,2,SEP,14,199400.0,0.0,0.0,749,Home,7930000.0,240,14890000.0,Semi-Urban,1
LN2025100917,31,Female,Single,0,Salaried,11,28800.0,58600.0,18200.0,702,Home,2780000.0,240,4030000.0,Urban,1
LN2025105950,42,Female,Married,0,SEP,13,188700.0,0.0,6500.0,817,Business,2870000.0,36,0.0,Urban,1
LN2025103518,51,Female,Married,3,SEP,21,447900.0,21000.0,0.0,839,Personal,3690000.0,60,0.0,Urban,1
LN2025109680,32,Male,Married,2,Salaried,10,46500.0,0.0,6900.0,611,Personal,170000.0,24,0.0,Semi-Urban,0
LN2025108123,46,Male,Married,0,SENP,17,61900.0,0.0,6500.0,810,Business,510000.0,36,0.0,Urban,1
LN2025100437,26,Male,Single,0,Salaried,5,67600.0,0.0,0.0,823,Personal,610000.0,60,0.0,Urban,1
LN2025102672,38,Male,Married,3,SENP,10,104400.0,0.0,64600.0,634,Business,1210000.0,36,1920000.0,Urban,0
LN2025102802,39,Male,Married,0,Salaried,12,62000.0,51400.0,14900.0,762,Vehicle,2970000.0,48,3740000.0,Urban,0
LN2025106646,38,Male,Married,2,Salaried,15,56400.0,14400.0,0.0,768,Personal,420000.0,60,0.0,Urban,1
LN2025105274,49,Male,Married,1,SEP,23,203800.0,81300.0,60300.0,720,Vehicle,3590000.0,48,4670000.0,Urban,0
LN2025100547,30,Unknown,Married,2,Salaried,9,54700.0,0.0,0.0,685,Personal,430000.0,36,0.0,Urban,1
LN2025101982,58,Male,Married,3,SEP,30,236100.0,0.0,0.0,716,Business,1610000.0,60,3120000.0,Urban,1
LN2025106366,30,Male,Single,1,Salaried,9,16700.0,0.0,0.0,650,Home,500000.0,120,590000.0,Semi-Urban,0
LN2025100146,51,Female,Married,2,Salaried,27,133600.0,0.0,0.0,870,Vehicle,630000.0,60,800000.0,Urban,1
LN2025106429,47,Male,Married,1,SEP,19,132400.0,0.0,0.0,671,Home,4700000.0,180,7730000.0,Semi-Urban,1
LN2025101617,42,Female,Married,3,Salaried,18,16900.0,0.0,0.0,748,Home,780000.0,120,1570000.0,Rural,0
LN2025101677,40,Male,Married,3,Salaried,17,39200.0,0.0,0.0,739,Vehicle,400000.0,60,480000.0,Semi-Urban,1
LN2025105345,41,Male,Married,2,SENP,17,145900.0,0.0,0.0,-1,Business,1290000.0,48,0.0,Rural,0
LN2025108482,34,Female,Unknown,3,SENP,6,61000.0,27900.0,0.0,863,Business,460000.0,48,0.0,Semi-Urban,1
LN2025101116,47,Female,Married,3,Salaried,26,54500.0,5400.0,0.0,708,Personal,410000.0,24,0.0,Rural,1
LN2025101861,57,Male,Married,0,SENP,28,178200.0,0.0,0.0,773,Business,2100000.0,60,0.0,Urban,1
LN2025101286,42,Male,Married,2,Salaried,18,50700.0,0.0,9100.0,611,Personal,220000.0,36,0.0,Urban,0
LN2025109032,45,Male,Married,2,Salaried,20,85800.0,71300.0,0.0,732,Home,2470000.0,180,3370000.0,Urban,1
LN2025100052,33,Male,Married,3,SENP,8,34200.0,0.0,0.0,559,Business,220000.0,12,0.0,Urban,0
LN2025108287,29,Male,Married,2,Salaried,4,99500.0,0.0,0.0,668,Personal,850000.0,36,0.0,Urban,0
LN2025105303,34,Male,Married,1,Salaried,9,24300.0,36600.0,0.0,642,Home,2270000.0,180,2590000.0,Rural,0
LN2025103696,33,Male,Married,1,Salaried,10,53700.0,46200.0,0.0,767,Vehicle,1340000.0,60,1830000.0,Urban,0
LN2025101897,38,Male,Married,1,Salaried,13,71000.0,57800.0,0.0,824,Home,9850000.0,120,16350000.0,Urban,0
LN2025108520,33,Female,Married,3,Salaried,10,49800.0,0.0,0.0,793,Personal,320000.0,60,0.0,Urban,1
LN2025106851,47,Male,Married,3,SENP,19,159500.0,45800.0,61800.0,755,Vehicle,100000.0,24,130000.0,Semi-Urban,1
LN2025100552,22,Female,Single,0,Salaried,0,15400.0,0.0,1400.0,702,Home,590000.0,180,1140000.0,Semi-Urban,0
LN2025107148,25,Female,Single,0,Salaried,1,18100.0,0.0,0.0,702,Home,780000.0,180,970000.0,Rural,0
LN2025106248,22,Male,Single,2,Salaried,0,34400.0,0.0,0.0,630,Business,290000.0,60,0.0,Semi-Urban,0
LN2025102547,33,Male,Married,3,Salaried,10,65500.0,42100.0,0.0,811,Home,4010000.0,240,4970000.0,Urban,0
LN2025109371,31,Male,Married,2,Salaried,9,55600.0,0.0,15800.0,668,Home,2580000.0,180,3760000.0,Rural,0
LN2025108800,31,Male,Married,2,SENP,1,14700.0,16200.0,3800.0,779,Business,120000.0,48,0.0,Rural,0
LN2025104470,33,Male,Married,0,Salaried,11,21100.0,0.0,0.0,695,Personal,70000.0,24,0.0,Rural,1
LN2025100325,56,Male,Married,3,SEP,29,157700.0,0.0,0.0,732,Business,1300000.0,36,0.0,Urban,1
LN2025107696,30,Male,Married,0,SENP,5,87700.0,28400.0,0.0,714,Home,5370000.0,240,13160000.0,Semi-Urban,0
LN2025100662,20,Male,Single,0,Salaried,0,58600.0,0.0,0.0,747,Personal,950000.0,48,0.0,Urban,0
LN2025106113,32,Male,Married,1,Salaried,8,44400.0,0.0,0.0,694,Personal,190000.0,36,0.0,Urban,0
LN2025103958,34,Male,Married,2,Salaried,11,18100.0,0.0,0.0,773,Personal,440000.0,36,0.0,Rural,0
LN2025102900,28,Male,Married,1,Salaried,5,34400.0,0.0,7300.0,771,Vehicle,70000.0,24,80000.0,Semi-Urban,1
LN2025107457,43,Male,Married,3,Salaried,21,57900.0,59200.0,0.0,821,Home,3730000.0,180,5510000.0,Semi-Urban,1
LN2025102639,36,Male,Married,0,Salaried,16,40200.0,0.0,0.0,738,Home,1240000.0,240,1470000.0,Urban,1
LN2025104376,48,Female,Single,0,SENP,23,78700.0,0.0,11100.0,692,Business,680000.0,120,0.0,Urban,1
LN2025107197,30,Male,Single,0,SENP,4,51900.0,0.0,0.0,695,Business,1190000.0,12,0.0,Urban,0
LN2025103780,32,Male,Married,2,Salaried,6,33000.0,0.0,0.0,746,Personal,190000.0,60,0.0,Urban,1
LN2025107300,41,Male,Married,2,SEP,12,117200.0,22300.0,0.0,-1,Business,890000.0,84,0.0,Urban,1
LN2025108710,48,Male,Married,1,SENP,27,97200.0,28300.0,0.0,735,Home,6110000.0,180,8550000.0,Semi-Urban,1
LN2025106712,29,Female,Married,3,Salaried,7,34600.0,0.0,0.0,807,Personal,140000.0,60,0.0,Rural,1
LN2025103826,43,Female,Married,3,SEP,14,77300.0,0.0,2800.0,755,Personal,340000.0,36,0.0,Semi-Urban,1
LN2025104292,28,Female,Married,1,SEP,2,28600.0,0.0,0.0,696,Vehicle,170000.0,60,210000.0,Rural,0
LN2025108623,46,Male,Married,1,SENP,24,222000.0,14100.0,0.0,757,Vehicle,2750000.0,60,3500000.0,Rural,1
LN2025100350,34,Female,Single,0,Salaried,12,120100.0,51400.0,13900.0,737,Home,10960000.0,240,13110000.0,Urban,0
LN2025107975,40,Male,Married,0,Salaried,18,121100.0,218000.0,0.0,796,Home,10630000.0,240,14650000.0,Urban,1
LN2025102646,35,Male,Married,2,Salaried,15,60300.0,39500.0,23400.0,701,Home,3610000.0,240,6240000.0,Semi-Urban,1
LN2025104108,38,Male,Married,0,SENP,15,106100.0,47000.0,0.0,664,Personal,2480000.0,48,0.0,Semi-Urban,0
LN2025102108,39,Female,Married,0,SENP,17,168200.0,26400.0,0.0,737,Vehicle,420000.0,60,2890000.0,Urban,1
LN2025106961,34,Male,Married,3,Salaried,14,34000.0,0.0,0.0,745,Personal,160000.0,60,0.0,Semi-Urban,1
LN2025101684,36,Female,Single,1,Salaried,14,26300.0,0.0,2300.0,800,Personal,80000.0,60,0.0,Rural,1
LN2025107936,46,Female,Married,2,SEP,17,115600.0,0.0,0.0,610,Personal,900000.0,60,0.0,Semi-Urban,0
LN2025106942,30,Female,Married,1,SENP,10,26900.0,22200.0,0.0,752,Business,170000.0,24,300000.0,Rural,1
LN2025102176,30,Male,Single,0,SENP,1,45700.0,0.0,0.0,763,Business,350000.0,36,520000.0,Semi-Urban,0
LN2025101464,36,Male,Married,2,SENP,10,16000.0,0.0,0.0,722,Vehicle,120000.0,60,150000.0,Rural,1
LN2025106606,48,Male,Married,0,Salaried,24,54000.0,0.0,0.0,704,Personal,100000.0,36,0.0,Rural,1
LN2025100635,47,Male,Married,3,Salaried,23,45600.0,23100.0,0.0,765,Home,4830000.0,120,8890000.0,Rural,0
LN2025101265,40,Male,Single,0,Salaried,19,36200.0,0.0,0.0,-1,Vehicle,90000.0,36,100000.0,Rural,1
LN2025107845,35,Male,Unknown,2,SEP,8,75000.0,0.0,0.0,721,Business,340000.0,60,780000.0,Semi-Urban,1
LN2025102582,44,Male,Married,3,Salaried,24,102700.0,0.0,18800.0,701,Personal,1230000.0,36,0.0,Rural,1
LN2025107873,41,Male,Married,1,Salaried,18,91600.0,25500.0,29000.0,713,Vehicle,1990000.0,84,2390000.0,Rural,1
LN2025104608,31,Male,Married,0,Salaried,8,32000.0,0.0,0.0,796,Personal,90000.0,60,0.0,Rural,1
LN2025106386,42,Male,Married,3,Salaried,20,66700.0,36900.0,28400.0,718,Home,6590000.0,180,9250000.0,Semi-Urban,0
LN2025105893,58,Female,Married,0,SENP,30,171800.0,37300.0,0.0,739,Personal,2420000.0,36,0.0,Urban,0
LN2025101577,25,Male,Single,0,Salaried,1,26200.0,0.0,0.0,656,Vehicle,110000.0,12,130000.0,Semi-Urban,0
LN2025106292,35,Male,Married,2,Salaried,11,40300.0,0.0,0.0,703,Personal,200000.0,12,0.0,Rural,0
LN2025105010,20,Male,Single,0,Salaried,0,13500.0,0.0,900.0,766,Personal,350000.0,36,0.0,Semi-Urban,0
LN2025100782,37,Male,Married,1,SENP,14,205000.0,0.0,0.0,831,Home,5300000.0,240,6880000.0,Urban,1
LN2025100107,28,Male,Single,0,Salaried,2,34500.0,0.0,0.0,-1,Vehicle,70000.0,24,100000.0,Rural,1
LN2025109684,45,Male,Married,3,Salaried,22,71200.0,0.0,0.0,746,Personal,1210000.0,36,0.0,Semi-Urban,1
LN2025107874,28,Male,Single,0,Salaried,3,27200.0,0.0,600.0,880,Personal,180000.0,48,0.0,Semi-Urban,1
LN2025105520,36,Female,Married,0,Salaried,15,38400.0,0.0,0.0,748,Business,100000.0,24,0.0,Rural,1
LN2025108343,34,Male,Single,0,SENP,10,50350.0,0.0,25100.0,660,Business,560000.0,60,0.0,Rural,0
LN2025100026,39,Male,Married,1,Salaried,16,33000.0,42400.0,0.0,818,Personal,250000.0,60,0.0,Urban,1
LN2025108726,49,Male,Married,2,Salaried,25,92500.0,28000.0,20700.0,695,Home,2930000.0,120,4900000.0,Urban,1
LN2025108542,27,Male,Married,1,SENP,6,20800.0,0.0,0.0,674,Personal,50000.0,48,0.0,Rural,0
LN2025100997,51,Male,Married,1,Salaried,26,83100.0,29600.0,0.0,704,Personal,800000.0,60,0.0,Urban,1
LN2025109734,35,Male,Married,1,Salaried,10,48500.0,0.0,0.0,724,Personal,340000.0,36,0.0,Semi-Urban,1
LN2025104408,28,Male,Single,3,SENP,8,52900.0,0.0,0.0,734,Personal,450000.0,36,0.0,Urban,0
LN2025108065,38,Female,Single,1,Salaried,14,41600.0,0.0,0.0,708,Personal,220000.0,36,0.0,Urban,1
LN2025102899,26,Female,Married,2,Salaried,5,89800.0,26000.0,10000.0,773,Home,4470000.0,240,6590000.0,Semi-Urban,1
LN2025105861,36,Female,Married,2,Salaried,16,76000.0,0.0,0.0,760,Business,1020000.0,24,0.0,Semi-Urban,0
LN2025104849,31,Male,Married,1,SENP,12,82900.0,38700.0,0.0,695,Business,1190000.0,48,0.0,Urban,1
LN2025103737,48,Male,Married,3,Salaried,26,188600.0,0.0,41300.0,630,Vehicle,2590000.0,60,3450000.0,Urban,0
LN2025108501,24,Female,Single,2,Salaried,2,52100.0,0.0,6700.0,792,Personal,290000.0,48,0.0,Urban,1
LN2025101651,47,Male,Married,1,Salaried,22,51400.0,0.0,0.0,750,Personal,450000.0,60,0.0,Urban,1
LN2025102858,31,Male,Married,1,Salaried,7,43100.0,150500.0,0.0,745,Home,6030000.0,300,12790000.0,Urban,1
LN2025109208,54,Female,Married,2,SENP,33,27600.0,0.0,9700.0,631,Vehicle,310000.0,48,380000.0,Rural,0
LN2025100308,44,Female,Widowed,0,Salaried,22,53400.0,0.0,5500.0,723,Personal,240000.0,24,0.0,Urban,1
LN2025102610,37,Female,Married,3,Salaried,16,22700.0,0.0,6600.0,-1,Personal,110000.0,48,0.0,Urban,0
LN2025104683,37,Male,Married,1,Salaried,17,44000.0,0.0,0.0,779,Personal,770000.0,36,0.0,Semi-Urban,1
LN2025104092,30,Female,Married,0,SEP,3,167300.0,0.0,0.0,650,Home,5960000.0,180,8580000.0,Rural,1
LN2025105128,40,Male,Married,0,Salaried,18,39100.0,19700.0,0.0,669,Personal,850000.0,60,0.0,Semi-Urban,1
LN2025102479,32,Male,Married,0,Salaried,7,79800.0,0.0,0.0,772,Home,4350000.0,180,6470000.0,Semi-Urban,0
LN2025109336,49,Female,Divorced,0,SEP,23,148400.0,0.0,41100.0,698,Home,4370000.0,180,6340000.0,Rural,1
LN2025101307,54,Male,Married,2,SENP,33,194800.0,0.0,0.0,780,Personal,4000000.0,36,0.0,Urban,0
LN2025103731,31,Male,Single,0,Salaried,9,34200.0,20000.0,0.0,783,Home,1800000.0,240,2120000.0,Semi-Urban,1
LN2025103114,42,Male,Married,2,Salaried,16,89800.0,41700.0,10500.0,726,Personal,890000.0,24,0.0,Semi-Urban,1
LN2025103250,42,Transgender,Married,0,Salaried,19,53900.0,38300.0,0.0,765,Home,5120000.0,180,6520000.0,Rural,1
LN2025101333,45,Male,Married,1,Salaried,20,96000.0,0.0,0.0,-1,Vehicle,120000.0,24,150000.0,Urban,1
LN2025104378,46,Male,Married,3,Salaried,22,139200.0,23400.0,0.0,820,Personal,1050000.0,36,0.0,Semi-Urban,1
LN2025104049,60,Male,Married,3,SENP,39,177600.0,0.0,0.0,710,Vehicle,2010000.0,60,2840000.0,Urban,1
LN2025106134,41,Male,Married,2,SENP,11,78300.0,0.0,16300.0,650,Personal,550000.0,36,0.0,Urban,0
LN2025103126,29,Female,Married,0,Salaried,5,9600.0,0.0,1900.0,-1,Personal,100000.0,48,0.0,Rural,0
LN2025107917,47,Male,Married,3,Salaried,23,78200.0,0.0,0.0,756,Personal,760000.0,60,0.0,Rural,1
LN2025104387,33,Male,Married,2,Salaried,9,30000.0,0.0,0.0,-1,Vehicle,170000.0,48,220000.0,Urban,1
LN2025101441,47,Male,Married,3,SENP,23,328900.0,0.0,0.0,693,Vehicle,70000.0,12,90000.0,Urban,1
LN2025106030,47,Male,Married,3,SENP,24,69300.0,21500.0,0.0,744,Business,960000.0,36,1550000.0,Rural,1
LN2025102234,21,Female,Single,0,Salaried,0,12800.0,15000.0,0.0,694,Business,190000.0,24,0.0,Semi-Urban,0
LN2025102913,33,Female,Married,1,Salaried,11,35200.0,48800.0,2500.0,674,Home,3030000.0,240,3930000.0,Urban,0
LN2025104705,48,Male,Married,1,Salaried,24,62900.0,0.0,1200.0,788,Personal,310000.0,48,0.0,Urban,1
LN2025105490,40,Male,Married,1,SENP,20,110300.0,25700.0,1200.0,869,Vehicle,990000.0,48,1110000.0,Urban,1
LN2025104656,36,Female,Married,3,Salaried,11,26500.0,98200.0,0.0,783,Home,4330000.0,120,9470000.0,Semi-Urban,0
LN2025102128,43,Female,Divorced,0,Salaried,19,131800.0,0.0,11100.0,781,Personal,970000.0,36,0.0,Urban,1
LN2025106184,27,Male,Married,2,Salaried,2,24200.0,38500.0,23500.0,701,Home,1430000.0,180,1730000.0,Semi-Urban,0
LN2025103488,39,Male,Married,2,Salaried,18,66000.0,35100.0,31800.0,647,Home,2620000.0,240,4130000.0,Urban,0
LN2025100649,29,Male,Single,1,Salaried,4,60700.0,0.0,0.0,807,Vehicle,790000.0,84,1000000.0,Urban,1
LN2025100380,36,Male,Married,1,SEP,8,113600.0,0.0,0.0,739,Vehicle,1770000.0,84,1770000.0,Urban,1
LN2025109118,45,Male,Married,3,Salaried,23,169400.0,0.0,0.0,683,Personal,1140000.0,24,0.0,Semi-Urban,1
LN2025100920,31,Male,Married,2,Salaried,6,40900.0,0.0,0.0,748,Personal,280000.0,60,0.0,Rural,1
LN2025102955,41,Female,Married,3,Salaried,16,57500.0,64000.0,8800.0,845,Business,550000.0,24,0.0,Urban,1
LN2025108337,50,Male,Married,2,Salaried,30,136000.0,37000.0,42100.0,726,Vehicle,3040000.0,60,3660000.0,Urban,1
LN2025102790,35,Male,Married,2,SEP,8,126000.0,12700.0,0.0,653,Home,6090000.0,360,9060000.0,Urban,1
LN2025102095,32,Female,Married,3,Salaried,7,23200.0,36700.0,12400.0,779,Business,470000.0,36,0.0,Urban,1
LN2025102758,40,Male,Married,0,SENP,14,35400.0,8900.0,0.0,-1,Home,2080000.0,300,2920000.0,Rural,0
LN2025104001,51,Male,Married,1,SENP,25,129000.0,24500.0,0.0,777,Business,690000.0,24,0.0,Semi-Urban,1
LN2025106665,35,Female,Single,1,SEP,9,43300.0,0.0,0.0,693,Business,280000.0,36,0.0,Semi-Urban,1
LN2025104614,27,Male,Single,1,SENP,2,141500.0,0.0,42500.0,755,Business,1190000.0,60,0.0,Urban,0
LN2025104663,46,Male,Married,3,Salaried,26,60700.0,0.0,0.0,668,Vehicle,120000.0,36,140000.0,Rural,1
LN2025102154,38,Male,Married,2,Salaried,17,38200.0,34600.0,15100.0,746,Home,4970000.0,240,8450000.0,Semi-Urban,0
LN2025104479,32,Female,Single,1,SEP,6,44000.0,0.0,0.0,800,Home,1080000.0,300,1880000.0,Urban,1
LN2025102411,25,Male,Married,1,Salaried,4,41000.0,90100.0,8800.0,786,Vehicle,670000.0,84,700000.0,Urban,1
LN2025101993,37,Male,Married,0,Salaried,14,59700.0,0.0,27500.0,776,Personal,640000.0,36,0.0,Semi-Urban,0
LN2025102091,45,Female,Married,1,Salaried,23,73600.0,0.0,0.0,782,Personal,540000.0,60,0.0,Urban,1
LN2025104972,27,Male,Married,3,SENP,0,28300.0,21600.0,0.0,683,Home,1950000.0,360,2990000.0,Urban,1
LN2025104589,33,Female,Single,0,Salaried,13,53300.0,0.0,4100.0,766,Home,2070000.0,300,3080000.0,Urban,1
LN2025104537,30,Male,Single,0,Salaried,9,33100.0,0.0,6900.0,766,Personal,350000.0,48,0.0,Urban,1
LN2025101658,40,Male,Married,0,Salaried,19,126900.0,0.0,0.0,799,Vehicle,1440000.0,60,1970000.0,Semi-Urban,1
LN2025104114,40,Male,Married,1,Salaried,19,34000.0,0.0,0.0,703,Personal,190000.0,60,0.0,Urban,1
LN2025109303,46,Male,Married,0,SEP,21,65100.0,46700.0,0.0,678,Vehicle,760000.0,36,870000.0,Urban,1
LN2025102724,48,Male,Married,0,Salaried,22,82700.0,16100.0,0.0,695,Personal,510000.0,24,0.0,Urban,1
LN2025106194,40,Female,Married,2,Salaried,19,20000.0,0.0,2000.0,710,Vehicle,80000.0,24,90000.0,Semi-Urban,1
LN2025103003,46,Male,Married,2,SENP,16,80500.0,0.0,8600.0,805,Home,3940000.0,180,4640000.0,Urban,0
LN2025103407,27,Male,Single,2,Salaried,5,94300.0,0.0,0.0,820,Personal,820000.0,48,0.0,Urban,1
LN2025104997,23,Female,Single,1,SENP,0,79100.0,74400.0,0.0,-1,Business,240000.0,60,0.0,Urban,0
LN2025109806,35,Male,Married,3,SEP,6,89600.0,0.0,23200.0,703,Personal,860000.0,60,0.0,Urban,1
LN2025106826,31,Female,Single,1,SENP,4,63500.0,0.0,0.0,-1,Business,800000.0,24,0.0,Urban,0
LN2025103919,28,Male,Married,3,Salaried,4,109100.0,80600.0,0.0,782,Home,6850000.0,240,9920000.0,Urban,1
LN2025107162,35,Female,Married,3,SEP,8,84100.0,0.0,7200.0,778,Personal,430000.0,24,0.0,Semi-Urban,0
LN2025107038,25,Male,Single,0,Salaried,4,44100.0,0.0,0.0,505,Personal,250000.0,12,0.0,Urban,0
LN2025106491,29,Male,Married,1,Salaried,6,19100.0,0.0,0.0,803,Personal,70000.0,48,0.0,Semi-Urban,1
LN2025106903,39,Male,Married,1,SENP,17,82400.0,48500.0,0.0,649,Business,3770000.0,48,0.0,Urban,0
LN2025107024,30,Male,Unknown,2,Salaried,5,17900.0,16300.0,11600.0,719,Home,1320000.0,180,1510000.0,Rural,0
LN2025106584,39,Female,Married,2,SEP,11,177300.0,0.0,0.0,790,Vehicle,90000.0,12,110000.0,Semi-Urban,1
LN2025108214,31,Male,Married,1,Salaried,7,78800.0,0.0,0.0,754,Personal,330000.0,36,0.0,Urban,1
LN2025109436,44,Male,Widowed,0,Salaried,20,42800.0,41600.0,0.0,759,Home,2260000.0,180,3360000.0,Semi-Urban,1
LN2025104532,36,Female,Married,0,Salaried,15,45800.0,0.0,0.0,788,Vehicle,600000.0,48,640000.0,Urban,1
LN2025107554,26,Male,Single,0,Salaried,5,39800.0,0.0,0.0,663,Personal,150000.0,36,0.0,Urban,1
LN2025104634,44,Female,Married,1,Salaried,18,36300.0,0.0,0.0,692,Personal,160000.0,36,0.0,Urban,1
LN2025105964,42,Female,Married,1,Salaried,20,29400.0,24800.0,20700.0,673,Home,3620000.0,120,8890000.0,Urban,0
LN2025104625,38,Male,Married,3,Salaried,12,24600.0,0.0,2500.0,795,Personal,160000.0,48,0.0,Urban,1
LN2025103567,38,Male,Married,2,Salaried,16,96200.0,28000.0,0.0,630,Vehicle,2300000.0,48,2320000.0,Urban,0
LN2025109650,34,Female,Married,2,Salaried,10,78500.0,0.0,0.0,715,Personal,540000.0,12,0.0,Urban,0
LN2025100088,32,Male,Married,1,SENP,12,61500.0,0.0,0.0,743,Business,340000.0,12,0.0,Semi-Urban,1
LN2025107325,37,Male,Married,2,SEP,8,161600.0,43300.0,0.0,721,Home,8500000.0,240,10220000.0,Semi-Urban,0
LN2025108994,38,Male,Single,0,Salaried,18,57100.0,0.0,3200.0,755,Personal,370000.0,12,0.0,Urban,0
LN2025100804,39,Male,Married,2,Salaried,16,101500.0,0.0,20500.0,744,Home,3650000.0,120,4270000.0,Semi-Urban,0
LN2025101791,37,Male,Married,2,SEP,7,18800.0,0.0,0.0,800,Business,160000.0,24,360000.0,Semi-Urban,1
LN2025102715,62,Male,Married,1,SENP,34,44300.0,0.0,5200.0,855,Personal,480000.0,36,0.0,Urban,1
LN2025100072,44,Male,Married,3,Salaried,12,35300.0,0.0,3700.0,725,Personal,210000.0,60,0.0,Rural,1
LN2025105143,35,Male,Married,3,SENP,7,45400.0,0.0,0.0,703,Business,270000.0,60,0.0,Semi-Urban,1
LN2025101130,32,Male,Married,1,Salaried,10,60600.0,0.0,0.0,662,Home,2010000.0,180,2410000.0,Urban,0
LN2025104805,31,Male,Single,0,Salaried,6,118400.0,71000.0,16200.0,783,Home,7090000.0,300,10670000.0,Urban,1
LN2025105656,35,Male,Single,0,Salaried,13,53700.0,0.0,0.0,783,Personal,180000.0,36,0.0,Semi-Urban,1
LN2025100728,44,Male,Married,2,SEP,18,142500.0,0.0,0.0,742,Business,2740000.0,60,0.0,Urban,1
LN2025105023,29,Male,Married,2,Salaried,8,44800.0,0.0,0.0,745,Vehicle,320000.0,60,410000.0,Urban,1
LN2025103726,36,Male,Married,1,SEP,11,80800.0,57800.0,25700.0,775,Home,5420000.0,180,7220000.0,Semi-Urban,1
LN2025105694,59,Male,Married,1,SENP,32,139900.0,0.0,0.0,-1,Home,2805000.0,120,9040000.0,Semi-Urban,0
LN2025107307,38,Female,Married,2,Salaried,17,40000.0,107600.0,5900.0,-1,Vehicle,810000.0,36,810000.0,Semi-Urban,1
LN2025104288,62,Female,Married,2,SEP,31,75200.0,19400.0,3900.0,785,Home,5160000.0,120,6620000.0,Semi-Urban,0
LN2025104299,37,Male,Married,3,Salaried,15,26100.0,37700.0,10400.0,739,Vehicle,140000.0,24,180000.0,Rural,1
LN2025100110,30,Male,Single,3,Salaried,7,25300.0,0.0,3100.0,700,Personal,350000.0,24,0.0,Urban,0
LN2025103922,48,Male,Married,2,Salaried,24,98200.0,26200.0,0.0,769,Home,5250000.0,120,7950000.0,Urban,1
LN2025106057,37,Female,Married,2,Salaried,14,28600.0,0.0,8200.0,749,Personal,260000.0,36,0.0,Rural,0
LN2025107852,29,Male,Married,3,Salaried,6,16600.0,0.0,0.0,675,Vehicle,90000.0,12,130000.0,Rural,0
LN2025102803,43,Male,Married,1,Salaried,18,84700.0,54900.0,0.0,789,Home,3690000.0,180,5000000.0,Urban,1
LN2025107778,36,Male,Married,1,SEP,9,102000.0,0.0,11500.0,679,Business,1100000.0,12,0.0,Urban,0
LN2025102341,30,Male,Married,1,Salaried,5,125700.0,0.0,0.0,710,Home,3060000.0,300,4320000.0,Urban,1
LN2025106838,50,Female,Married,3,Salaried,27,37100.0,0.0,0.0,818,Personal,360000.0,48,0.0,Rural,1
LN2025106197,41,Male,Married,0,Salaried,21,49800.0,0.0,4000.0,689,Personal,170000.0,60,0.0,Rural,1
LN2025103072,32,Female,Married,2,SENP,6,78700.0,0.0,0.0,725,Vehicle,60000.0,24,80000.0,Semi-Urban,1
LN2025107311,41,Male,Married,3,Salaried,16,20900.0,0.0,0.0,727,Home,570000.0,180,1160000.0,Rural,1
LN2025103515,44,Female,Married,2,Salaried,18,30000.0,0.0,0.0,642,Vehicle,110000.0,12,110000.0,Semi-Urban,0
LN2025101357,43,Male,Married,2,Salaried,19,154300.0,0.0,0.0,667,Personal,860000.0,36,0.0,Urban,1
LN2025104758,36,Male,Married,1,SENP,11,444400.0,25900.0,0.0,688,Business,6460000.0,84,11630000.0,Urban,1
LN2025105063,51,Female,Married,2,SENP,28,236900.0,0.0,60100.0,742,Vehicle,2900000.0,60,3370000.0,Urban,1
LN2025104556,42,Male,Single,1,Salaried,22,77900.0,45000.0,0.0,719,Home,3070000.0,180,4170000.0,Urban,1
LN2025100570,30,Male,Married,2,Salaried,7,32100.0,0.0,0.0,656,Vehicle,350000.0,60,380000.0,Semi-Urban,0
LN2025107814,42,Female,Married,2,Salaried,20,34000.0,0.0,0.0,725,Personal,370000.0,36,0.0,Semi-Urban,1
LN2025109093,48,Male,Married,3,SEP,17,66500.0,43000.0,51600.0,693,Vehicle,1020000.0,48,1050000.0,Urban,0
LN2025109678,41,Male,Married,3,Salaried,20,86600.0,0.0,17400.0,620,Personal,460000.0,60,0.0,Urban,0
LN2025101209,41,Male,Married,3,Salaried,17,28500.0,0.0,0.0,680,Personal,180000.0,48,0.0,Semi-Urban,1
LN2025104330,40,Male,Married,1,Salaried,19,48900.0,0.0,0.0,802,Personal,760000.0,36,0.0,Semi-Urban,0
LN2025108846,34,Male,Single,0,SENP,9,142900.0,31100.0,0.0,821,Business,1290000.0,24,0.0,Semi-Urban,1
LN2025102765,20,Female,Single,0,Salaried,0,21400.0,0.0,0.0,-1,Personal,280000.0,60,0.0,Rural,0
LN2025109475,42,Male,Married,1,SENP,20,27300.0,61600.0,0.0,-1,Home,5240000.0,180,7560000.0,Semi-Urban,0
LN2025107167,25,Female,Single,0,SEP,0,172100.0,91000.0,25900.0,687,Home,8260000.0,360,11870000.0,Urban,0
LN2025105923,36,Female,Married,1,Salaried,11,69500.0,0.0,0.0,810,Personal,640000.0,36,0.0,Semi-Urban,1
LN2025105914,47,Male,Married,3,SENP,25,76300.0,78500.0,0.0,773,Home,7240000.0,180,8580000.0,Urban,0
LN2025103229,33,Male,Married,1,Salaried,10,36100.0,0.0,0.0,744,Personal,280000.0,48,0.0,Urban,1
LN2025103548,44,Male,Married,2,Salaried,18,128900.0,0.0,0.0,663,Vehicle,2030000.0,60,2550000.0,Urban,1
LN2025106488,33,Male,Married,1,SENP,4,41100.0,0.0,9800.0,738,Business,480000.0,48,0.0,Rural,0
LN2025100113,30,Female,Married,3,Salaried,9,45100.0,0.0,0.0,731,Vehicle,120000.0,36,150000.0,Semi-Urban,1
LN2025101283,28,Male,Single,0,SENP,4,87100.0,0.0,0.0,794,Business,1000000.0,36,1410000.0,Semi-Urban,1
LN2025100923,32,Male,Married,2,SENP,10,92000.0,0.0,15400.0,661,Vehicle,660000.0,84,710000.0,Urban,1
LN2025108148,31,Male,Married,0,SENP,11,27600.0,0.0,0.0,748,Home,720000.0,240,1180000.0,Semi-Urban,1
LN2025107139,34,Female,Married,1,Salaried,10,42000.0,26900.0,24600.0,807,Home,1890000.0,300,2360000.0,Semi-Urban,0
LN2025105561,47,Male,Married,1,Salaried,22,63200.0,35300.0,43800.0,676,Home,3250000.0,120,5060000.0,Rural,0
LN2025103465,39,Male,Married,3,Salaried,14,62000.0,0.0,0.0,697,Personal,100000.0,48,0.0,Urban,1
LN2025104874,32,Male,Married,3,SEP,6,69500.0,20800.0,0.0,674,Personal,640000.0,48,0.0,Semi-Urban,1
LN2025104216,26,Female,Single,0,Salaried,4,42100.0,0.0,12900.0,678,Home,2050000.0,300,4840000.0,Rural,0
LN2025108548,54,Male,Married,3,SENP,29,76600.0,0.0,0.0,787,Business,850000.0,48,0.0,Rural,1
LN2025106649,32,Male,Married,2,Salaried,10,58600.0,0.0,4400.0,807,Personal,130000.0,36,0.0,Urban,1
LN2025102195,45,Male,Married,3,SENP,26,244400.0,0.0,0.0,803,Business,5000000.0,24,0.0,Urban,0
LN2025102616,40,Male,Married,1,Salaried,14,107500.0,0.0,3800.0,725,Vehicle,720000.0,60,820000.0,Urban,1
LN2025109098,39,Male,Single,0,Salaried,16,49500.0,36900.0,0.0,829,Home,1630000.0,240,2130000.0,Semi-Urban,1
LN2025102011,32,Male,Single,0,Salaried,10,46100.0,0.0,6800.0,670,Home,640000.0,180,1830000.0,Urban,1
LN2025107589,55,Male,Married,2,SENP,30,77700.0,19900.0,11300.0,688,Personal,650000.0,24,0.0,Semi-Urban,0
LN2025107966,20,Male,Single,0,Salaried,0,23700.0,25700.0,0.0,706,Vehicle,380000.0,48,520000.0,Rural,0
LN2025104294,41,Male,Married,2,Salaried,16,33900.0,0.0,0.0,767,Personal,310000.0,24,0.0,Rural,0
LN2025104940,30,Female,Married,2,Salaried,9,23400.0,21300.0,0.0,684,Personal,140000.0,36,0.0,Rural,1
LN2025104351,25,Male,Single,0,Salaried,0,39800.0,0.0,0.0,724,Vehicle,90000.0,24,100000.0,Rural,0
LN2025104016,35,Male,Married,1,Salaried,14,58800.0,54200.0,0.0,635,Home,3730000.0,300,4140000.0,Semi-Urban,0
LN2025105763,30,Female,Single,0,Salaried,9,87500.0,0.0,0.0,739,Vehicle,130000.0,36,140000.0,Urban,1
LN2025104339,29,Male,Single,0,Salaried,4,44200.0,0.0,0.0,719,Personal,380000.0,60,0.0,Semi-Urban,1
LN2025105070,23,Male,Single,1,Salaried,3,42400.0,0.0,0.0,732,Vehicle,260000.0,84,360000.0,Urban,1
LN2025100307,49,Unknown,Married,1,SENP,27,193900.0,0.0,39200.0,736,Personal,2200000.0,48,0.0,Semi-Urban,0
LN2025106808,36,Male,Married,3,SENP,11,213100.0,0.0,0.0,779,Home,6920000.0,180,8840000.0,Semi-Urban,1
LN2025108541,36,Male,Married,1,SEP,5,93900.0,8400.0,0.0,728,Vehicle,80000.0,12,100000.0,Urban,1
LN2025103256,20,Male,Single,1,Salaried,0,18300.0,0.0,0.0,754,Home,730000.0,240,1140000.0,Urban,0
LN2025102642,43,Male,Married,0,SEP,16,197800.0,0.0,0.0,765,Personal,4000000.0,48,0.0,Urban,0
LN2025100034,37,Unknown,Married,1,SEP,9,57000.0,0.0,7500.0,701,Personal,210000.0,60,0.0,Urban,1
LN2025105204,36,Male,Married,2,Salaried,13,60700.0,0.0,0.0,750,Vehicle,110000.0,12,120000.0,Urban,1
LN2025109485,38,Female,Married,3,Salaried,14,37300.0,0.0,0.0,738,Home,1080000.0,240,1650000.0,Rural,1
LN2025109346,47,Male,Married,3,Salaried,23,116800.0,0.0,0.0,773,Home,3570000.0,240,5950000.0,Semi-Urban,0
LN2025101373,44,Male,Married,3,Salaried,23,58500.0,0.0,0.0,691,Home,2380000.0,180,3990000.0,Semi-Urban,0
LN2025103113,39,Male,Married,2,SENP,17,142100.0,0.0,0.0,717,Personal,2210000.0,48,0.0,Semi-Urban,0
LN2025104186,26,Male,Single,3,SEP,0,44500.0,0.0,0.0,762,Business,390000.0,36,850000.0,Semi-Urban,0
LN2025107446,51,Male,Married,2,Salaried,27,89700.0,0.0,0.0,734,Personal,400000.0,48,0.0,Urban,1
LN2025105702,28,Female,Single,0,Salaried,4,65700.0,0.0,0.0,654,Home,1550000.0,240,2320000.0,Urban,1
LN2025100765,27,Male,Married,3,Salaried,9,39100.0,0.0,0.0,762,Vehicle,840000.0,36,880000.0,Urban,0
LN2025107960,45,Male,Married,1,SENP,24,453200.0,0.0,0.0,-1,Business,1740000.0,120,0.0,Urban,1
LN2025104777,32,Unknown,Single,0,Salaried,11,104300.0,0.0,14300.0,739,Personal,530000.0,60,0.0,Semi-Urban,0
LN2025106634,34,Female,Married,1,SENP,15,94900.0,0.0,10100.0,562,Personal,1180000.0,60,0.0,Urban,0
LN2025101410,51,Unknown,Married,2,Salaried,25,60100.0,0.0,0.0,603,Personal,740000.0,48,0.0,Semi-Urban,0
LN2025101890,48,Male,Married,3,SENP,19,129500.0,0.0,46600.0,-1,Personal,1390000.0,24,0.0,Urban,0
LN2025100606,47,Male,Married,2,SENP,19,47800.0,11400.0,0.0,673,Business,370000.0,12,910000.0,Semi-Urban,0
LN2025106570,38,Male,Married,3,SENP,17,133600.0,0.0,17300.0,770,Vehicle,80000.0,12,110000.0,Urban,1
LN2025104619,29,Male,Single,0,Salaried,5,55100.0,0.0,0.0,749,Vehicle,260000.0,48,280000.0,Semi-Urban,1
LN2025102603,51,Male,Single,2,SENP,26,18500.0,0.0,7500.0,683,Personal,200000.0,48,0.0,Rural,0
LN2025103901,40,Male,Married,2,Salaried,16,30400.0,0.0,8300.0,729,Personal,200000.0,36,0.0,Rural,0
LN2025106641,48,Male,Married,1,SENP,21,178900.0,0.0,0.0,739,Business,1090000.0,84,0.0,Urban,1
LN2025102036,45,Male,Single,1,SENP,25,115900.0,55300.0,0.0,860,Vehicle,100000.0,12,110000.0,Rural,1
LN2025108641,61,Male,Married,3,SENP,37,176000.0,62500.0,0.0,755,Personal,990000.0,36,0.0,Semi-Urban,1
LN2025101267,32,Male,Married,2,SEP,7,38500.0,29600.0,8700.0,783,Home,3090000.0,300,3700000.0,Rural,0
LN2025108315,32,Male,Married,3,Salaried,11,55900.0,26400.0,0.0,802,Vehicle,400000.0,60,550000.0,Rural,1
LN2025106493,33,Male,Married,3,Salaried,11,20700.0,0.0,0.0,725,Vehicle,300000.0,36,410000.0,Rural,0
LN2025101071,51,Female,Married,3,SENP,23,130800.0,31000.0,26100.0,813,Business,840000.0,120,1210000.0,Urban,1
LN2025106238,32,Male,Married,3,Salaried,12,32500.0,0.0,2500.0,774,Vehicle,190000.0,48,210000.0,Urban,1
LN2025101701,60,Male,Married,2,SENP,39,34400.0,0.0,0.0,713,Business,250000.0,12,0.0,Semi-Urban,0
LN2025100355,42,Female,Married,1,SENP,17,124700.0,15100.0,25000.0,819,Business,4270000.0,36,0.0,Semi-Urban,0
LN2025105623,37,Male,Married,2,SENP,16,180200.0,79200.0,96200.0,818,Business,1660000.0,24,2480000.0,Urban,0
LN2025101835,58,Male,Married,1,SEP,27,47000.0,58700.0,51700.0,765,Home,5760000.0,300,10270000.0,Semi-Urban,0
LN2025108383,52,Male,Married,1,SENP,25,36900.0,0.0,12700.0,690,Vehicle,840000.0,60,1020000.0,Rural,0
LN2025102600,44,Male,Married,3,SENP,22,249500.0,0.0,16800.0,737,Home,6540000.0,120,9070000.0,Urban,1
LN2025105745,33,Male,Married,3,Salaried,11,39600.0,0.0,10600.0,755,Vehicle,230000.0,48,310000.0,Urban,1
LN2025108833,26,Male,Single,2,Salaried,3,27800.0,0.0,0.0,-1,Vehicle,290000.0,48,360000.0,Urban,0
LN2025104962,47,Male,Married,1,SENP,20,46400.0,0.0,5700.0,683,Personal,240000.0,24,0.0,Semi-Urban,0
LN2025108708,51,Female,Married,2,SENP,24,144400.0,48900.0,0.0,830,Home,4960000.0,240,14170000.0,Semi-Urban,1
LN2025104270,47,Male,Married,1,SEP,17,70600.0,0.0,0.0,828,Business,410000.0,36,0.0,Rural,1
LN2025108656,42,Male,Single,0,Salaried,17,84000.0,0.0,0.0,774,Vehicle,650000.0,60,760000.0,Urban,1
LN2025101886,39,Male,Married,2,Salaried,17,42200.0,0.0,0.0,735,Personal,160000.0,60,0.0,Urban,1
LN2025101020,27,Female,Single,0,Salaried,4,31300.0,0.0,0.0,722,Personal,640000.0,36,0.0,Rural,1
LN2025104348,25,Female,Single,0,Salaried,2,49700.0,0.0,0.0,757,Personal,990000.0,36,0.0,Urban,0
LN2025105703,39,Male,Married,3,Salaried,16,35100.0,20100.0,10700.0,752,Home,1700000.0,240,1780000.0,Rural,0
LN2025107436,41,Female,Married,3,SEP,13,160300.0,0.0,15600.0,748,Business,2410000.0,60,5970000.0,Urban,1
LN2025100161,26,Male,Single,0,Salaried,4,81600.0,0.0,0.0,789,Personal,470000.0,12,0.0,Rural,1
LN2025109137,34,Male,Married,3,Salaried,10,35500.0,40300.0,0.0,821,Home,5590000.0,240,11610000.0,Semi-Urban,0
LN2025103996,31,Male,Married,3,SEP,4,94100.0,0.0,0.0,674,Personal,370000.0,12,0.0,Semi-Urban,1
LN2025107605,57,Male,Married,2,SENP,35,63300.0,0.0,10500.0,739,Personal,650000.0,24,0.0,Semi-Urban,0
LN2025108279,47,Female,Married,1,Salaried,26,244300.0,0.0,16600.0,743,Personal,1800000.0,48,0.0,Urban,1
LN2025104227,41,Female,Married,2,Salaried,18,32000.0,0.0,0.0,736,Home,1300000.0,180,2420000.0,Rural,1
LN2025101273,20,Female,Single,0,Salaried,0,32200.0,41100.0,0.0,768,Home,3070000.0,240,6090000.0,Urban,0
LN2025103801,51,Male,Married,1,Salaried,29,138800.0,0.0,0.0,802,Personal,1020000.0,36,0.0,Urban,1
LN2025107427,31,Male,Married,1,SENP,3,52700.0,54800.0,0.0,-1,Business,610000.0,24,810000.0,Urban,1
LN2025105436,47,Male,Married,1,Salaried,25,101100.0,0.0,0.0,-1,Business,630000.0,48,2530000.0,Urban,0
LN2025108484,28,Female,Married,0,Salaried,5,43600.0,0.0,0.0,-1,Vehicle,140000.0,36,180000.0,Urban,1
LN2025109446,31,Female,Married,1,Salaried,6,21700.0,0.0,0.0,-1,Personal,160000.0,60,0.0,Urban,1
LN2025109018,55,Male,Single,2,SEP,30,90400.0,0.0,0.0,665,Vehicle,100000.0,24,110000.0,Urban,1
LN2025100930,33,Male,Married,2,SEP,5,78900.0,28300.0,0.0,807,Home,4830000.0,300,7500000.0,Urban,1
LN2025102240,54,Male,Married,2,SENP,30,235600.0,36900.0,0.0,794,Business,1720000.0,36,2350000.0,Semi-Urban,1
LN2025100628,25,Male,Single,1,SENP,1,12100.0,0.0,0.0,733,Business,230000.0,120,0.0,Rural,0
LN2025107791,42,Male,Married,0,SENP,15,101500.0,0.0,0.0,666,Vehicle,860000.0,84,960000.0,Urban,1
LN2025103278,34,Male,Married,2,Salaried,12,22600.0,46600.0,0.0,789,Personal,210000.0,12,0.0,Rural,1
LN2025107919,33,Female,Single,2,Salaried,11,42900.0,0.0,10800.0,756,Vehicle,400000.0,60,520000.0,Urban,1
LN2025105888,38,Male,Married,3,SEP,10,201700.0,0.0,23500.0,712,Personal,2500000.0,48,0.0,Urban,1
LN2025104783,45,Unknown,Married,2,SEP,20,84100.0,29400.0,61300.0,739,Business,1400000.0,84,0.0,Semi-Urban,1
LN2025105169,32,Male,Married,2,SENP,4,62500.0,0.0,12600.0,754,Business,340000.0,12,0.0,Urban,0
LN2025100189,49,Male,Married,0,Salaried,24,64300.0,35900.0,13900.0,742,Home,3590000.0,120,6470000.0,Semi-Urban,1
LN2025101491,51,Female,Married,3,SEP,22,96300.0,37100.0,21800.0,709,Business,2140000.0,60,0.0,Urban,1
LN2025107465,29,Female,Married,1,Salaried,4,25300.0,0.0,0.0,738,Vehicle,120000.0,36,150000.0,Semi-Urban,1
LN2025106404,21,Male,Single,0,Salaried,0,17500.0,0.0,0.0,-1,Personal,100000.0,24,0.0,Semi-Urban,0
LN2025100747,48,Female,Married,1,SENP,19,72300.0,0.0,0.0,793,Personal,370000.0,36,0.0,Semi-Urban,1
LN2025100960,36,Male,Married,1,Salaried,12,93000.0,0.0,0.0,802,Personal,1230000.0,60,0.0,Urban,1
LN2025103667,32,Female,Married,2,Salaried,10,72000.0,19300.0,0.0,811,Home,4880000.0,300,7940000.0,Semi-Urban,1
LN2025101961,36,Female,Married,2,SENP,12,112700.0,0.0,0.0,775,Business,2730000.0,60,4170000.0,Urban,1
LN2025102121,26,Male,Single,0,Salaried,2,23400.0,0.0,0.0,672,Personal,330000.0,24,0.0,Semi-Urban,0
LN2025108099,22,Male,Single,0,Salaried,2,63400.0,0.0,8000.0,743,Vehicle,460000.0,36,610000.0,Urban,1
LN2025107950,20,Female,Single,0,Salaried,0,29600.0,0.0,900.0,778,Home,670000.0,180,950000.0,Urban,0
LN2025104306,40,Male,Married,3,Salaried,16,75200.0,0.0,5200.0,806,Vehicle,380000.0,60,410000.0,Urban,1
LN2025109341,40,Male,Married,3,Salaried,19,39200.0,21400.0,0.0,703,Personal,200000.0,48,0.0,Semi-Urban,0
LN2025109287,32,Male,Married,0,SENP,7,61800.0,52900.0,21900.0,739,Business,290000.0,84,820000.0,Urban,1
LN2025106354,47,Male,Married,3,SEP,22,316400.0,0.0,0.0,798,Personal,3380000.0,48,0.0,Urban,1
LN2025103476,46,Female,Married,1,SENP,20,37000.0,0.0,0.0,732,Vehicle,220000.0,84,270000.0,Rural,1
LN2025101271,29,Male,Married,1,Salaried,9,33800.0,0.0,4900.0,709,Personal,400000.0,36,0.0,Rural,0
LN2025109641,22,Male,Single,1,Salaried,0,45600.0,0.0,0.0,805,Home,1360000.0,240,2290000.0,Urban,0
LN2025101853,40,Male,Married,0,SEP,11,117900.0,0.0,22300.0,728,Personal,690000.0,36,0.0,Urban,1
LN2025106457,34,Male,Married,0,Salaried,9,29600.0,0.0,0.0,805,Personal,100000.0,24,0.0,Rural,1
LN2025104399,44,Male,Divorced,0,SENP,17,29600.0,0.0,0.0,715,Personal,190000.0,36,0.0,Urban,1
LN2025107646,38,Female,Married,1,Salaried,18,61500.0,26200.0,0.0,802,Personal,630000.0,60,0.0,Urban,1
LN2025104012,37,Male,Married,3,Salaried,14,43500.0,0.0,2700.0,756,Personal,240000.0,24,0.0,Semi-Urban,1
LN2025105220,20,Female,Single,0,Salaried,0,22100.0,0.0,0.0,-1,Personal,80000.0,36,0.0,Semi-Urban,0
LN2025108647,25,Male,Single,0,Salaried,1,16300.0,20300.0,0.0,762,Home,1110000.0,300,1960000.0,Semi-Urban,1
LN2025101629,26,Male,Married,1,Salaried,8,56900.0,20500.0,0.0,664,Home,3750000.0,300,5940000.0,Urban,0
LN2025104519,45,Female,Married,2,SEP,17,81600.0,0.0,0.0,688,Personal,370000.0,48,0.0,Urban,1
LN2025103863,33,Male,Married,2,SENP,9,118900.0,125700.0,89200.0,700,Home,10530000.0,240,15620000.0,Urban,0
LN2025108160,51,Female,Married,2,Salaried,26,47800.0,0.0,0.0,758,Personal,190000.0,36,0.0,Urban,1
LN2025103268,41,Female,Divorced,1,Salaried,17,53000.0,0.0,0.0,792,Personal,370000.0,36,0.0,Semi-Urban,1
LN2025101918,31,Male,Single,0,Salaried,6,30600.0,0.0,0.0,778,Home,750000.0,180,890000.0,Semi-Urban,1
LN2025109331,50,Female,Married,0,Salaried,27,71500.0,29900.0,0.0,788,Home,3960000.0,120,6470000.0,Semi-Urban,1
LN2025105044,45,Male,Married,2,SEP,17,123400.0,0.0,0.0,720,Vehicle,2590000.0,60,3270000.0,Urban,1
LN2025100358,36,Male,Single,2,Salaried,15,56800.0,33000.0,0.0,628,Home,2680000.0,240,5180000.0,Semi-Urban,0
LN2025104002,41,Male,Married,2,Salaried,18,51100.0,0.0,8500.0,764,Personal,230000.0,36,0.0,Urban,1
LN2025109786,50,Male,Married,2,SEP,21,90600.0,0.0,0.0,759,Home,4060000.0,180,6590000.0,Semi-Urban,1
LN2025105841,43,Male,Unknown,0,SENP,16,58800.0,0.0,0.0,580,Business,500000.0,60,1180000.0,Semi-Urban,0
LN2025109712,43,Unknown,Single,0,SEP,13,108100.0,0.0,12700.0,706,Home,4800000.0,360,5600000.0,Semi-Urban,0
LN2025109196,38,Male,Married,1,Salaried,13,20500.0,0.0,0.0,741,Vehicle,70000.0,24,80000.0,Rural,1
LN2025106189,32,Female,Married,3,Salaried,8,20900.0,38300.0,4800.0,775,Personal,440000.0,48,0.0,Rural,1
LN2025108153,45,Transgender,Married,2,Salaried,22,55100.0,59000.0,12000.0,819,Home,2810000.0,180,3100000.0,Semi-Urban,0
LN2025102520,33,Male,Married,2,SENP,10,38100.0,0.0,0.0,647,Business,1020000.0,60,1590000.0,Rural,0
LN2025107887,24,Male,Single,0,Salaried,1,63400.0,26300.0,0.0,748,Personal,480000.0,36,0.0,Rural,1
LN2025106603,47,Female,Married,3,Salaried,25,62000.0,0.0,12000.0,751,Personal,300000.0,36,0.0,Urban,1
LN2025104836,41,Male,Married,0,SENP,18,48800.0,0.0,0.0,691,Business,240000.0,60,0.0,Semi-Urban,1
LN2025105833,51,Male,Married,1,Salaried,26,71600.0,0.0,0.0,749,Personal,570000.0,36,0.0,Semi-Urban,1
LN2025100732,25,Male,Single,0,SENP,0,30100.0,15500.0,0.0,675,Business,340000.0,24,0.0,Rural,0
LN2025100284,40,Female,Married,3,SEP,12,66200.0,15700.0,5500.0,667,Home,1990000.0,240,4440000.0,Rural,1
LN2025100840,37,Male,Married,1,Salaried,14,33400.0,0.0,7400.0,679,Personal,200000.0,24,0.0,Urban,0
LN2025100632,42,Male,Married,2,SEP,13,252100.0,0.0,0.0,826,Vehicle,90000.0,36,100000.0,Urban,1
LN2025100153,44,Male,Married,3,Salaried,21,182200.0,0.0,0.0,798,Personal,2120000.0,48,0.0,Urban,1
LN2025103718,28,Male,Single,0,SENP,3,8000.0,0.0,0.0,703,Personal,60000.0,36,0.0,Rural,0
LN2025107903,36,Female,Married,1,Salaried,12,73400.0,0.0,1600.0,715,Personal,240000.0,36,0.0,Urban,1
LN2025102209,30,Female,Single,1,SEP,0,65100.0,0.0,0.0,792,Home,1190000.0,360,2420000.0,Urban,0
LN2025105807,47,Male,Married,0,SENP,28,56600.0,40000.0,0.0,722,Business,1200000.0,60,0.0,Semi-Urban,1
LN2025104586,21,Female,Single,0,Salaried,0,12700.0,0.0,800.0,623,Home,540000.0,120,680000.0,Rural,0
LN2025100464,20,Male,Married,3,Salaried,0,46100.0,0.0,0.0,-1,Personal,330000.0,36,0.0,Urban,0
LN2025106160,43,Male,Married,2,Salaried,21,74300.0,94600.0,0.0,710,Home,6130000.0,180,9120000.0,Urban,1
LN2025106556,30,Female,Single,1,SENP,5,30800.0,0.0,0.0,-1,Business,450000.0,48,1280000.0,Rural,0
LN2025102354,30,Male,Married,2,Salaried,5,39400.0,28400.0,0.0,710,Home,3750000.0,300,5630000.0,Urban,1
LN2025107924,43,Male,Married,1,Salaried,19,69300.0,0.0,30700.0,694,Personal,420000.0,36,0.0,Urban,0
LN2025104793,48,Female,Married,1,SEP,19,118200.0,35000.0,0.0,790,Vehicle,1240000.0,60,1610000.0,Rural,1
LN2025104645,40,Male,Married,2,SENP,18,114600.0,0.0,16000.0,674,Vehicle,930000.0,36,970000.0,Urban,0
LN2025102692,36,Male,Married,0,Salaried,15,58900.0,0.0,1700.0,799,Personal,480000.0,24,0.0,Urban,1
LN2025100869,34,Female,Married,3,Salaried,10,44900.0,0.0,0.0,812,Personal,500000.0,24,0.0,Semi-Urban,1
LN2025101505,43,Male,Married,2,SEP,16,110500.0,108600.0,45400.0,689,Home,8330000.0,120,10930000.0,Urban,0
LN2025101613,29,Female,Married,3,Salaried,8,27700.0,75400.0,0.0,819,Home,2250000.0,180,2890000.0,Urban,1
LN2025106070,30,Male,Married,1,Salaried,7,61200.0,38800.0,0.0,809,Home,2260000.0,240,2510000.0,Urban,0
LN2025107899,49,Unknown,Single,0,Salaried,26,166000.0,0.0,42000.0,773,Personal,1710000.0,60,0.0,Urban,1
LN2025103723,20,Female,Single,0,Salaried,0,16200.0,0.0,3800.0,704,Vehicle,70000.0,84,80000.0,Rural,0
LN2025109410,55,Female,Married,2,SENP,31,52300.0,29200.0,15300.0,799,Business,970000.0,36,0.0,Semi-Urban,0
LN2025103489,30,Female,Married,1,Salaried,6,25400.0,0.0,3800.0,900,Vehicle,190000.0,36,220000.0,Urban,1
LN2025103320,47,Male,Married,2,Salaried,22,90100.0,0.0,0.0,823,Personal,290000.0,24,0.0,Urban,1
LN2025105577,24,Male,Single,1,Salaried,0,52700.0,59900.0,23100.0,696,Home,6010000.0,240,11780000.0,Rural,0
LN2025107552,37,Transgender,Single,0,SENP,14,41600.0,0.0,7200.0,728,Personal,300000.0,48,0.0,Semi-Urban,1
LN2025104245,40,Female,Married,1,SEP,14,200700.0,11200.0,25400.0,741,Home,9400000.0,120,13990000.0,Semi-Urban,0
LN2025101279,31,Male,Single,0,Salaried,10,81400.0,0.0,0.0,819,Personal,600000.0,48,0.0,Urban,1
LN2025108525,48,Male,Married,1,Salaried,23,63300.0,0.0,5500.0,794,Personal,440000.0,24,0.0,Semi-Urban,1
LN2025104752,56,Male,Divorced,2,SENP,32,90800.0,0.0,0.0,722,Home,3680000.0,240,6200000.0,Urban,0
LN2025103672,33,Female,Married,2,Salaried,11,32900.0,64000.0,20700.0,726,Home,4500000.0,240,6440000.0,Urban,0
LN2025105850,55,Female,Married,1,SENP,33,36100.0,0.0,0.0,-1,Vehicle,540000.0,60,630000.0,Urban,1
LN2025108357,20,Male,Single,1,Salaried,0,28100.0,0.0,0.0,554,Home,1520000.0,180,2200000.0,Semi-Urban,0
LN2025105539,40,Female,Married,3,SENP,11,109500.0,0.0,26000.0,821,Vehicle,70000.0,12,80000.0,Urban,1
LN2025100322,33,Male,Single,0,Salaried,12,39700.0,0.0,0.0,712,Personal,870000.0,60,0.0,Semi-Urban,1
LN2025107448,48,Male,Married,2,Salaried,24,82400.0,0.0,7600.0,746,Home,3310000.0,120,4560000.0,Urban,1
LN2025109571,30,Male,Married,1,SEP,0,64300.0,0.0,0.0,714,Home,2060000.0,120,2770000.0,Semi-Urban,0
LN2025105129,46,Female,Married,3,Salaried,21,72200.0,0.0,0.0,658,Vehicle,2370000.0,60,3220000.0,Semi-Urban,0
LN2025104322,49,Male,Married,2,SENP,17,16700.0,0.0,0.0,688,Vehicle,420000.0,60,350000.0,Rural,1
LN2025101921,35,Male,Married,1,Salaried,9,46600.0,41600.0,0.0,761,Vehicle,130000.0,24,140000.0,Urban,1
LN2025103837,53,Male,Married,1,SENP,28,117300.0,0.0,16300.0,822,Vehicle,1080000.0,48,1190000.0,Urban,1
LN2025101066,32,Female,Married,1,SEP,5,175300.0,18500.0,0.0,693,Vehicle,80000.0,24,90000.0,Semi-Urban,1
LN2025101047,49,Male,Married,2,SENP,29,101800.0,63300.0,0.0,654,Business,1550000.0,120,2100000.0,Urban,1
LN2025101673,33,Male,Single,1,Salaried,8,45300.0,0.0,0.0,723,Vehicle,410000.0,84,480000.0,Semi-Urban,1
LN2025101610,36,Female,Married,3,Salaried,13,28100.0,0.0,0.0,677,Personal,140000.0,36,0.0,Rural,0
LN2025108572,60,Male,Married,2,SEP,31,218200.0,0.0,0.0,741,Business,540000.0,24,0.0,Semi-Urban,1
LN2025109380,33,Female,Single,1,SEP,6,45900.0,16900.0,0.0,781,Business,1530000.0,12,2190000.0,Rural,0
LN2025106310,30,Male,Married,0,Salaried,6,35600.0,16800.0,11200.0,669,Vehicle,180000.0,84,190000.0,Semi-Urban,1
LN2025100483,39,Male,Married,2,SEP,9,63500.0,13000.0,0.0,724,Home,3060000.0,120,7270000.0,Rural,1
LN2025108811,31,Male,Married,1,SEP,2,94100.0,0.0,0.0,845,Business,710000.0,48,1140000.0,Semi-Urban,0
LN2025107572,33,Male,Married,1,Salaried,12,62400.0,75600.0,10700.0,731,Home,6640000.0,240,18970000.0,Urban,1
LN2025100886,28,Male,Single,0,Salaried,6,80900.0,0.0,0.0,693,Personal,1050000.0,48,0.0,Urban,1
LN2025106997,22,Female,Single,0,Salaried,0,44600.0,0.0,0.0,639,Vehicle,270000.0,48,300000.0,Semi-Urban,0
LN2025102487,32,Male,Married,1,Salaried,11,87200.0,0.0,0.0,680,Personal,810000.0,12,0.0,Urban,0
LN2025106003,28,Male,Single,0,Salaried,2,28600.0,0.0,0.0,676,Personal,340000.0,24,0.0,Rural,0
LN2025101516,43,Male,Unknown,1,Salaried,23,100900.0,53300.0,0.0,616,Home,3160000.0,180,4030000.0,Urban,0
LN2025104684,41,Female,Married,2,Salaried,20,41900.0,0.0,0.0,835,Personal,390000.0,12,0.0,Urban,0
LN2025107908,35,Male,Married,1,SEP,8,479000.0,43100.0,0.0,743,Home,12840000.0,240,17390000.0,Urban,1
LN2025102852,46,Male,Married,2,SEP,20,71400.0,0.0,19700.0,682,Home,1310000.0,180,1980000.0,Urban,1
LN2025102550,53,Male,Single,0,Salaried,31,86200.0,42500.0,0.0,591,Home,4540000.0,180,6340000.0,Urban,0
LN2025109659,39,Male,Married,0,SEP,9,58100.0,0.0,0.0,717,Home,2180000.0,180,2850000.0,Urban,1
LN2025108816,33,Male,Married,3,SEP,5,155100.0,0.0,43700.0,668,Business,1020000.0,36,0.0,Urban,1
LN2025103793,33,Female,Married,3,SENP,7,82400.0,0.0,15700.0,794,Business,400000.0,84,700000.0,Urban,1
LN2025108881,42,Male,Married,1,Salaried,21,54500.0,0.0,12300.0,610,Vehicle,370000.0,36,520000.0,Semi-Urban,0
LN2025106291,43,Male,Married,1,Salaried,19,105900.0,0.0,600.0,800,Personal,410000.0,36,0.0,Urban,1
LN2025108426,25,Male,Single,0,Salaried,0,34600.0,0.0,11700.0,703,Vehicle,620000.0,60,720000.0,Semi-Urban,0
LN2025102018,39,Female,Married,2,SENP,14,49700.0,0.0,0.0,642,Business,500000.0,12,680000.0,Semi-Urban,0
LN2025106615,46,Male,Married,2,SEP,18,82900.0,19000.0,34600.0,683,Vehicle,1110000.0,48,1130000.0,Rural,0
LN2025101120,39,Male,Married,0,SEP,11,52300.0,0.0,0.0,737,Vehicle,140000.0,36,150000.0,Urban,1
LN2025104380,34,Male,Married,2,Salaried,11,64700.0,0.0,10700.0,555,Personal,400000.0,60,0.0,Urban,0
LN2025101186,47,Male,Married,0,Salaried,24,50500.0,0.0,0.0,798,Personal,200000.0,12,0.0,Urban,1
LN2025102647,54,Female,Married,1,SENP,31,69300.0,0.0,3200.0,731,Vehicle,490000.0,60,520000.0,Rural,0
LN2025103119,32,Female,Married,1,Salaried,7,26000.0,0.0,3000.0,725,Personal,420000.0,36,0.0,Semi-Urban,0
LN2025106196,35,Male,Single,1,SEP,8,127700.0,0.0,0.0,742,Personal,1360000.0,24,0.0,Urban,1
LN2025100054,47,Transgender,Married,3,SENP,22,212000.0,22000.0,0.0,731,Home,7920000.0,180,19490000.0,Urban,1
LN2025106968,40,Male,Single,0,Salaried,18,116200.0,0.0,20100.0,646,Personal,1890000.0,12,0.0,Urban,0
LN2025102260,44,Male,Married,1,Salaried,22,55900.0,0.0,0.0,754,Personal,330000.0,60,0.0,Rural,1
LN2025107360,43,Male,Married,1,SEP,16,71500.0,0.0,31000.0,627,Personal,270000.0,48,0.0,Semi-Urban,0
LN2025103695,34,Male,Single,0,Salaried,11,31900.0,0.0,0.0,790,Personal,220000.0,48,0.0,Urban,1
LN2025107772,41,Female,Married,1,SEP,12,157300.0,33000.0,0.0,777,Home,5330000.0,180,8120000.0,Urban,1
LN2025102720,39,Male,Married,1,Salaried,15,103100.0,0.0,1900.0,744,Personal,750000.0,60,0.0,Rural,1
LN2025109239,42,Male,Married,2,SENP,17,68200.0,15600.0,0.0,668,Business,310000.0,12,850000.0,Semi-Urban,0
LN2025101173,48,Female,Married,2,SENP,22,126900.0,0.0,0.0,685,Home,3370000.0,180,6270000.0,Semi-Urban,1
LN2025101695,42,Male,Married,2,SENP,12,86800.0,0.0,18700.0,676,Vehicle,80000.0,24,110000.0,Urban,0
LN2025108937,23,Male,Single,0,Salaried,0,21300.0,0.0,3500.0,700,Personal,140000.0,36,0.0,Rural,0
LN2025103048,41,Male,Married,2,SENP,17,57700.0,0.0,0.0,812,Personal,310000.0,12,0.0,Urban,1
LN2025102846,33,Female,Married,0,Salaried,11,62100.0,0.0,16800.0,756,Home,2080000.0,300,2180000.0,Semi-Urban,0
LN2025103443,31,Unknown,Single,2,Salaried,10,40500.0,12200.0,10300.0,776,Home,1380000.0,300,2050000.0,Semi-Urban,1
LN2025106236,28,Female,Single,0,SEP,0,81300.0,21400.0,0.0,727,Home,5090000.0,300,9250000.0,Urban,0
LN2025106572,42,Male,Divorced,0,Salaried,22,25300.0,0.0,0.0,760,Personal,330000.0,36,0.0,Rural,1
LN2025100713,36,Male,Married,1,Salaried,15,28700.0,29800.0,0.0,758,Home,1180000.0,120,1400000.0,Urban,1
LN2025101513,35,Male,Married,0,SENP,15,64300.0,0.0,0.0,735,Personal,510000.0,48,0.0,Rural,1
LN2025101536,39,Female,Married,2,SEP,11,94600.0,0.0,0.0,-1,Vehicle,1120000.0,36,1340000.0,Urban,0
LN2025105924,53,Male,Married,1,SEP,26,66800.0,0.0,4400.0,612,Personal,310000.0,60,0.0,Semi-Urban,0
LN2025105549,34,Male,Married,2,SENP,13,83000.0,0.0,21700.0,783,Vehicle,390000.0,60,460000.0,Semi-Urban,1
LN2025106777,49,Male,Married,1,Salaried,28,76200.0,0.0,5000.0,691,Vehicle,540000.0,60,650000.0,Urban,1
LN2025103644,40,Male,Single,2,Salaried,16,42800.0,0.0,18900.0,739,Personal,510000.0,60,0.0,Urban,0
LN2025101480,38,Male,Married,2,Salaried,16,64700.0,0.0,14600.0,661,Vehicle,720000.0,60,760000.0,Urban,0
LN2025101252,35,Female,Married,1,Salaried,14,25900.0,0.0,4200.0,625,Personal,110000.0,24,0.0,Semi-Urban,0
LN2025109393,45,Female,Married,2,Salaried,22,93500.0,56600.0,25000.0,833,Home,3920000.0,180,4750000.0,Urban,1
LN2025104271,24,Male,Married,1,Salaried,2,35000.0,0.0,0.0,-1,Home,1010000.0,240,1090000.0,Urban,0
LN2025109111,45,Female,Unknown,3,Salaried,24,67100.0,0.0,1800.0,754,Vehicle,410000.0,60,520000.0,Rural,1
LN2025103025,39,Male,Married,2,SEP,12,161300.0,0.0,0.0,644,Personal,2510000.0,36,0.0,Urban,0
LN2025108877,33,Male,Single,3,Salaried,9,38200.0,0.0,0.0,710,Vehicle,440000.0,48,480000.0,Urban,0
LN2025103623,48,Female,Married,3,SENP,23,12800.0,0.0,0.0,750,Business,140000.0,48,220000.0,Rural,0
LN2025105337,44,Male,Married,0,SENP,23,116400.0,50000.0,0.0,703,Business,2950000.0,12,5930000.0,Urban,0
LN2025102919,39,Male,Unknown,0,Salaried,18,37500.0,0.0,0.0,-1,Vehicle,410000.0,60,570000.0,Rural,0
LN2025105824,34,Male,Married,1,SEP,6,98400.0,0.0,14100.0,743,Home,3660000.0,180,5490000.0,Rural,1
LN2025108466,37,Female,Single,2,SENP,9,40100.0,0.0,8300.0,600,Personal,490000.0,36,0.0,Rural,0
LN2025108155,35,Male,Married,2,Salaried,13,39200.0,0.0,1500.0,631,Personal,300000.0,48,0.0,Urban,0
LN2025109145,43,Male,Married,1,Salaried,12,35500.0,0.0,0.0,639,Home,1480000.0,120,1900000.0,Rural,0
LN2025104377,42,Male,Married,1,SEP,13,177800.0,0.0,0.0,820,Personal,1880000.0,24,0.0,Urban,1
LN2025107240,37,Female,Married,2,Salaried,13,52200.0,0.0,0.0,742,Vehicle,60000.0,12,70000.0,Urban,1
LN2025103422,32,Male,Married,1,Salaried,9,39100.0,14800.0,13500.0,667,Vehicle,830000.0,36,970000.0,Semi-Urban,0
LN2025106935,36,Female,Married,1,Salaried,12,29900.0,30300.0,0.0,783,Vehicle,340000.0,48,480000.0,Urban,1
LN2025100771,27,Male,Single,1,Salaried,3,92000.0,0.0,0.0,762,Personal,1220000.0,36,0.0,Semi-Urban,1
LN2025104391,26,Male,Married,3,SEP,0,34500.0,52800.0,0.0,787,Home,6570000.0,300,9560000.0,Rural,0
LN2025102661,25,Male,Married,3,Salaried,3,22700.0,37700.0,0.0,553,Vehicle,250000.0,48,250000.0,Rural,0
LN2025107738,25,Male,Single,0,Salaried,2,25300.0,0.0,600.0,756,Personal,130000.0,60,0.0,Urban,1
LN2025107819,21,Male,Single,0,Salaried,0,41300.0,0.0,0.0,754,Vehicle,570000.0,60,580000.0,Urban,0
LN2025107593,35,Male,Married,2,Salaried,10,22100.0,0.0,0.0,-1,Home,980000.0,300,1360000.0,Rural,0
LN2025108393,40,Male,Married,0,Salaried,16,45300.0,0.0,7800.0,774,Personal,350000.0,60,0.0,Semi-Urban,1
LN2025106082,43,Male,Married,2,Salaried,22,57900.0,0.0,18000.0,703,Vehicle,510000.0,84,670000.0,Urban,1
LN2025103427,45,Male,Married,1,SENP,23,95600.0,0.0,11400.0,760,Business,280000.0,48,0.0,Semi-Urban,1
LN2025108556,57,Female,Married,2,SENP,29,133000.0,26400.0,26000.0,692,Business,2790000.0,36,0.0,Semi-Urban,1
LN2025106026,32,Male,Married,1,Salaried,12,47600.0,0.0,6200.0,802,Vehicle,500000.0,60,660000.0,Urban,1
LN2025105697,38,Female,Married,2,Salaried,16,26600.0,24400.0,0.0,-1,Vehicle,530000.0,60,700000.0,Rural,1
LN2025104568,41,Male,Married,3,Salaried,16,23900.0,0.0,0.0,739,Home,570000.0,180,1070000.0,Rural,1
LN2025105253,51,Male,Married,0,SENP,25,195900.0,0.0,0.0,821,Personal,840000.0,60,0.0,Urban,1
LN2025103060,35,Female,Married,2,Salaried,9,50300.0,0.0,0.0,630,Personal,280000.0,12,0.0,Urban,0
LN2025107596,40,Male,Married,0,SEP,11,106400.0,17600.0,0.0,746,Home,3710000.0,180,8330000.0,Urban,1
LN2025107564,37,Male,Married,1,Salaried,15,66200.0,0.0,0.0,-1,Personal,230000.0,36,0.0,Rural,1
LN2025106048,31,Female,Single,0,Salaried,12,17000.0,0.0,3100.0,727,Personal,100000.0,36,0.0,Urban,1
LN2025104702,44,Female,Married,1,Salaried,21,44700.0,17300.0,0.0,738,Home,3050000.0,180,6130000.0,Semi-Urban,1
LN2025103369,34,Male,Single,0,Salaried,11,26100.0,27900.0,2400.0,768,Home,1270000.0,180,2190000.0,Urban,1
LN2025101682,42,Female,Married,3,Salaried,21,92400.0,50800.0,0.0,731,Home,4700000.0,180,6240000.0,Semi-Urban,1
LN2025105054,46,Male,Single,0,Salaried,20,80900.0,0.0,0.0,721,Vehicle,1270000.0,84,1690000.0,Urban,1
LN2025105370,25,Unknown,Married,2,Salaried,2,13700.0,0.0,3400.0,590,Personal,240000.0,60,0.0,Semi-Urban,0
LN2025104630,28,Male,Married,3,SEP,0,263300.0,44900.0,0.0,873,Home,11370000.0,360,20440000.0,Urban,0
LN2025105213,26,Male,Single,0,Salaried,8,47200.0,0.0,0.0,729,Vehicle,300000.0,36,340000.0,Urban,1
LN2025105846,35,Male,Married,0,Salaried,10,42800.0,66700.0,0.0,510,Vehicle,500000.0,60,700000.0,Urban,1
LN2025108705,49,Unknown,Married,0,SEP,19,92600.0,0.0,3700.0,706,Home,2220000.0,180,2980000.0,Urban,1
LN2025104481,45,Female,Married,2,SENP,24,62200.0,0.0,0.0,735,Vehicle,980000.0,60,1150000.0,Urban,1
LN2025105720,35,Male,Married,0,Salaried,13,80400.0,0.0,0.0,764,Vehicle,690000.0,60,840000.0,Semi-Urban,1
LN2025108723,54,Male,Married,3,SENP,26,62800.0,25900.0,0.0,772,Home,2700000.0,120,4590000.0,Semi-Urban,1
LN2025104661,32,Female,Single,0,SEP,3,167600.0,0.0,7600.0,-1,Business,2170000.0,36,0.0,Semi-Urban,0
LN2025108355,39,Male,Married,1,Salaried,17,42800.0,80200.0,0.0,752,Home,3230000.0,240,5320000.0,Rural,1
LN2025106561,55,Male,Married,1,SENP,30,145500.0,0.0,17000.0,797,Business,300000.0,36,440000.0,Urban,1
LN2025109082,36,Male,Married,1,Salaried,15,49000.0,21900.0,0.0,900,Personal,320000.0,48,0.0,Urban,1
LN2025103221,69,Male,Married,3,SEP,40,150000.0,0.0,0.0,703,Personal,1030000.0,24,0.0,Semi-Urban,0
LN2025100037,42,Male,Married,1,SENP,16,38100.0,38400.0,0.0,756,Home,5430000.0,120,11020000.0,Semi-Urban,0
LN2025106843,21,Male,Single,3,Salaried,0,24100.0,0.0,0.0,705,Personal,410000.0,36,0.0,Urban,1
LN2025103009,36,Male,Single,0,Salaried,15,22000.0,0.0,0.0,724,Home,720000.0,120,1260000.0,Urban,0
LN2025100273,32,Male,Married,3,Salaried,6,24000.0,0.0,8800.0,697,Personal,310000.0,60,0.0,Semi-Urban,0
LN2025106430,46,Female,Married,3,Salaried,22,41600.0,41800.0,39400.0,777,Vehicle,1820000.0,48,1980000.0,Rural,0
LN2025107120,28,Female,Single,3,Salaried,7,14800.0,0.0,0.0,754,Personal,130000.0,48,0.0,Rural,0
LN2025100903,30,Male,Single,1,Salaried,8,13700.0,0.0,1100.0,527,Personal,70000.0,60,0.0,Rural,0
LN2025108600,27,Female,Single,2,Salaried,4,19900.0,0.0,0.0,767,Vehicle,400000.0,60,460000.0,Semi-Urban,1
LN2025107767,30,Male,Married,1,Salaried,7,39500.0,0.0,0.0,628,Vehicle,890000.0,48,1250000.0,Urban,0
LN2025103998,36,Male,Married,1,Salaried,10,58500.0,50700.0,0.0,677,Vehicle,930000.0,48,1020000.0,Semi-Urban,0
LN2025107764,27,Male,Married,1,SEP,2,39000.0,34900.0,30100.0,699,Vehicle,500000.0,48,570000.0,Rural,0
LN2025101822,33,Male,Married,1,Salaried,12,32500.0,35500.0,12300.0,732,Home,3210000.0,240,4270000.0,Urban,0
LN2025106643,31,Female,Married,3,Salaried,7,58500.0,0.0,12300.0,747,Vehicle,80000.0,36,80000.0,Urban,1
LN2025100363,34,Male,Single,0,Salaried,13,209500.0,0.0,0.0,742,Personal,1460000.0,60,0.0,Urban,1
LN2025101663,35,Male,Married,1,Salaried,11,89900.0,0.0,30700.0,792,Personal,680000.0,48,0.0,Urban,1
LN2025105073,37,Male,Married,1,Salaried,17,106100.0,29400.0,23800.0,813,Home,2620000.0,240,3430000.0,Semi-Urban,1
LN2025108916,39,Female,Married,1,Salaried,15,77300.0,0.0,0.0,761,Vehicle,50000.0,24,50000.0,Semi-Urban,1
LN2025105530,36,Male,Married,3,SEP,6,55600.0,11600.0,15200.0,719,Home,2720000.0,300,3870000.0,Urban,0
LN2025104982,33,Male,Married,3,SENP,13,97800.0,75700.0,0.0,783,Business,580000.0,36,0.0,Urban,1
LN2025106750,44,Male,Married,2,Salaried,23,124900.0,0.0,23800.0,737,Vehicle,60000.0,36,70000.0,Semi-Urban,1
LN2025103647,36,Unknown,Married,2,Salaried,14,37400.0,0.0,0.0,805,Business,270000.0,24,0.0,Semi-Urban,1
LN2025100263,43,Female,Married,1,SENP,16,127200.0,0.0,0.0,652,Business,1420000.0,120,1960000.0,Urban,1
LN2025103453,27,Female,Married,3,Salaried,9,77900.0,0.0,0.0,748,Personal,390000.0,36,0.0,Urban,1
LN2025107930,27,Male,Single,0,SENP,2,11200.0,0.0,600.0,635,Business,110000.0,36,240000.0,Rural,0
LN2025102695,45,Male,Married,1,SEP,16,25300.0,30500.0,0.0,-1,Home,3140000.0,180,6060000.0,Rural,0
LN2025107698,30,Female,Single,0,Salaried,5,27900.0,0.0,0.0,687,Personal,530000.0,48,0.0,Urban,0
LN2025106170,51,Male,Widowed,0,SENP,30,51600.0,0.0,11100.0,748,Vehicle,130000.0,24,140000.0,Urban,1
LN2025109090,47,Male,Married,0,SENP,21,312900.0,61800.0,0.0,739,Home,10940000.0,180,13470000.0,Urban,0
LN2025100490,42,Female,Unknown,3,Salaried,17,34900.0,0.0,0.0,785,Personal,280000.0,24,0.0,Semi-Urban,1
LN2025109187,26,Male,Single,0,Salaried,4,30300.0,0.0,0.0,763,Home,1130000.0,120,1840000.0,Semi-Urban,1
LN2025104259,46,Male,Married,2,Salaried,22,80800.0,0.0,0.0,609,Personal,620000.0,60,0.0,Rural,0
LN2025104756,37,Male,Married,1,Salaried,16,37100.0,0.0,3700.0,800,Personal,350000.0,60,0.0,Semi-Urban,1
LN2025100432,39,Male,Married,2,Salaried,17,31300.0,0.0,0.0,-1,Home,770000.0,240,1510000.0,Rural,1
LN2025106796,31,Male,Single,0,Salaried,10,56100.0,97200.0,0.0,793,Home,6110000.0,180,11150000.0,Urban,1
LN2025101111,43,Female,Married,3,SENP,18,112500.0,61300.0,0.0,781,Business,790000.0,48,0.0,Urban,1
LN2025103387,31,Male,Married,2,Salaried,10,58600.0,0.0,13200.0,721,Personal,200000.0,24,0.0,Urban,1
LN2025106290,34,Female,Married,3,Salaried,13,46500.0,0.0,0.0,-1,Personal,270000.0,36,0.0,Urban,0
LN2025104823,43,Male,Married,2,Salaried,19,67100.0,0.0,0.0,714,Vehicle,450000.0,48,450000.0,Semi-Urban,1
LN2025107525,62,Male,Married,1,SENP,39,104000.0,0.0,0.0,705,Vehicle,70000.0,12,80000.0,Rural,1
LN2025109205,43,Male,Married,1,Salaried,22,65200.0,0.0,0.0,810,Home,2030000.0,180,2470000.0,Rural,1
LN2025107490,50,Female,Married,2,SEP,22,321500.0,0.0,0.0,734,Personal,3010000.0,24,0.0,Urban,1
LN2025102192,58,Male,Married,2,SENP,37,82900.0,0.0,11300.0,521,Business,1840000.0,60,4080000.0,Urban,0
LN2025105431,28,Male,Single,0,SENP,6,50350.0,0.0,0.0,800,Personal,160000.0,48,0.0,Rural,0
LN2025105453,35,Female,Married,2,SENP,6,28800.0,0.0,0.0,694,Business,170000.0,60,310000.0,Rural,0
LN2025106697,42,Male,Married,2,SENP,14,77500.0,26200.0,0.0,789,Personal,400000.0,60,0.0,Urban,1
LN2025106827,35,Male,Married,2,Salaried,14,108800.0,64000.0,0.0,739,Home,3580000.0,120,5260000.0,Urban,0
LN2025101810,23,Male,Single,0,SENP,4,16700.0,28300.0,0.0,726,Business,260000.0,60,0.0,Urban,0
LN2025100842,34,Male,Married,1,Salaried,13,90400.0,0.0,18300.0,818,Personal,2500000.0,60,0.0,Urban,0
LN2025100800,39,Male,Single,0,Salaried,15,78900.0,0.0,0.0,710,Personal,280000.0,48,0.0,Urban,1
LN2025109437,37,Male,Married,2,SENP,7,20500.0,42100.0,0.0,729,Business,300000.0,24,520000.0,Semi-Urban,0
LN2025105578,38,Female,Married,2,Salaried,15,31400.0,47400.0,7600.0,751,Vehicle,70000.0,12,70000.0,Semi-Urban,1
LN2025106489,46,Male,Married,1,SENP,22,108600.0,0.0,27700.0,737,Business,630000.0,12,0.0,Urban,0
LN2025105659,53,Male,Married,2,Salaried,28,151200.0,0.0,10200.0,757,Personal,930000.0,12,0.0,Rural,1
LN2025100379,37,Male,Married,3,SENP,14,80000.0,0.0,8000.0,720,Vehicle,1390000.0,60,1830000.0,Semi-Urban,1
LN2025102009,36,Male,Married,0,SENP,12,69600.0,37000.0,0.0,742,Business,870000.0,36,1220000.0,Semi-Urban,1
LN2025103079,26,Male,Married,1,Salaried,2,73700.0,0.0,3900.0,697,Vehicle,560000.0,84,620000.0,Urban,1
LN2025106165,41,Male,Married,2,Salaried,15,28900.0,0.0,0.0,724,Home,870000.0,180,1520000.0,Rural,1
LN2025107405,30,Female,Single,0,Salaried,8,41000.0,0.0,0.0,649,Personal,180000.0,60,0.0,Urban,0
LN2025103285,46,Male,Married,1,SENP,22,193300.0,0.0,42800.0,839,Home,4960000.0,180,10680000.0,Urban,1
LN2025103323,42,Male,Married,3,SEP,13,156300.0,16100.0,0.0,745,Home,7270000.0,240,9060000.0,Urban,0
LN2025103449,31,Male,Married,2,SENP,10,33400.0,0.0,0.0,804,Business,170000.0,36,0.0,Rural,1
LN2025104036,39,Male,Married,2,Salaried,15,63800.0,36300.0,18200.0,860,Personal,600000.0,24,0.0,Urban,1
LN2025108489,45,Male,Married,3,SENP,17,116400.0,25800.0,0.0,742,Home,7270000.0,240,10350000.0,Urban,1
LN2025104414,27,Female,Single,0,Salaried,7,22200.0,0.0,2300.0,728,Personal,50000.0,60,0.0,Semi-Urban,0
LN2025106721,41,Female,Married,2,Salaried,18,23300.0,27600.0,7800.0,801,Home,1690000.0,120,2210000.0,Rural,0
LN2025106675,33,Male,Married,3,Salaried,11,19900.0,0.0,0.0,640,Vehicle,100000.0,12,100000.0,Rural,1
LN2025108498,39,Male,Married,1,Salaried,14,27900.0,0.0,3300.0,764,Personal,230000.0,60,0.0,Semi-Urban,0
LN2025108230,35,Female,Married,1,Salaried,10,91800.0,0.0,0.0,799,Personal,1030000.0,24,0.0,Semi-Urban,1
LN2025103594,38,Male,Single,0,Salaried,13,53000.0,0.0,0.0,727,Personal,390000.0,60,0.0,Semi-Urban,1
LN2025104042,53,Male,Married,2,SENP,25,98400.0,0.0,0.0,730,Home,3430000.0,180,4930000.0,Rural,0
LN2025102905,36,Male,Married,2,Salaried,12,91300.0,0.0,7400.0,782,Personal,800000.0,24,0.0,Urban,1
LN2025103000,40,Male,Married,3,SENP,20,58000.0,0.0,0.0,595,Vehicle,900000.0,48,1180000.0,Urban,0
LN2025108906,34,Female,Married,3,Salaried,13,108600.0,28000.0,0.0,659,Personal,1130000.0,36,0.0,Urban,0
LN2025104901,39,Female,Married,2,Salaried,16,34400.0,57700.0,0.0,-1,Home,3050000.0,240,4160000.0,Urban,1
LN2025104320,45,Female,Married,3,SEP,16,139700.0,0.0,16400.0,741,Home,4640000.0,120,6210000.0,Semi-Urban,1
LN2025101026,29,Male,Married,3,Salaried,7,28900.0,59000.0,0.0,-1,Vehicle,940000.0,48,1150000.0,Rural,1
LN2025107052,47,Male,Married,1,Salaried,22,52500.0,15000.0,0.0,722,Personal,680000.0,36,0.0,Rural,0
LN2025105642,41,Male,Married,3,SEP,11,216600.0,55400.0,23900.0,674,Vehicle,1320000.0,36,1340000.0,Urban,1
LN2025109193,42,Male,Married,2,Salaried,20,115000.0,16400.0,0.0,778,Home,7590000.0,180,11300000.0,Urban,0
LN2025109532,37,Male,Married,3,Salaried,16,46000.0,0.0,0.0,-1,Home,1860000.0,120,2970000.0,Semi-Urban,0
LN2025108532,46,Female,Single,3,SEP,17,389500.0,23900.0,0.0,799,Business,3420000.0,24,8010000.0,Semi-Urban,1
LN2025102359,29,Male,Unknown,0,Salaried,7,32200.0,0.0,0.0,701,Home,1850000.0,240,2430000.0,Urban,0
LN2025107670,30,Male,Married,2,SEP,1,43300.0,0.0,0.0,714,Personal,360000.0,12,0.0,Urban,0
LN2025109334,29,Male,Single,0,Salaried,8,45800.0,0.0,17000.0,762,Vehicle,110000.0,60,120000.0,Semi-Urban,1
LN2025102997,41,Male,Married,3,Salaried,21,51200.0,0.0,0.0,713,Vehicle,580000.0,84,630000.0,Semi-Urban,1
LN2025103746,40,Male,Married,0,Salaried,16,45900.0,63100.0,0.0,766,Home,3290000.0,180,6000000.0,Rural,1
LN2025100390,33,Female,Married,2,Salaried,9,22300.0,0.0,3100.0,712,Personal,120000.0,36,0.0,Rural,1
LN2025103993,51,Male,Single,0,SENP,30,31900.0,26200.0,0.0,858,Home,2130000.0,120,2470000.0,Urban,1
LN2025104919,26,Male,Single,0,Salaried,3,38100.0,0.0,0.0,733,Home,500000.0,240,670000.0,Urban,1
LN2025101939,34,Male,Married,0,Salaried,12,58200.0,0.0,3100.0,772,Personal,250000.0,36,0.0,Semi-Urban,1
LN2025105958,33,Male,Married,1,Salaried,10,50500.0,35500.0,40400.0,750,Vehicle,760000.0,48,770000.0,Urban,0
LN2025101992,48,Male,Married,2,SENP,24,45600.0,12400.0,0.0,745,Personal,360000.0,36,0.0,Rural,1
LN2025107117,48,Male,Married,2,SENP,26,35500.0,0.0,0.0,869,Home,610000.0,180,900000.0,Rural,1
LN2025106689,20,Female,Single,0,Salaried,0,24100.0,22000.0,0.0,803,Home,770000.0,180,1020000.0,Semi-Urban,0
LN2025101319,29,Unknown,Married,2,Salaried,5,33100.0,49700.0,4700.0,737,Home,3940000.0,300,4270000.0,Urban,0
LN2025103177,52,Male,Married,0,SENP,24,99000.0,0.0,0.0,804,Business,1180000.0,84,2060000.0,Rural,1
LN2025103103,52,Female,Single,0,SENP,17,26900.0,0.0,10400.0,723,Business,140000.0,36,230000.0,Semi-Urban,0
LN2025105509,46,Male,Married,0,Salaried,26,108800.0,0.0,0.0,797,Personal,630000.0,60,0.0,Urban,1
LN2025104597,31,Female,Married,3,Salaried,5,35800.0,0.0,4600.0,813,Personal,210000.0,36,0.0,Urban,1
LN2025109612,37,Male,Married,1,Salaried,13,45200.0,30700.0,0.0,779,Home,2110000.0,240,4590000.0,Semi-Urban,1
LN2025104943,29,Male,Married,1,Salaried,7,71900.0,0.0,0.0,751,Personal,310000.0,24,0.0,Urban,1
LN2025108680,33,Male,Married,2,Salaried,9,61200.0,36800.0,0.0,803,Vehicle,120000.0,12,140000.0,Urban,1
LN2025100472,38,Male,Married,2,Salaried,15,75900.0,96900.0,33900.0,806,Home,8730000.0,240,12760000.0,Urban,1
LN2025101294,29,Male,Single,0,SENP,3,10300.0,0.0,0.0,757,Business,100000.0,24,240000.0,Urban,0
LN2025103613,20,Male,Single,0,Salaried,0,33400.0,0.0,0.0,735,Personal,250000.0,24,0.0,Semi-Urban,0
LN2025102677,33,Male,Married,2,SENP,4,77900.0,0.0,16000.0,837,Business,930000.0,48,1520000.0,Urban,1
LN2025101932,36,Male,Married,2,Salaried,11,37600.0,0.0,3700.0,778,Home,900000.0,240,1070000.0,Urban,1
LN2025109010,40,Male,Single,0,SENP,16,129500.0,0.0,0.0,-1,Business,2360000.0,24,0.0,Semi-Urban,0
LN2025102160,43,Male,Married,2,SENP,14,65100.0,0.0,0.0,795,Personal,630000.0,24,0.0,Semi-Urban,1
LN2025108043,39,Male,Married,2,Salaried,16,45800.0,16000.0,34000.0,699,Home,2010000.0,240,3410000.0,Semi-Urban,0
LN2025103162,38,Male,Married,1,Salaried,13,102800.0,31500.0,28600.0,800,Home,2730000.0,240,3810000.0,Urban,1
LN2025103135,26,Male,Married,0,SENP,1,38300.0,0.0,11200.0,773,Personal,420000.0,24,0.0,Urban,0
LN2025107039,30,Male,Married,2,Salaried,7,21000.0,0.0,1900.0,-1,Vehicle,160000.0,84,190000.0,Rural,1
LN2025101654,28,Female,Married,3,Salaried,6,42300.0,0.0,0.0,846,Vehicle,420000.0,60,430000.0,Urban,1
LN2025101222,42,Female,Married,1,Salaried,20,53200.0,25800.0,0.0,535,Business,320000.0,60,660000.0,Urban,0
LN2025101747,31,Female,Single,0,SEP,12,51900.0,0.0,0.0,747,Personal,500000.0,24,0.0,Rural,0
LN2025109574,32,Female,Married,3,Salaried,11,32900.0,0.0,0.0,778,Home,1170000.0,180,1950000.0,Urban,0
LN2025105890,40,Female,Married,3,Salaried,15,45700.0,22700.0,0.0,744,Vehicle,620000.0,36,640000.0,Urban,1
LN2025105033,34,Female,Married,0,Salaried,10,66300.0,0.0,10000.0,652,Personal,210000.0,60,0.0,Semi-Urban,1
LN2025106770,41,Male,Married,3,Salaried,17,145500.0,0.0,51400.0,732,Vehicle,1680000.0,60,2390000.0,Urban,1
LN2025102376,36,Female,Married,1,Salaried,12,72700.0,0.0,0.0,-1,Personal,570000.0,36,0.0,Semi-Urban,1
LN2025101669,47,Male,Married,0,SEP,21,169300.0,0.0,38100.0,764,Vehicle,60000.0,36,70000.0,Urban,1
LN2025104103,34,Male,Married,0,SENP,8,74400.0,45800.0,0.0,766,Business,340000.0,36,580000.0,Urban,1
LN2025103820,34,Female,Married,0,Salaried,9,29400.0,23500.0,0.0,744,Home,1130000.0,180,1380000.0,Urban,1
LN2025101944,35,Male,Married,3,Salaried,13,42300.0,12200.0,0.0,695,Home,3300000.0,240,5800000.0,Urban,1
LN2025103411,47,Female,Married,1,SENP,25,40900.0,0.0,3000.0,720,Business,570000.0,36,0.0,Semi-Urban,0
LN2025108892,41,Female,Married,2,Salaried,19,63200.0,0.0,25600.0,727,Personal,430000.0,48,0.0,Semi-Urban,0
LN2025107247,30,Female,Married,1,SEP,12,29600.0,0.0,0.0,661,Personal,330000.0,60,0.0,Urban,0
LN2025102388,42,Male,Married,1,SENP,22,114700.0,81400.0,60700.0,821,Vehicle,2410000.0,48,2840000.0,Urban,1
LN2025106472,48,Male,Married,3,Salaried,24,79800.0,0.0,6800.0,795,Home,5190000.0,120,8490000.0,Urban,0
LN2025101596,32,Male,Married,1,Salaried,10,38500.0,0.0,0.0,647,Vehicle,270000.0,36,320000.0,Semi-Urban,0
LN2025108303,34,Male,Married,3,SEP,6,57900.0,0.0,0.0,710,Vehicle,580000.0,84,710000.0,Urban,1
LN2025103751,46,Male,Married,2,SEP,18,94400.0,0.0,0.0,742,Home,2000000.0,180,5710000.0,Semi-Urban,1
LN2025108938,38,Male,Married,2,Salaried,17,69100.0,0.0,0.0,732,Personal,230000.0,36,0.0,Semi-Urban,1
LN2025100182,38,Male,Married,0,SENP,14,136800.0,33100.0,0.0,-1,Home,6710000.0,240,7980000.0,Urban,0
LN2025100457,33,Male,Married,3,SENP,5,108700.0,62600.0,0.0,811,Vehicle,120000.0,12,150000.0,Urban,1
LN2025101444,27,Male,Married,2,Salaried,2,77100.0,0.0,10100.0,-1,Home,3710000.0,240,4600000.0,Urban,0
LN2025104690,40,Male,Married,2,Salaried,17,81400.0,0.0,0.0,814,Personal,290000.0,36,0.0,Semi-Urban,1
LN2025101498,38,Male,Married,3,Salaried,13,67500.0,0.0,0.0,-1,Personal,680000.0,36,0.0,Urban,1
LN2025101761,29,Female,Unknown,3,Salaried,5,39500.0,28000.0,0.0,779,Personal,440000.0,48,0.0,Urban,1
LN2025103585,42,Female,Married,3,Salaried,19,64700.0,0.0,1300.0,712,Vehicle,540000.0,84,660000.0,Semi-Urban,1
LN2025101792,37,Female,Married,0,Salaried,15,48100.0,0.0,2500.0,699,Personal,1380000.0,48,0.0,Urban,0
LN2025107968,60,Male,Married,3,SENP,38,38500.0,18800.0,3200.0,702,Home,920000.0,360,1840000.0,Semi-Urban,0
LN2025107286,41,Female,Married,1,Salaried,18,90300.0,70100.0,0.0,785,Business,660000.0,24,0.0,Semi-Urban,1
LN2025109114,37,Male,Married,2,Salaried,14,20800.0,42900.0,0.0,760,Home,3420000.0,240,5240000.0,Semi-Urban,1
LN2025108407,35,Female,Married,1,SEP,6,94000.0,0.0,0.0,730,Vehicle,120000.0,24,140000.0,Rural,0
LN2025100058,28,Male,Married,0,Salaried,7,51900.0,55800.0,0.0,771,Home,4890000.0,240,9290000.0,Urban,1
LN2025103396,32,Male,Married,0,Salaried,11,21800.0,0.0,0.0,-1,Personal,70000.0,60,0.0,Rural,1
LN2025109551,35,Male,Single,0,SENP,8,60600.0,0.0,23500.0,672,Personal,280000.0,48,0.0,Urban,0
LN2025108057,48,Female,Widowed,0,SEP,19,213900.0,19200.0,46000.0,612,Vehicle,100000.0,36,110000.0,Urban,0
LN2025102151,35,Male,Married,1,SENP,8,24000.0,0.0,8800.0,614,Business,130000.0,84,190000.0,Urban,0
LN2025100130,24,Male,Single,0,SENP,0,23800.0,0.0,0.0,758,Personal,230000.0,36,0.0,Semi-Urban,0
LN2025106928,25,Female,Single,0,SENP,0,18700.0,80100.0,10700.0,737,Home,3250000.0,180,5130000.0,Urban,0
LN2025108125,44,Male,Married,1,Salaried,23,46600.0,25700.0,0.0,751,Personal,640000.0,36,0.0,Rural,0
LN2025107228,36,Female,Single,1,Salaried,14,27300.0,0.0,6000.0,737,Vehicle,80000.0,12,100000.0,Rural,1
LN2025106814,25,Male,Single,1,Salaried,0,32000.0,0.0,8100.0,659,Vehicle,250000.0,60,260000.0,Urban,0
LN2025104146,25,Male,Single,1,SENP,3,19600.0,0.0,4300.0,773,Business,240000.0,24,0.0,Urban,0
LN2025108347,43,Female,Married,2,Salaried,20,51300.0,0.0,11100.0,-1,Vehicle,330000.0,48,380000.0,Urban,1
LN2025102567,40,Female,Single,0,SENP,14,48200.0,0.0,0.0,651,Vehicle,60000.0,12,60000.0,Rural,1
LN2025106534,43,Male,Married,1,SEP,17,162900.0,0.0,47900.0,677,Vehicle,1680000.0,36,1720000.0,Semi-Urban,0
LN2025101219,42,Male,Married,3,SENP,23,88800.0,121200.0,28300.0,842,Business,900000.0,60,0.0,Semi-Urban,1
LN2025106855,37,Male,Married,3,SEP,7,227300.0,0.0,0.0,699,Personal,2320000.0,36,0.0,Semi-Urban,1
LN2025102976,31,Male,Single,0,Salaried,9,112000.0,0.0,0.0,711,Home,5280000.0,300,9400000.0,Urban,1
LN2025108007,42,Male,Married,0,SENP,18,147500.0,95700.0,22500.0,-1,Vehicle,4000000.0,60,5040000.0,Urban,1
LN2025106761,38,Male,Married,3,SENP,16,179200.0,0.0,0.0,752,Vehicle,90000.0,36,100000.0,Semi-Urban,1
LN2025108072,44,Female,Married,3,Salaried,24,75300.0,0.0,0.0,784,Personal,1120000.0,36,0.0,Rural,1
LN2025105014,35,Male,Married,1,Salaried,11,39100.0,0.0,3200.0,747,Personal,330000.0,60,0.0,Urban,1
LN2025109828,34,Female,Married,0,SENP,12,52400.0,0.0,0.0,667,Business,310000.0,48,0.0,Rural,0
LN2025101862,38,Male,Married,1,Salaried,12,81100.0,57800.0,0.0,825,Home,6120000.0,120,9990000.0,Semi-Urban,1
LN2025101366,24,Male,Single,0,Salaried,1,40800.0,0.0,6700.0,716,Vehicle,450000.0,60,530000.0,Semi-Urban,1
LN2025107904,38,Male,Married,3,Salaried,14,22300.0,30900.0,0.0,636,Home,1240000.0,120,1390000.0,Rural,0
LN2025103721,49,Male,Married,1,SEP,22,437300.0,0.0,0.0,782,Personal,4000000.0,12,0.0,Semi-Urban,0
LN2025100787,41,Male,Married,1,Salaried,19,97500.0,32200.0,0.0,734,Home,5880000.0,180,7520000.0,Urban,1
LN2025104214,33,Male,Married,2,Salaried,9,45300.0,0.0,12500.0,741,Personal,220000.0,36,0.0,Urban,1
LN2025108681,42,Female,Married,1,SEP,16,75900.0,33000.0,18900.0,692,Vehicle,1360000.0,48,1790000.0,Semi-Urban,0
LN2025107988,24,Male,Single,0,SEP,0,36900.0,0.0,0.0,-1,Vehicle,190000.0,60,240000.0,Urban,0
LN2025102957,30,Female,Married,2,SENP,6,69300.0,0.0,0.0,733,Vehicle,1310000.0,60,1430000.0,Semi-Urban,0
LN2025109418,45,Female,Married,1,SEP,16,127700.0,0.0,0.0,790,Home,5000000.0,120,9430000.0,Rural,1
LN2025102274,36,Female,Married,1,Salaried,12,32500.0,13800.0,0.0,722,Vehicle,670000.0,60,680000.0,Semi-Urban,0
LN2025107680,39,Male,Married,1,SENP,12,59100.0,0.0,0.0,610,Personal,790000.0,36,0.0,Urban,0
LN2025101228,39,Male,Married,1,Salaried,13,130900.0,52100.0,0.0,749,Home,6000000.0,240,10990000.0,Urban,1
LN2025100757,38,Female,Married,1,Salaried,17,32000.0,0.0,5300.0,591,Vehicle,290000.0,36,350000.0,Rural,0
LN2025104908,38,Male,Married,2,SEP,10,234800.0,41500.0,0.0,742,Home,18150000.0,300,32040000.0,Semi-Urban,1
LN2025107241,47,Female,Married,1,SEP,20,151900.0,0.0,0.0,-1,Vehicle,1010000.0,60,1330000.0,Urban,1
LN2025102719,55,Male,Married,2,Salaried,32,42800.0,43200.0,0.0,607,Vehicle,1060000.0,48,1260000.0,Rural,0
LN2025107442,35,Female,Married,2,SENP,13,53000.0,0.0,2300.0,729,Vehicle,350000.0,48,470000.0,Semi-Urban,1
LN2025109468,31,Male,Married,2,Salaried,7,81000.0,26300.0,11800.0,660,Personal,830000.0,48,0.0,Semi-Urban,0
LN2025100576,24,Male,Married,1,Salaried,2,40400.0,0.0,0.0,690,Personal,300000.0,24,0.0,Urban,0
LN2025105908,35,Male,Married,2,Salaried,13,112200.0,0.0,0.0,811,Home,3030000.0,300,4380000.0,Urban,1
LN2025108152,42,Female,Married,3,Salaried,19,91700.0,0.0,0.0,754,Home,2270000.0,180,3630000.0,Urban,1
LN2025101783,43,Male,Married,3,Salaried,20,34600.0,0.0,0.0,878,Personal,310000.0,36,0.0,Semi-Urban,1
LN2025104365,34,Male,Married,2,SENP,6,40000.0,27700.0,0.0,-1,Vehicle,590000.0,60,740000.0,Semi-Urban,1
LN2025106002,38,Male,Married,2,SENP,13,64200.0,0.0,0.0,654,Vehicle,780000.0,84,790000.0,Urban,1
LN2025100118,31,Female,Married,3,Salaried,6,32800.0,0.0,6300.0,678,Personal,110000.0,24,0.0,Semi-Urban,0
LN2025104542,45,Female,Married,3,SEP,15,81700.0,0.0,30600.0,687,Personal,310000.0,36,0.0,Urban,0
LN2025109373,32,Male,Married,1,Salaried,9,75500.0,31400.0,3600.0,834,Home,4380000.0,240,5080000.0,Semi-Urban,0
LN2025101793,40,Male,Married,0,Salaried,19,102200.0,0.0,0.0,731,Personal,2280000.0,36,0.0,Semi-Urban,0
LN2025104037,40,Male,Married,0,Salaried,19,42600.0,37700.0,0.0,-1,Vehicle,720000.0,36,900000.0,Semi-Urban,1
LN2025102583,25,Male,Single,3,Salaried,0,19500.0,17300.0,0.0,758,Home,890000.0,300,1510000.0,Semi-Urban,0
LN2025105644,47,Male,Married,0,SENP,21,26400.0,54200.0,13600.0,810,Home,2840000.0,180,4490000.0,Semi-Urban,1
LN2025105173,34,Female,Married,3,Salaried,12,44400.0,0.0,4600.0,751,Personal,220000.0,60,0.0,Urban,1
LN2025100258,36,Male,Married,1,Salaried,12,52700.0,0.0,0.0,573,Personal,280000.0,12,0.0,Urban,0
LN2025105917,47,Female,Married,3,SEP,19,105900.0,30300.0,0.0,760,Home,2780000.0,180,3880000.0,Semi-Urban,1
LN2025105560,49,Male,Married,0,SENP,25,116300.0,0.0,0.0,678,Business,1040000.0,12,0.0,Semi-Urban,0
LN2025108960,53,Male,Married,1,SENP,33,104100.0,0.0,0.0,822,Vehicle,120000.0,36,130000.0,Rural,1
LN2025105402,42,Male,Married,2,Salaried,20,113600.0,57700.0,52900.0,726,Home,4960000.0,180,6230000.0,Semi-Urban,1
LN2025107779,34,Male,Married,1,Salaried,12,50300.0,0.0,0.0,744,Vehicle,490000.0,84,530000.0,Urban,1
LN2025107986,25,Female,Single,0,Salaried,2,49000.0,0.0,0.0,812,Vehicle,490000.0,60,610000.0,Semi-Urban,1
LN2025104419,31,Male,Married,3,SEP,2,74900.0,0.0,0.0,749,Personal,680000.0,36,0.0,Urban,0
LN2025105396,40,Female,Single,0,Salaried,18,110900.0,0.0,0.0,683,Home,4630000.0,120,10310000.0,Urban,0
LN2025101785,52,Male,Married,3,SENP,29,187900.0,0.0,0.0,687,Business,2570000.0,60,5100000.0,Semi-Urban,1
LN2025107352,36,Female,Married,3,SENP,9,38800.0,43100.0,0.0,731,Vehicle,420000.0,60,1250000.0,Urban,1
LN2025104055,40,Male,Married,1,Salaried,15,15800.0,14300.0,0.0,645,Home,1440000.0,240,2240000.0,Rural,0
LN2025104933,42,Female,Married,1,Salaried,19,35100.0,0.0,0.0,890,Personal,90000.0,24,0.0,Urban,1
LN2025103428,44,Female,Married,2,Salaried,21,84400.0,0.0,0.0,819,Home,2130000.0,180,2620000.0,Urban,1
LN2025107257,39,Male,Single,0,SENP,17,77700.0,0.0,15100.0,695,Vehicle,370000.0,60,480000.0,Semi-Urban,0
LN2025105939,46,Male,Married,1,SENP,26,116900.0,11300.0,27500.0,701,Home,3320000.0,180,5900000.0,Semi-Urban,1
LN2025101829,34,Female,Married,1,SEP,6,66300.0,10000.0,22400.0,863,Business,620000.0,24,1720000.0,Semi-Urban,0
LN2025109809,26,Male,Married,2,Salaried,2,40500.0,54100.0,4300.0,720,Home,4830000.0,240,7750000.0,Urban,1
LN2025100400,23,Male,Single,0,Salaried,0,17800.0,0.0,3900.0,723,Vehicle,180000.0,60,240000.0,Urban,0
LN2025106932,32,Male,Single,0,SENP,6,62600.0,0.0,0.0,763,Vehicle,660000.0,48,720000.0,Urban,1
LN2025107513,39,Female,Married,1,Salaried,15,26400.0,0.0,0.0,723,Personal,250000.0,48,0.0,Rural,1
LN2025103367,26,Male,Single,0,SENP,4,28900.0,0.0,2600.0,722,Vehicle,590000.0,60,770000.0,Semi-Urban,0
LN2025101697,38,Female,Single,0,SEP,9,60300.0,0.0,0.0,763,Vehicle,300000.0,36,380000.0,Semi-Urban,1
LN2025103271,33,Male,Married,3,SEP,5,56800.0,0.0,0.0,762,Business,560000.0,24,0.0,Semi-Urban,1
LN2025101632,24,Female,Single,0,SENP,0,30200.0,0.0,3200.0,720,Business,160000.0,24,420000.0,Semi-Urban,0
LN2025105460,30,Male,Married,3,Salaried,9,75500.0,113100.0,12900.0,710,Vehicle,1220000.0,60,1720000.0,Urban,1
LN2025101207,69,Female,Married,1,SENP,44,153600.0,46500.0,0.0,759,Home,8040000.0,240,10240000.0,Urban,1
LN2025100672,40,Female,Married,2,Salaried,17,72500.0,0.0,0.0,847,Personal,430000.0,24,0.0,Urban,1
LN2025101925,50,Male,Unknown,2,Salaried,28,78800.0,0.0,18300.0,838,Vehicle,900000.0,48,1140000.0,Urban,1
LN2025104091,48,Female,Married,1,Salaried,23,108600.0,44000.0,12300.0,736,Home,6350000.0,120,10590000.0,Urban,1
LN2025107854,33,Male,Married,2,Salaried,11,63000.0,38400.0,22500.0,746,Vehicle,670000.0,60,700000.0,Urban,1
LN2025107335,33,Female,Married,2,SEP,3,108000.0,23800.0,10600.0,596,Personal,1500000.0,48,0.0,Semi-Urban,0
LN2025106913,49,Male,Married,0,SENP,23,195700.0,0.0,0.0,678,Personal,2320000.0,60,0.0,Semi-Urban,1
LN2025105516,45,Male,Married,3,SENP,22,72800.0,0.0,0.0,670,Business,830000.0,36,1930000.0,Urban,0
LN2025102794,42,Male,Divorced,0,SEP,13,86000.0,0.0,23500.0,767,Vehicle,230000.0,84,290000.0,Urban,1
LN2025108677,45,Female,Married,1,SEP,15,119900.0,0.0,4100.0,708,Business,510000.0,12,0.0,Rural,1
LN2025105488,48,Female,Married,3,Salaried,23,114700.0,0.0,0.0,784,Personal,1310000.0,36,0.0,Semi-Urban,1
LN2025104302,39,Female,Married,0,Salaried,14,48100.0,42900.0,11700.0,700,Vehicle,60000.0,36,70000.0,Urban,1
LN2025105529,49,Unknown,Married,2,SEP,22,56000.0,23700.0,38800.0,612,Home,4040000.0,180,6670000.0,Semi-Urban,0
LN2025100176,32,Male,Single,1,SEP,6,25700.0,0.0,2700.0,879,Business,190000.0,36,0.0,Semi-Urban,1
LN2025108009,20,Female,Single,2,Salaried,0,9300.0,15400.0,0.0,717,Home,660000.0,180,980000.0,Semi-Urban,0
LN2025102038,28,Male,Single,0,SENP,3,25000.0,24300.0,11600.0,693,Home,680000.0,240,980000.0,Urban,1
LN2025106277,47,Female,Widowed,0,SEP,21,99300.0,36200.0,37200.0,698,Home,3150000.0,180,7020000.0,Rural,1
LN2025100139,43,Female,Single,1,Salaried,21,58000.0,0.0,0.0,849,Vehicle,1080000.0,48,1240000.0,Rural,1
LN2025104971,49,Male,Married,1,SEP,23,198400.0,0.0,55700.0,-1,Personal,1120000.0,12,0.0,Rural,0
LN2025103871,28,Male,Married,1,Salaried,5,25500.0,35200.0,0.0,573,Vehicle,150000.0,48,200000.0,Urban,1
LN2025109217,43,Transgender,Married,1,SEP,14,42400.0,0.0,11000.0,724,Business,210000.0,60,0.0,Semi-Urban,0
LN2025107732,36,Male,Married,0,Salaried,14,73800.0,0.0,0.0,818,Vehicle,850000.0,60,990000.0,Urban,1
LN2025107995,56,Female,Married,1,Salaried,34,78700.0,0.0,8000.0,796,Personal,750000.0,48,0.0,Urban,1
LN2025102688,30,Female,Married,3,Salaried,6,26000.0,24100.0,19200.0,634,Home,3490000.0,240,4540000.0,Semi-Urban,0
LN2025104059,43,Male,Married,3,Salaried,19,101100.0,61500.0,19300.0,688,Personal,810000.0,36,0.0,Urban,1
LN2025106461,28,Female,Married,1,Salaried,5,54700.0,0.0,0.0,767,Personal,210000.0,24,0.0,Urban,1
LN2025108441,33,Male,Married,1,Salaried,7,19300.0,0.0,7500.0,-1,Home,790000.0,300,1150000.0,Semi-Urban,0
LN2025107871,40,Male,Married,0,SEP,12,47700.0,0.0,4600.0,807,Business,480000.0,24,0.0,Urban,0
LN2025103482,25,Female,Single,0,Salaried,0,43700.0,0.0,0.0,748,Vehicle,310000.0,84,410000.0,Urban,0
LN2025104739,45,Male,Married,1,SENP,17,383300.0,0.0,0.0,-1,Business,4370000.0,24,6910000.0,Rural,0
LN2025105142,29,Male,Single,0,Salaried,4,16300.0,0.0,0.0,773,Vehicle,190000.0,60,230000.0,Rural,1
LN2025103577,55,Male,Married,2,SEP,30,175700.0,0.0,5800.0,707,Personal,1540000.0,48,0.0,Rural,1
LN2025109458,44,Female,Married,1,SEP,14,68800.0,26200.0,9400.0,642,Home,3460000.0,180,4860000.0,Urban,0
LN2025100281,38,Female,Married,1,Salaried,15,67300.0,0.0,0.0,776,Personal,900000.0,60,0.0,Semi-Urban,1
LN2025108008,48,Male,Married,1,SEP,21,18000.0,0.0,0.0,755,Vehicle,400000.0,48,570000.0,Rural,0
LN2025108140,42,Female,Married,2,Salaried,18,67100.0,49700.0,18000.0,699,Home,3670000.0,180,5490000.0,Semi-Urban,1
LN2025108464,47,Female,Married,1,Salaried,25,115500.0,0.0,24100.0,663,Personal,740000.0,36,0.0,Urban,1
LN2025102711,35,Male,Married,3,Salaried,11,55100.0,0.0,5900.0,706,Personal,280000.0,24,0.0,Semi-Urban,1
LN2025109531,35,Male,Single,0,Salaried,10,40100.0,0.0,400.0,780,Personal,280000.0,12,0.0,Urban,0
LN2025105040,56,Male,Married,1,SENP,32,126600.0,0.0,0.0,770,Personal,1480000.0,36,0.0,Urban,1
LN2025100707,34,Male,Single,0,SENP,8,108400.0,0.0,0.0,668,Business,760000.0,36,1280000.0,Urban,1
LN2025107625,37,Male,Married,3,Salaried,13,78100.0,38900.0,0.0,757,Home,5610000.0,240,8300000.0,Urban,1
LN2025100383,41,Male,Married,2,SEP,15,109700.0,0.0,19300.0,754,Vehicle,690000.0,60,880000.0,Semi-Urban,1
LN2025104023,43,Male,Divorced,1,SENP,16,167300.0,0.0,12400.0,763,Business,1130000.0,48,0.0,Semi-Urban,1
LN2025105696,38,Female,Married,1,SEP,10,80000.0,0.0,0.0,791,Business,570000.0,24,1010000.0,Urban,1
LN2025109282,36,Male,Married,2,Salaried,12,74500.0,23900.0,0.0,779,Business,330000.0,36,450000.0,Urban,1
LN2025107269,42,Female,Married,0,SENP,14,42200.0,60100.0,8000.0,687,Home,2410000.0,240,3620000.0,Semi-Urban,1
LN2025107694,30,Female,Married,1,Salaried,4,31100.0,0.0,0.0,685,Business,280000.0,36,380000.0,Semi-Urban,1
LN2025107260,32,Female,Married,0,Salaried,9,66400.0,30400.0,0.0,797,Vehicle,930000.0,60,1150000.0,Semi-Urban,1
LN2025109476,31,Female,Married,3,Salaried,9,20900.0,0.0,0.0,801,Personal,100000.0,24,0.0,Semi-Urban,1
LN2025100520,44,Female,Married,3,SEP,16,192700.0,26700.0,0.0,783,Business,660000.0,24,1750000.0,Rural,1
LN2025100227,48,Female,Married,3,SEP,19,106500.0,0.0,0.0,-1,Vehicle,1320000.0,60,1530000.0,Urban,1
LN2025106450,31,Female,Married,3,SEP,5,30600.0,0.0,0.0,717,Vehicle,280000.0,84,290000.0,Urban,1
LN2025107927,47,Male,Married,1,SENP,21,18900.0,73800.0,0.0,632,Home,4750000.0,180,8160000.0,Urban,0
LN2025103855,34,Male,Married,2,Salaried,9,93100.0,41100.0,25000.0,694,Personal,720000.0,24,0.0,Semi-Urban,0
LN2025107136,41,Female,Married,0,Salaried,21,32000.0,0.0,0.0,786,Personal,150000.0,24,0.0,Semi-Urban,1
LN2025105815,35,Female,Married,2,SENP,14,19000.0,0.0,0.0,817,Business,100000.0,48,140000.0,Semi-Urban,1
LN2025103903,46,Male,Married,2,SENP,20,110000.0,23000.0,14900.0,812,Personal,960000.0,48,0.0,Urban,1
LN2025106980,37,Female,Single,0,Salaried,14,64700.0,38700.0,44900.0,800,Home,4200000.0,240,6600000.0,Urban,0
LN2025105866,44,Female,Married,0,SEP,17,127900.0,0.0,35900.0,821,Business,370000.0,36,0.0,Urban,1
LN2025103436,52,Female,Married,0,SENP,31,60800.0,0.0,0.0,795,Personal,640000.0,24,0.0,Semi-Urban,1
LN2025101820,24,Female,Single,0,SEP,0,59100.0,0.0,3100.0,-1,Home,1530000.0,300,2010000.0,Semi-Urban,0
LN2025106767,44,Male,Married,3,SEP,15,45200.0,0.0,0.0,716,Personal,460000.0,36,0.0,Rural,0
LN2025104254,50,Female,Unknown,0,SEP,20,120700.0,22000.0,33900.0,-1,Business,690000.0,60,1190000.0,Rural,1
LN2025104030,47,Male,Married,1,SENP,20,157800.0,0.0,0.0,631,Home,7360000.0,180,21030000.0,Semi-Urban,0
LN2025109390,35,Male,Married,0,SEP,8,68100.0,0.0,20200.0,691,Vehicle,480000.0,60,610000.0,Rural,0
LN2025102608,47,Female,Married,3,SENP,26,123600.0,0.0,15400.0,720,Business,510000.0,24,0.0,Semi-Urban,0
LN2025100873,54,Male,Married,0,Salaried,29,117800.0,0.0,9100.0,718,Home,2805000.0,120,8320000.0,Urban,0
LN2025102865,56,Male,Married,2,SEP,29,164400.0,0.0,0.0,718,Vehicle,1910000.0,84,2000000.0,Urban,1
LN2025104830,48,Male,Married,1,SENP,23,209000.0,0.0,35500.0,680,Business,1300000.0,12,0.0,Semi-Urban,0
LN2025105127,25,Female,Married,2,Salaried,2,35000.0,0.0,0.0,805,Home,2650000.0,180,4190000.0,Urban,0
LN2025108239,35,Male,Married,1,Salaried,14,76500.0,0.0,0.0,817,Personal,320000.0,36,0.0,Semi-Urban,1
LN2025102854,49,Male,Married,1,SENP,20,122600.0,0.0,32100.0,729,Business,1350000.0,48,0.0,Semi-Urban,1
LN2025101725,30,Male,Married,1,Salaried,5,30300.0,0.0,0.0,758,Personal,140000.0,24,0.0,Rural,1
LN2025103179,44,Female,Married,0,Salaried,23,51500.0,0.0,0.0,771,Business,1860000.0,60,0.0,Semi-Urban,0
LN2025106802,35,Male,Married,1,Salaried,9,87900.0,55600.0,0.0,741,Personal,2000000.0,36,0.0,Urban,1
LN2025105448,29,Male,Single,0,Salaried,8,44600.0,0.0,13100.0,759,Vehicle,630000.0,48,790000.0,Urban,0
LN2025101285,36,Female,Married,2,SEP,6,212100.0,87700.0,0.0,786,Home,8110000.0,300,18020000.0,Urban,1
LN2025102248,49,Female,Married,2,SEP,21,107200.0,11500.0,37700.0,-1,Business,1920000.0,84,3720000.0,Rural,0
LN2025101239,30,Male,Married,1,Salaried,7,27300.0,21300.0,0.0,818,Vehicle,70000.0,36,90000.0,Urban,1
LN2025109800,33,Male,Single,0,Salaried,10,40800.0,0.0,0.0,-1,Personal,800000.0,24,0.0,Rural,0
LN2025109202,48,Male,Divorced,2,Salaried,26,99700.0,0.0,0.0,595,Vehicle,880000.0,48,1020000.0,Urban,0
LN2025106232,46,Female,Married,2,Salaried,25,51400.0,0.0,7600.0,755,Vehicle,440000.0,60,590000.0,Urban,1
LN2025102657,40,Female,Married,3,Salaried,16,35300.0,0.0,0.0,783,Vehicle,130000.0,24,150000.0,Urban,1
LN2025101557,42,Male,Married,1,Salaried,19,56500.0,0.0,0.0,724,Vehicle,490000.0,84,650000.0,Urban,1
LN2025102190,44,Male,Married,3,SENP,15,86200.0,0.0,0.0,-1,Home,2970000.0,300,4430000.0,Semi-Urban,0
LN2025106320,40,Male,Single,0,SENP,13,41500.0,0.0,0.0,737,Personal,260000.0,36,0.0,Rural,1
LN2025108111,38,Female,Married,3,Salaried,15,31200.0,0.0,0.0,620,Personal,330000.0,36,0.0,Urban,0
LN2025106187,27,Female,Married,0,Salaried,4,35300.0,56300.0,0.0,-1,Home,2460000.0,300,4970000.0,Urban,1
LN2025102808,30,Female,Married,2,SENP,6,116500.0,0.0,31300.0,844,Business,1040000.0,48,2200000.0,Semi-Urban,1
LN2025105170,33,Male,Married,1,Salaried,9,34600.0,0.0,0.0,678,Personal,240000.0,36,0.0,Urban,1
LN2025101189,33,Female,Married,2,Salaried,12,33800.0,25800.0,0.0,810,Home,1800000.0,240,1920000.0,Rural,0
LN2025101880,32,Female,Married,3,Salaried,7,23300.0,0.0,0.0,773,Personal,120000.0,36,0.0,Urban,1
LN2025109314,42,Male,Married,2,Salaried,18,58600.0,0.0,0.0,820,Vehicle,360000.0,36,380000.0,Urban,1
LN2025106255,23,Female,Single,0,Salaried,0,46900.0,0.0,0.0,754,Vehicle,520000.0,48,580000.0,Urban,0
LN2025103205,37,Male,Married,1,SEP,11,34500.0,20900.0,0.0,705,Home,1640000.0,180,3170000.0,Semi-Urban,1
LN2025100053,27,Male,Single,0,Salaried,3,46600.0,0.0,0.0,717,Home,1440000.0,120,2420000.0,Urban,1
LN2025102894,36,Male,Married,3,SEP,8,55000.0,0.0,0.0,733,Vehicle,390000.0,36,520000.0,Rural,1
LN2025107255,26,Female,Single,0,Salaried,5,44600.0,0.0,4000.0,651,Personal,420000.0,60,0.0,Urban,0
LN2025105988,41,Female,Married,3,SENP,20,106700.0,24400.0,0.0,782,Business,1320000.0,120,1870000.0,Semi-Urban,1
LN2025100872,57,Female,Married,3,SEP,27,43200.0,18800.0,0.0,724,Home,2410000.0,300,3510000.0,Rural,0
LN2025103234,43,Female,Married,0,SEP,17,37000.0,0.0,3600.0,673,Personal,160000.0,36,0.0,Urban,0
LN2025101070,26,Unknown,Single,0,Salaried,1,32800.0,0.0,0.0,812,Vehicle,280000.0,60,370000.0,Urban,1
LN2025103220,23,Male,Single,0,Salaried,0,18600.0,0.0,0.0,742,Personal,70000.0,36,0.0,Urban,0
LN2025106959,37,Female,Married,1,Salaried,13,65400.0,0.0,3600.0,657,Personal,580000.0,12,0.0,Urban,0
LN2025105341,45,Male,Married,3,Salaried,20,48800.0,0.0,5700.0,616,Home,1320000.0,120,1880000.0,Urban,0
LN2025101075,27,Male,Married,3,Salaried,9,53100.0,19500.0,2900.0,702,Vehicle,750000.0,48,990000.0,Semi-Urban,1
LN2025100703,28,Female,Single,2,SENP,0,12800.0,23100.0,0.0,-1,Business,100000.0,36,0.0,Rural,0
LN2025102814,33,Male,Married,3,SEP,2,162600.0,52300.0,0.0,900,Personal,2970000.0,48,0.0,Urban,0
LN2025105931,39,Male,Married,2,Salaried,17,34900.0,0.0,0.0,776,Home,760000.0,180,1150000.0,Semi-Urban,1
LN2025105011,43,Male,Married,3,Salaried,21,73300.0,0.0,0.0,-1,Personal,600000.0,60,0.0,Urban,1
LN2025105433,65,Male,Divorced,0,SENP,44,51200.0,0.0,0.0,772,Business,880000.0,84,0.0,Semi-Urban,0
LN2025106242,23,Male,Single,0,Salaried,0,33200.0,0.0,13600.0,816,Personal,180000.0,48,0.0,Semi-Urban,0
LN2025106319,40,Female,Married,0,SEP,12,101500.0,0.0,0.0,820,Business,340000.0,48,730000.0,Urban,1
LN2025105183,46,Male,Married,3,SENP,23,98400.0,0.0,0.0,-1,Business,1480000.0,120,3720000.0,Urban,1
LN2025107524,35,Male,Married,1,Salaried,14,43300.0,0.0,0.0,723,Personal,310000.0,36,0.0,Urban,1
LN2025107331,29,Female,Single,0,SEP,0,51500.0,0.0,7200.0,659,Vehicle,300000.0,48,360000.0,Urban,0
LN2025101485,43,Male,Widowed,0,Salaried,20,51400.0,45600.0,0.0,568,Home,3350000.0,180,4510000.0,Urban,0
LN2025106804,57,Transgender,Married,2,SEP,28,244000.0,0.0,0.0,768,Business,4620000.0,36,7940000.0,Urban,1
LN2025107906,46,Female,Married,2,SENP,22,168400.0,32700.0,94100.0,712,Vehicle,1660000.0,60,2050000.0,Urban,1
